path,links,title
/miscellaneous/100magn.htm,0/1,?
/miscellaneous/100magn.html,0/2,?
/miscellaneous/23august.html,1/2,Stadionul 23 August/Stadionul National
/miscellaneous/aaatwi-intl.html,0/1,?
/miscellaneous/aabegglen-intlg.html,0/2,?
/miscellaneous/aahughes-intl.html,0/4,?
/miscellaneous/aaquilani-intl.html,0/2,?
/miscellaneous/aasanchez-intlg.html,0/4,?
/miscellaneous/aashfaq-intlg.html,0/4,?
/miscellaneous/abdadeep-intlg.html,0/2,?
/miscellaneous/abdeljawad-intlg.html,0/3,?
/miscellaneous/abdullah-intl.html,0/4,?
/miscellaneous/abedzadeh-intl.html,0/1,?
/miscellaneous/abeier-intl.html,0/3,Albert 'Ali' Beier - International Appearances
/miscellaneous/abelardo-intl.html,0/2,?
/miscellaneous/aberezutskiy-intl.html,0/2,?
/miscellaneous/aboka-intl.html,0/1,?
/miscellaneous/aboutraika-intlg.html,0/3,?
/miscellaneous/abramczik-intl.html,0/2,?
/miscellaneous/abreu-intlg.html,0/1,?
/miscellaneous/abtraore-intlg.html,0/3,?
/miscellaneous/achola-intlg.html,0/4,?
/miscellaneous/acimovic-intlg.html,0/2,?
/miscellaneous/aconte-intl.html,0/1,?
/miscellaneous/acuna-intl.html,0/3,?
/miscellaneous/adam-intlg.html,0/5,?
/miscellaneous/adamec-intl.html,0/1,?
/miscellaneous/adams-intl.html,0/1,?
/miscellaneous/adebayor-intlg.html,0/2,?
/miscellaneous/ademir-intlg.html,0/2,?
/miscellaneous/adeshina-intl.html,0/1,?
/miscellaneous/adosari-intl.html,0/3,?
/miscellaneous/advocaat-cintl.html,0/2,?
/miscellaneous/aelmohammadi-intl.html,0/1,?
/miscellaneous/aepureanu-intl.html,0/4,?
/miscellaneous/aevidal-intlg.html,0/3,?
/miscellaneous/afathi-intl.html,0/3,?
/miscellaneous/afcunoffintl.html,18/3,Asian National Teams - Information and Trivia on Unofficial Matches
/miscellaneous/afellay-intl.html,0/1,?
/miscellaneous/aferraris-intl.html,0/2,Attilio Ferraris - International Appearances
/miscellaneous/afg-arezou-intlg.html,0/2,?
/miscellaneous/afoni-intl.html,0/1,?
/miscellaneous/afr-poy.html,35/4,African Player of the Year
/miscellaneous/afr-toy.html,1/2,African National Team of the Year
/miscellaneous/afr-wpoy.html,1/2,African Women Player of the Year
/miscellaneous/afranz-intl.html,0/2,?
/miscellaneous/afriedrich-intl.html,0/2,?
/miscellaneous/afrpoy00.html,0/1,?
/miscellaneous/afrpoy01.html,0/1,?
/miscellaneous/afrpoy02.html,0/1,?
/miscellaneous/afrpoy03.html,0/1,?
/miscellaneous/afrpoy04.html,0/1,?
/miscellaneous/afrpoy70.html,0/1,?
/miscellaneous/afrpoy71.html,0/1,?
/miscellaneous/afrpoy72.html,0/1,?
/miscellaneous/afrpoy73.html,0/1,?
/miscellaneous/afrpoy74.html,0/1,?
/miscellaneous/afrpoy75.html,0/1,?
/miscellaneous/afrpoy76.html,0/1,?
/miscellaneous/afrpoy77.html,0/1,?
/miscellaneous/afrpoy78.html,0/1,?
/miscellaneous/afrpoy79.html,0/1,?
/miscellaneous/afrpoy80.html,0/1,?
/miscellaneous/afrpoy81.html,0/1,?
/miscellaneous/afrpoy82.html,0/1,?
/miscellaneous/afrpoy83.html,0/1,?
/miscellaneous/afrpoy84.html,0/1,?
/miscellaneous/afrpoy85.html,0/1,?
/miscellaneous/afrpoy86.html,0/1,?
/miscellaneous/afrpoy87.html,0/1,?
/miscellaneous/afrpoy88.html,0/1,?
/miscellaneous/afrpoy89.html,0/1,?
/miscellaneous/afrpoy90.html,0/1,?
/miscellaneous/afrpoy91.html,0/2,?
/miscellaneous/afrpoy92.html,0/1,?
/miscellaneous/afrpoy93.html,0/1,?
/miscellaneous/afrpoy94.html,0/1,?
/miscellaneous/afrpoy96.html,0/1,?
/miscellaneous/afrpoy97.html,0/1,?
/miscellaneous/afrpoy98.html,0/1,?
/miscellaneous/afrpoy99.html,0/1,?
/miscellaneous/afstop100.html,0/1,?
/miscellaneous/agaev-intl.html,0/2,?
/miscellaneous/aghili-intlg.html,0/1,?
/miscellaneous/agius-intl.html,0/4,?
/miscellaneous/agius2-intl.html,0/4,?
/miscellaneous/agoerlitz-intl.html,0/2,?
/miscellaneous/agoertz-intl.html,0/2,?
/miscellaneous/agoos-intl.html,0/3,?
/miscellaneous/aguero-intlg.html,0/5,?
/miscellaneous/aguinaga-intl.html,0/3,?
/miscellaneous/agunnarsson-intl.html,0/4,?
/miscellaneous/agyan-intlg.html,0/4,?
/miscellaneous/ahaan-intl.html,0/1,?
/miscellaneous/ahassan-intl.html,0/3,?
/miscellaneous/ahinkel-intl.html,0/2,?
/miscellaneous/ahleb-intl.html,0/2,?
/miscellaneous/ahorvath-intl.html,0/2,?
/miscellaneous/ahuber-intlg.html,0/1,?
/miscellaneous/ailie-intl.html,0/1,?
/miscellaneous/aivanov-intl.html,0/3,?
/miscellaneous/ajaeger-intlg.html,1/3,Adolf Jäger - Goals in International Matches
/miscellaneous/ajmi-intl.html,0/3,?
/miscellaneous/ajuliano-intl.html,0/2,?
/miscellaneous/ajuskowiak-intl.html,0/2,?
/miscellaneous/ake-intl.html,0/1,?
/miscellaneous/akeck-intl.html,0/1,?
/miscellaneous/akhmedov-intl.html,0/2,?
/miscellaneous/aki-s-intl.html,0/2,?
/miscellaneous/akinfeyev-intl.html,0/4,?
/miscellaneous/akkeita-intlg.html,0/1,?
/miscellaneous/akkersdijk-intl.html,2/3,Jan Akkersdĳk - International Appearances
/miscellaneous/aklingler-intl.html,0/2,?
/miscellaneous/akoerner-intl.html,0/1,?
/miscellaneous/akram-intlg.html,0/3,?
/miscellaneous/akwa-intlg.html,0/3,?
/miscellaneous/akyel-intl.html,0/1,?
/miscellaneous/alaba-intl.html,0/3,?
/miscellaneous/alala-intl.html,0/1,?
/miscellaneous/alataiqi-intlg.html,0/3,?
/miscellaneous/alba-agolli-intl.html,0/2,?
/miscellaneous/alba-hysaj-intl.html,1/3,Elseid Gëzim Hysaj - International Appearances
/miscellaneous/alba-lila-intl.html,0/2,?
/miscellaneous/alba-recintlp.html,26/5,Albania - Record International Players
/miscellaneous/alba-salihi-intl.html,0/2,?
/miscellaneous/albert-intlg.html,0/3,?
/miscellaneous/albertini-intl.html,0/1,?
/miscellaneous/albertosi-intl.html,0/1,?
/miscellaneous/albertz-intl.html,0/2,?
/miscellaneous/aldair-intl.html,0/1,?
/miscellaneous/aldekheel-intlg.html,0/3,?
/miscellaneous/alderweireld-intl.html,0/4,?
/miscellaneous/aldhabit-intlg.html,0/5,?
/miscellaneous/aleinikov-intl.html,0/2,?
/miscellaneous/alenazi-intlg.html,0/4,?
/miscellaneous/alenichev-intl.html,0/2,?
/miscellaneous/alens-intl.html,0/2,?
/miscellaneous/alenz-intl.html,0/2,?
/miscellaneous/alexanco-intl.html,0/2,?
/miscellaneous/alexandersson-intl.html,0/4,?
/miscellaneous/alfonso-intlg.html,0/2,?
/miscellaneous/alg-amoura-intlg.html,0/1,?
/miscellaneous/alg-assad-intl.html,0/1,?
/miscellaneous/alg-atal-intl.html,0/1,?
/miscellaneous/alg-belaili-intlg.html,0/1,?
/miscellaneous/alg-belhadj-intl.html,0/1,?
/miscellaneous/alg-bennacer-intlg.html,0/1,?
/miscellaneous/alg-bensaoula-intlg.html,0/1,?
/miscellaneous/alg-bensebaini-intlg.html,0/1,?
/miscellaneous/alg-bentaleb-intl.html,0/1,?
/miscellaneous/alg-betrouni-intl.html,0/1,?
/miscellaneous/alg-bougherra-intl.html,0/1,?
/miscellaneous/alg-bounedjah-intlg.html,0/2,?
/miscellaneous/alg-brahimi-intlg.html,0/1,?
/miscellaneous/alg-cerbah-intl.html,0/1,?
/miscellaneous/alg-coach.html,0/2,?
/miscellaneous/alg-feghouli-intlg.html,0/1,?
/miscellaneous/alg-fergani-intl.html,0/1,?
/miscellaneous/alg-guedioura-intl.html,0/1,?
/miscellaneous/alg-guendouz-intl.html,0/1,?
/miscellaneous/alg-hyahi-intl.html,0/1,?
/miscellaneous/alg-khedis-intl.html,0/1,?
/miscellaneous/alg-lalmas-intlg.html,0/1,?
/miscellaneous/alg-mahrez-intlg.html,0/3,?
/miscellaneous/alg-mandi-intlg.html,0/3,?
/miscellaneous/alg-mansouri-intl.html,0/1,?
/miscellaneous/alg-mbolhi-intl.html,0/2,?
/miscellaneous/alg-medjani-intl.html,0/1,?
/miscellaneous/alg-megharia-intl.html,0/1,?
/miscellaneous/alg-ouazzani-intl.html,0/1,?
/miscellaneous/alg-recintlp.html,0/4,?
/miscellaneous/alg-saib-intl.html,0/1,?
/miscellaneous/alg-saifi-intl.html,0/1,?
/miscellaneous/alg-slimani-intlg.html,0/4,?
/miscellaneous/alg-soudani-intlg.html,0/1,?
/miscellaneous/alg-yahia-intl.html,0/1,?
/miscellaneous/alg-zerrouki-intlg.html,0/1,?
/miscellaneous/alg-ziani-intl.html,0/1,?
/miscellaneous/algfran-recintlp.html,0/3,?
/miscellaneous/alhosni-intlg.html,0/5,?
/miscellaneous/alibaba-intl.html,0/3,?
/miscellaneous/alima-intl.html,0/1,?
/miscellaneous/alinono-intlg.html,0/2,?
/miscellaneous/aliqulov-intl.html,0/1,?
/miscellaneous/aljaber-intlg.html,0/6,?
/miscellaneous/alkhatib-intlg.html,0/2,?
/miscellaneous/alkord-intlg.html,0/1,?
/miscellaneous/alkorta-intl.html,0/2,?
/miscellaneous/all-europe.html,10/9,European Cups Trivia
/miscellaneous/allemandi-intl.html,0/1,?
/miscellaneous/allgoewer-intl.html,0/3,?
/miscellaneous/alltime-tops.html,34/4,List of League All-Time Topscorers
/miscellaneous/aloneftis-intlg.html,0/2,?
/miscellaneous/alpay-intl.html,0/2,?
/miscellaneous/alqahtani-intlg.html,0/4,?
/miscellaneous/altafini-intlg.html,0/2,?
/miscellaneous/altidore-intlg.html,0/4,?
/miscellaneous/altmeyer-intlg.html,0/1,?
/miscellaneous/altobelli-intlg.html,0/2,?
/miscellaneous/alvarez-intl.html,0/3,?
/miscellaneous/amancio-intlg.html,0/2,?
/miscellaneous/amardeep-intlg.html,0/3,?
/miscellaneous/amaxim-intl.html,0/1,?
/miscellaneous/amazzola-intlg.html,0/2,?
/miscellaneous/ambrosini-intl.html,0/2,?
/miscellaneous/amgallego-intl.html,0/2,?
/miscellaneous/amor-intl.html,0/2,?
/miscellaneous/amramzy-intl.html,0/1,?
/miscellaneous/amrzaki-intlg.html,0/2,?
/miscellaneous/amsam-salapu-intl.html,0/2,?
/miscellaneous/amuehren-intl.html,0/3,?
/miscellaneous/anastasi-intlg.html,0/2,?
/miscellaneous/ancelotti-intl.html,0/2,?
/miscellaneous/anderiesen-intl.html,1/3,Wim Anderiesen - International Appearances
/miscellaneous/anderton-intl.html,0/1,?
/miscellaneous/ando-recintlp.html,16/5,Andorra - Record International Players
/miscellaneous/ando-sannicolas-intl.html,1/3,Moisés San Nicolás - International Appearances
/miscellaneous/ando-stadiums.html,1/2,Andorra - Stadiums
/miscellaneous/ando-vales-intl.html,0/4,?
/miscellaneous/ando-vieira-intl.html,0/4,?
/miscellaneous/andone-intl.html,0/1,?
/miscellaneous/andorival.html,1/1,Andorra - Football rivalries
/miscellaneous/andreolo-intl.html,0/1,?
/miscellaneous/angelucci-intl.html,0/1,?
/miscellaneous/angloma-intl.html,0/2,?
/miscellaneous/ango-recintlp.html,0/3,?
/miscellaneous/anita-intl.html,0/4,?
/miscellaneous/annovazzi-intl.html,0/1,?
/miscellaneous/anoul-intlg.html,0/1,?
/miscellaneous/antognoni-intl.html,0/1,?
/miscellaneous/anyukov-intl.html,0/1,?
/miscellaneous/aogo-intl.html,0/2,?
/miscellaneous/aogris-intl.html,0/2,?
/miscellaneous/aortega-intlg.html,0/2,?
/miscellaneous/apfeffer-intl.html,0/2,?
/miscellaneous/apolloni-intl.html,0/1,?
/miscellaneous/apopovich-intl.html,0/3,?
/miscellaneous/apostolakis-intl.html,0/3,?
/miscellaneous/appel-intlg.html,0/3,?
/miscellaneous/arango-intlg.html,0/3,?
/miscellaneous/arconada-intl.html,0/2,?
/miscellaneous/areinhardt-intl.html,0/2,?
/miscellaneous/arena-cintl.html,0/1,?
/miscellaneous/arg-allstars.html,1/2,Argentina - All Stars Matches
/miscellaneous/arg-banega-intl.html,0/2,?
/miscellaneous/arg-biglia-intl.html,0/2,?
/miscellaneous/arg-coach-triv.html,0/2,?
/miscellaneous/arg-corbatta-intlg.html,0/2,?
/miscellaneous/arg-honourround.html,4/2,Argentina - Vueltas Olímpicas in League
/miscellaneous/arg-jmmoreno-intlg.html,0/2,?
/miscellaneous/arg-keepergoals.html,1/2,Argentina - Goals Scored by Goalkeepers in League
/miscellaneous/arg-lmartinez-intlg.html,0/3,?
/miscellaneous/arg-nmendez-intlg.html,0/2,?
/miscellaneous/arg-olympicgoals.html,1/2,Argentina - Goles Olímpicos in League
/miscellaneous/arg-otamendi-intl.html,0/3,?
/miscellaneous/arg-pod.html,1/2,Argentina - Player of the Decade
/miscellaneous/arg-pontoni-intlg.html,0/2,?
/miscellaneous/arg-poy.html,1/2,Argentina - Player of the Year
/miscellaneous/arg-recintlp.html,48/4,Argentina - Record International Players
/miscellaneous/arg-rojo-intl.html,0/2,?
/miscellaneous/arg-squad-sachamp.html,2/4,Argentine Squads in the Copa Américas
/miscellaneous/arg-squad-wc.html,0/3,?
/miscellaneous/arg-sromero-intl.html,0/3,?
/miscellaneous/arg-tarasconi-intlg.html,0/3,Domingo Alberto Tarasconi - Goals in International Matches
/miscellaneous/arg-zabaleta-intl.html,0/2,?
/miscellaneous/argital-recintlp.html,0/6,Argentines in the Italian National Team
/miscellaneous/argnick.html,1/3,Argentina - Club Nicknames
/miscellaneous/argworld.html,0/1,?
/miscellaneous/arjumaa-intlg.html,0/3,?
/miscellaneous/arme-recintlp.html,9/4,Armenia - Record International Players
/miscellaneous/arme-stadiums.html,1/2,Armenia - Stadiums
/miscellaneous/arnautovic-intl.html,0/4,?
/miscellaneous/arondon-intl.html,0/1,?
/miscellaneous/arshavin-intlg.html,0/1,?
/miscellaneous/artime-intlg.html,0/2,?
/miscellaneous/arzumanyan-intl.html,0/2,?
/miscellaneous/as-poy.html,2/2,Asian Player of the Year
/miscellaneous/as-toy.html,1/2,Asian National Team of the Year
/miscellaneous/asamoah-intl.html,0/2,?
/miscellaneous/asanovic-intl.html,0/3,?
/miscellaneous/asantos-intlg.html,0/1,?
/miscellaneous/aschall-intlg.html,0/1,?
/miscellaneous/aschyl-intl.html,1/2,Ernst Happel - International Appearances
/miscellaneous/aselva-intl.html,0/3,?
/miscellaneous/ashcole-intl.html,0/3,?
/miscellaneous/asix-intl.html,0/1,?
/miscellaneous/aspoy84.html,0/2,?
/miscellaneous/asprilla-intlg.html,0/1,?
/miscellaneous/assoria-intlg.html,0/3,?
/miscellaneous/astafjevs-intl.html,0/4,?
/miscellaneous/asvensson-intl.html,0/4,?
/miscellaneous/atarantini-intl.html,0/2,?
/miscellaneous/attouga-intl.html,0/1,?
/miscellaneous/aubameyang-intlg.html,0/2,?
/miscellaneous/aufhauser-intl.html,0/1,?
/miscellaneous/augenthaler-intl.html,0/2,?
/miscellaneous/augustin-intl.html,0/1,?
/miscellaneous/aumann-intl.html,0/2,?
/miscellaneous/aus-century.html,1/2,Australia - Team of the Century
/miscellaneous/aus-coach-triv.html,0/2,?
/miscellaneous/aus-recintlp.html,0/4,?
/miscellaneous/aus-reg-trivia.html,1/5,Australian State League Trivia
/miscellaneous/aus-socceroos.html,0/2,?
/miscellaneous/avanmale-intl.html,0/1,?
/miscellaneous/avar-intlg.html,0/2,?
/miscellaneous/avencel-intl.html,0/1,?
/miscellaneous/avpanov-intl.html,0/2,?
/miscellaneous/avramovic-cintl.html,0/1,?
/miscellaneous/awilliams-intlg.html,0/3,?
/miscellaneous/awinter-intl.html,0/3,?
/miscellaneous/ayala-ando-intl.html,0/2,?
/miscellaneous/ayala-intl.html,0/1,?
/miscellaneous/az-kagayev-intl.html,0/2,?
/miscellaneous/azavarov-intlg.html,0/1,?
/miscellaneous/azer-recintlp.html,12/4,Azerbaijan - Record International Players
/miscellaneous/azerpoy.html,1/2,Azerbaijan - Player of the Year Awards
/miscellaneous/babanco-intl.html,0/1,?
/miscellaneous/babbel-intl.html,0/2,?
/miscellaneous/babdullah-intlg.html,0/5,?
/miscellaneous/babel-intl.html,0/2,?
/miscellaneous/bacut1-intl.html,0/1,?
/miscellaneous/badjou-intl.html,0/1,?
/miscellaneous/badstuber-intl.html,0/2,?
/miscellaneous/baehringer-intl.html,0/1,?
/miscellaneous/bagheri-intlg.html,0/3,?
/miscellaneous/bagni-intl.html,0/1,?
/miscellaneous/bah-aswad-intlg.html,0/3,?
/miscellaneous/bah-coach.html,0/2,?
/miscellaneous/bah-dosari-intl.html,0/2,?
/miscellaneous/bah-eid-intl.html,0/1,?
/miscellaneous/bah-hayam-intl.html,0/3,?
/miscellaneous/bah-helal-intlg.html,0/1,?
/miscellaneous/bah-jaffer-intl.html,0/3,?
/miscellaneous/bah-jalal-intl.html,0/3,?
/miscellaneous/bah-madan-intlg.html,0/3,?
/miscellaneous/bah-mahfood-intl.html,0/2,?
/miscellaneous/bah-recintlp.html,0/6,?
/miscellaneous/bah-saeed-intl.html,0/2,?
/miscellaneous/bah-safi-intl.html,0/2,?
/miscellaneous/bah-salmeen-intl.html,0/3,?
/miscellaneous/bah-tymohammed-intlg.html,0/2,?
/miscellaneous/bahama-recintlp.html,0/3,?
/miscellaneous/baia-intl.html,0/2,?
/miscellaneous/bakero-intl.html,0/2,?
/miscellaneous/bakhit-intl.html,0/3,?
/miscellaneous/bakhuys-intlg.html,8/11,Bep Bakhuys - Goals in International Matches
/miscellaneous/balaci-intl.html,0/1,?
/miscellaneous/balakov-intl.html,0/2,?
/miscellaneous/balboa-intl.html,0/3,?
/miscellaneous/baldivieso-intlg.html,0/1,?
/miscellaneous/bale-intlg.html,0/5,?
/miscellaneous/balhous-intl.html,0/1,?
/miscellaneous/balint-intl.html,0/1,?
/miscellaneous/ballack-intlg.html,0/4,?
/miscellaneous/baloncieri-intlg.html,1/5,Adolfo Baloncieri - Goals in International Matches
/miscellaneous/balotelli-intlg.html,0/2,?
/miscellaneous/baltacha-intl.html,0/1,?
/miscellaneous/baltiyev-intl.html,0/2,?
/miscellaneous/balzaretti-intl.html,0/2,?
/miscellaneous/banishevskiy-intlg.html,0/1,?
/miscellaneous/barakat-intlg.html,0/1,?
/miscellaneous/baratky-intlg.html,0/2,?
/miscellaneous/baratte-intlg.html,0/1,?
/miscellaneous/barbarez-intlg.html,0/2,?
/miscellaneous/barbieri-intl.html,0/2,Ottavio Barbieri - International Appearances
/miscellaneous/barbpoy.html,1/2,Barbados - Player of the Year Awards
/miscellaneous/barmettler-intl.html,0/2,?
/miscellaneous/barone-intl.html,0/2,?
/miscellaneous/baros-intlg.html,0/4,?
/miscellaneous/baroti-cintl.html,0/2,?
/miscellaneous/bartha-intl.html,0/2,Iosif Bartha - International Appearances
/miscellaneous/barzagli-intl.html,0/2,?
/miscellaneous/basinas-intl.html,0/4,?
/miscellaneous/bask-intlp.html,4/5,Basque International Players
/miscellaneous/basler-intl.html,0/3,?
/miscellaneous/basora-intl.html,0/2,?
/miscellaneous/bastin-intl.html,1/3,Désiré Bastin - International Appearances
/miscellaneous/bastuerk-intl.html,0/1,?
/miscellaneous/batistuta-intlg.html,0/4,?
/miscellaneous/batty-intl.html,0/1,?
/miscellaneous/baumgartlinger-intl.html,0/1,?
/miscellaneous/bbjarnason-intl.html,0/4,?
/miscellaneous/bbradley-cintl.html,0/2,?
/miscellaneous/bcesar-intl.html,0/4,?
/miscellaneous/bchanda-intlg.html,0/1,?
/miscellaneous/bconti-intl.html,0/2,?
/miscellaneous/bdoerfel-intl.html,0/2,?
/miscellaneous/beara-intl.html,0/2,?
/miscellaneous/beardsley-intlg.html,0/1,?
/miscellaneous/bearzot-cintl.html,0/2,?
/miscellaneous/beasley-intlg.html,0/3,?
/miscellaneous/beausejour-intl.html,0/3,?
/miscellaneous/bebeto-intlg.html,0/2,?
/miscellaneous/beckenbauer-intl.html,0/4,?
/miscellaneous/beckham-intl.html,0/3,?
/miscellaneous/beeuwkes-intl.html,5/6,Reinier Beeuwkes - International Appearances
/miscellaneous/beforegboot.html,4/4,European Topscorers by Season
/miscellaneous/beiersdorfer-intl.html,0/2,?
/miscellaneous/beinlich-intl.html,0/2,?
/miscellaneous/belg-coach.html,0/2,?
/miscellaneous/belg-recintlp.html,97/7,Belgium - Record International Players
/miscellaneous/belgpoy.html,1/2,Belgium - Player of the Year Awards
/miscellaneous/belize-recintlp.html,0/4,?
/miscellaneous/bella-intl.html,0/2,?
/miscellaneous/bellarabi-intl.html,2/3,Karim Bellarabi - International Appearances
/miscellaneous/belloumi-intlg.html,0/3,?
/miscellaneous/bellugi-intl.html,0/2,?
/miscellaneous/belodedici-intl.html,0/1,?
/miscellaneous/belozoglu-intl.html,0/3,?
/miscellaneous/benarrivo-intl.html,0/1,?
/miscellaneous/bendtner-intlg.html,0/3,?
/miscellaneous/bene-intlg.html,0/3,?
/miscellaneous/benin-recintlp.html,0/3,?
/miscellaneous/benito-intl.html,0/2,?
/miscellaneous/benjaminsen-intl.html,0/3,?
/miscellaneous/bennaars-intl.html,0/3,?
/miscellaneous/berbatov-intlg.html,0/4,?
/miscellaneous/berg-intl.html,0/2,?
/miscellaneous/bergholtz-intl.html,0/1,?
/miscellaneous/bergkamp-intlg.html,0/4,?
/miscellaneous/bergomi-intl.html,0/1,?
/miscellaneous/bergwijn-intl.html,0/1,?
/miscellaneous/bernardini-intl.html,0/2,Fulvio Bernardini - International Appearances
/miscellaneous/bernds-intl.html,0/2,?
/miscellaneous/berthold-intl.html,0/2,?
/miscellaneous/berti-intl.html,0/2,?
/miscellaneous/bertolini-intl.html,0/1,?
/miscellaneous/beschastnykh-intlg.html,0/2,?
/miscellaneous/bessonov-intl.html,0/1,?
/miscellaneous/best-x-players-of-y.html,3/5,The Best x Players of the Century/All-Time
/miscellaneous/bestbest.html,8/1,"""The Best of The Best"""
/miscellaneous/bester-intlg.html,0/1,?
/miscellaneous/bettega-intlg.html,0/2,?
/miscellaneous/bfoerster-intl.html,0/2,?
/miscellaneous/bhobsch-intl.html,0/2,?
/miscellaneous/bhutan-recintlp.html,0/3,?
/miscellaneous/bialas-intl.html,0/1,?
/miscellaneous/biavati-intl.html,0/1,?
/miscellaneous/bican-intlg.html,0/5,?
/miscellaneous/bicovsky-intl.html,0/1,?
/miscellaneous/bielsa-cintl.html,0/2,?
/miscellaneous/bier-recintlp.html,0/5,?
/miscellaneous/bierhoff-intl.html,0/3,?
/miscellaneous/biesbrouck-intl.html,0/1,?
/miscellaneous/biewer-intl.html,0/1,?
/miscellaneous/bih-recintlp.html,15/4,Bosnia and Herzegovina - Record International Players
/miscellaneous/bijtertje-intlg.html,0/4,?
/miscellaneous/bilek-intl.html,0/1,?
/miscellaneous/billes-intlg.html,0/1,?
/miscellaneous/billmann-intl.html,0/2,?
/miscellaneous/bilmohdrajab-intl.html,0/3,?
/miscellaneous/bimasakti-intl.html,0/1,?
/miscellaneous/binder-intlg.html,0/4,?
/miscellaneous/bingham-cintl.html,0/2,?
/miscellaneous/binkert-intlg.html,0/2,?
/miscellaneous/binnentrio-intl.html,5/4,Het Gouden Binnentrio
/miscellaneous/binz-intl.html,0/2,?
/miscellaneous/bkessler-intl.html,0/2,?
/miscellaneous/blanc-intl.html,0/2,?
/miscellaneous/blanco-intlg.html,0/3,?
/miscellaneous/blaszczykowski-intlg.html,0/4,?
/miscellaneous/blazevic-cintl.html,0/2,?
/miscellaneous/bleidelis-intl.html,0/4,?
/miscellaneous/blind-intl.html,0/3,?
/miscellaneous/blindje-intl.html,0/5,?
/miscellaneous/blinker-intl.html,0/2,?
/miscellaneous/blokhin-intl.html,0/4,?
/miscellaneous/bloomer-intlg.html,0/1,?
/miscellaneous/bmora-intl.html,0/1,?
/miscellaneous/bmuller-intl.html,0/1,?
/miscellaneous/bmurray-intlg.html,0/1,?
/miscellaneous/bobek-intlg.html,0/3,?
/miscellaneous/bobic-intlg.html,0/3,?
/miscellaneous/bocanegra-intlg.html,0/3,?
/miscellaneous/bode-intl.html,0/3,?
/miscellaneous/bodola-intlg.html,0/4,?
/miscellaneous/boeger-intl.html,0/1,?
/miscellaneous/boertjes-intl.html,0/1,?
/miscellaneous/boeve-intl.html,0/1,?
/miscellaneous/boffin-intl.html,0/1,?
/miscellaneous/bogarde-intl.html,0/1,?
/miscellaneous/bogdani-intlg.html,0/2,?
/miscellaneous/bol-arce-intl.html,0/1,?
/miscellaneous/bol-coach.html,0/2,?
/miscellaneous/bol-poy.html,1/2,Bolivia - Player of the Year
/miscellaneous/bol-recintlp.html,0/3,?
/miscellaneous/bolic-intl.html,0/2,?
/miscellaneous/boloni-intl.html,0/4,?
/miscellaneous/bommer-intl.html,0/2,?
/miscellaneous/bon-seinpaal-intl.html,0/3,?
/miscellaneous/bonera-intl.html,0/2,?
/miscellaneous/bonet-intl.html,0/1,?
/miscellaneous/bonev-intlg.html,0/4,?
/miscellaneous/bonezzi-intl.html,0/2,?
/miscellaneous/bongartz-intl.html,0/2,?
/miscellaneous/bonhof-intl.html,0/1,?
/miscellaneous/boniek-intl.html,0/2,?
/miscellaneous/boninsegna-intlg.html,0/2,?
/miscellaneous/boniperti-intlg.html,0/2,?
/miscellaneous/bonucci-intl.html,0/3,?
/miscellaneous/borchers-intl.html,0/2,?
/miscellaneous/borgetti-intlg.html,0/3,?
/miscellaneous/borja-intl.html,0/1,?
/miscellaneous/borja-intlg.html,0/2,?
/miscellaneous/borodyuk-intlg.html,0/2,?
/miscellaneous/borowka-intl.html,0/2,?
/miscellaneous/borowski-intl.html,0/2,?
/miscellaneous/boskov-intl.html,0/2,?
/miscellaneous/bosschart-intl.html,5/8,Leo Bosschart - International Appearances
/miscellaneous/bosselaar-intl.html,1/2,Tinus Bosselaar - International Appearances
/miscellaneous/bosvelt-intl.html,0/1,?
/miscellaneous/bot-gaolaolwe-intl.html,1/2,Mosha Gaolaolwe - International Appearances
/miscellaneous/bot-mogorosi-intlg.html,0/1,?
/miscellaneous/bot-seakanyeng-intl.html,1/1,Kabelo Seakanyeng - International Appearances
/miscellaneous/botero-intlg.html,0/1,?
/miscellaneous/bots-recintlp.html,0/3,?
/miscellaneous/boucek-intl.html,0/3,?
/miscellaneous/boulahrouz-intl.html,0/1,?
/miscellaneous/bouma-intl.html,0/2,?
/miscellaneous/bouman-intl.html,1/2,Piet Bouman – International Appearances
/miscellaneous/boussatta-intl.html,0/2,?
/miscellaneous/boutmy-intl.html,2/4,Joop Boutmy – International Appearances
/miscellaneous/bouvy-intl.html,2/3,Nico Bouvy - International Appearances
/miscellaneous/bouwmeester-intl.html,0/1,?
/miscellaneous/bozsik-intl.html,0/4,?
/miscellaneous/bpaauwe-intl.html,0/3,?
/miscellaneous/bperez-intlg.html,0/4,?
/miscellaneous/bpettersson-cintl.html,0/2,?
/miscellaneous/br-adriano-intlg.html,0/1,?
/miscellaneous/br-branco-intl.html,0/1,?
/miscellaneous/br-emerson-intl.html,0/1,?
/miscellaneous/br-junior-intl.html,0/1,?
/miscellaneous/braafheid-intl.html,0/2,?
/miscellaneous/bradley-intlg.html,0/3,?
/miscellaneous/braeutigam-intl.html,0/1,?
/miscellaneous/braines-intl.html,0/2,The Braine Brothers - International Appearances
/miscellaneous/brandts-intl.html,0/2,?
/miscellaneous/bransch-intl.html,0/1,?
/miscellaneous/bravo-awards.html,1/2,"The ""Bravo"" Award"
/miscellaneous/braz-coach-triv.html,0/2,?
/miscellaneous/braz-lineup-sachamp.html,0/3,Brazilian Line-Ups in the Copa América 1916-1963
/miscellaneous/braz-marquinhos-intl.html,0/3,?
/miscellaneous/braz-poy.html,2/2,"Brazil - Championship Player of the Year (""Bola de Ouro"")"
/miscellaneous/braz-recintlp.html,0/4,?
/miscellaneous/braz-wom-coach-triv.html,0/2,?
/miscellaneous/brd-eder-intl.html,0/2,?
/miscellaneous/brdaric-intl.html,0/2,?
/miscellaneous/brehme-intl.html,0/2,?
/miscellaneous/breitner-intl.html,0/3,?
/miscellaneous/brenet-intl.html,0/4,?
/miscellaneous/bresciano-intlg.html,0/1,?
/miscellaneous/briegel-intl.html,0/2,?
/miscellaneous/briffa-intl.html,0/4,?
/miscellaneous/brincat-intl.html,0/4,?
/miscellaneous/britishref-arg.html,1/2,British Referees in Argentina
/miscellaneous/brocken-intl.html,0/1,?
/miscellaneous/brokamp-intlg.html,0/1,?
/miscellaneous/bruells-intl.html,0/1,?
/miscellaneous/brunnenmeier-intl.html,0/3,?
/miscellaneous/brusselers-intl.html,0/3,?
/miscellaneous/bryanrobson-intlg.html,0/1,?
/miscellaneous/brychczy-intl.html,0/2,?
/miscellaneous/brzcallt.html,1/2,Brazilian Clubs All-Time Team<
/miscellaneous/bschneider-intl.html,0/2,?
/miscellaneous/bstankovic-intl.html,0/2,?
/miscellaneous/bubernik-intl.html,0/1,?
/miscellaneous/bubisold-intl.html,0/2,?
/miscellaneous/bubnov-intl.html,0/1,?
/miscellaneous/buchloh-intl.html,0/2,?
/miscellaneous/buchwald-intl.html,0/2,?
/miscellaneous/buettner-intl.html,0/1,?
/miscellaneous/buffon-intl.html,0/4,?
/miscellaneous/buitenweg-intlg.html,0/6,Wout Buitenweg - Goals in International Matches
/miscellaneous/bulg-borimirov-intl.html,0/1,?
/miscellaneous/bulg-divankov-intl.html,0/1,?
/miscellaneous/bulg-gdimitrov-intl.html,0/1,?
/miscellaneous/bulg-idimitrov-intl.html,0/1,?
/miscellaneous/bulg-ikolev-intlg.html,0/1,?
/miscellaneous/bulg-ipopov-intlg.html,0/2,?
/miscellaneous/bulg-jetchev-intl.html,0/1,?
/miscellaneous/bulg-kostadinov-intlg.html,0/1,?
/miscellaneous/bulg-langelov-intlg.html,0/1,?
/miscellaneous/bulg-recintlp.html,27/6,Bulgaria - Record International Players
/miscellaneous/bulg-rzdravkov-intl.html,0/1,?
/miscellaneous/bulg-sadkov-intl.html,0/1,?
/miscellaneous/bulg-sirakov-intlg.html,0/1,?
/miscellaneous/bulg-trivanov-intl.html,0/1,?
/miscellaneous/bulg-yakimov-intl.html,0/1,?
/miscellaneous/bulg-zzdravkov-intl.html,0/1,?
/miscellaneous/bulgarelli-intlg.html,0/2,?
/miscellaneous/bulku-intl.html,0/2,?
/miscellaneous/bulykin-intlg.html,0/2,?
/miscellaneous/bumbes-intl.html,0/2,?
/miscellaneous/buncol-intl.html,0/2,?
/miscellaneous/bunmathan-intl.html,0/3,?
/miscellaneous/burdenski-intl.html,0/2,?
/miscellaneous/burgmeier-intl.html,0/4,?
/miscellaneous/burgnich-intl.html,0/1,?
/miscellaneous/burgsmueller-intl.html,0/3,?
/miscellaneous/burk-kabore-intl.html,0/3,?
/miscellaneous/burk-recintlp.html,0/3,?
/miscellaneous/burkf-atraore-intlg.html,1/1,Alain Sibri Traoré - Goals in International Matches
/miscellaneous/burkf-bance-intlg.html,1/1,Aristide Bancé - Goals in International Matches
/miscellaneous/burkf-bkone-intl.html,1/1,Bakary Koné - International Appearances
/miscellaneous/burkf-btraore-intlg.html,1/1,Bertrand Isidore Traoré - Goals in International Matches
/miscellaneous/burkf-dayo-intl.html,1/1,Issoufou Sellsavon Dayo - International Appearances
/miscellaneous/burkf-pitroipa-intlg.html,1/1,Yann Jonathan Pitroipa - Goals in International Matches
/miscellaneous/burkf-recintlp.html,0/1,?
/miscellaneous/burkf-yago-intl.html,1/2,Steeve Farid Yago - International Appearances
/miscellaneous/burlando-intl.html,1/4,Luigi Burlando - International Appearances
/miscellaneous/burness-intl.html,0/2,?
/miscellaneous/burruchaga-intlg.html,0/2,?
/miscellaneous/buru-recintlp.html,0/3,?
/miscellaneous/buruk-intlg.html,0/1,?
/miscellaneous/buschner-cintl.html,0/2,?
/miscellaneous/bushi-intlg.html,0/1,?
/miscellaneous/busquets-intl.html,0/4,?
/miscellaneous/busuttil-intl.html,0/4,?
/miscellaneous/butcher-intl.html,0/1,?
/miscellaneous/butragueno-intlg.html,0/2,?
/miscellaneous/buttigieg-intl.html,0/3,?
/miscellaneous/bvesely-intl.html,0/2,?
/miscellaneous/bvukas-intlg.html,0/2,?
/miscellaneous/byelik-intlg.html,0/2,?
/miscellaneous/c-asia-toy99.html,1/1,Central Asia - Team of the Year 1999
/miscellaneous/cabravo-intl.html,0/3,?
/miscellaneous/cabrini-intl.html,0/1,?
/miscellaneous/cacau-intl.html,0/2,?
/miscellaneous/caf-ranking.html,1/3,CAF Ranking of African Clubs
/miscellaneous/cafr-foxi-intl.html,0/2,?
/miscellaneous/cafr-mafouta-intlg.html,0/2,?
/miscellaneous/cafr-recintlp.html,0/3,?
/miscellaneous/cafu-intl.html,0/3,?
/miscellaneous/cahill-intlg.html,0/4,?
/miscellaneous/caldenhove-intl.html,0/1,?
/miscellaneous/caligaris-intl.html,0/3,Umberto Caligaris - International Appearances
/miscellaneous/caligiuri-intl.html,0/3,?
/miscellaneous/camacho-intl.html,0/2,?
/miscellaneous/camataru-intlg.html,0/1,?
/miscellaneous/caminero-intl.html,0/2,?
/miscellaneous/camoranesi-intl.html,0/2,?
/miscellaneous/campos-intl.html,0/3,?
/miscellaneous/can-hutchinson-intl.html,0/2,?
/miscellaneous/can-hutchison-intl.html,0/1,?
/miscellaneous/can-jdavid-intlg.html,0/2,?
/miscellaneous/can-larin-intlg.html,0/2,?
/miscellaneous/can-recintlp.html,0/3,?
/miscellaneous/canada-coach-triv.html,0/2,?
/miscellaneous/candreva-intl.html,0/2,?
/miscellaneous/canizares-intl.html,0/2,?
/miscellaneous/cannavaro-intl.html,0/4,?
/miscellaneous/canpoy.html,1/2,Canada - Player of the Year
/miscellaneous/cantona-intl.html,0/1,?
/miscellaneous/capello-intlg.html,0/2,?
/miscellaneous/capurro-intl.html,0/3,?
/miscellaneous/carabott-intl.html,0/4,?
/miscellaneous/carapellese-intlg.html,0/2,?
/miscellaneous/carbajal-intl.html,0/1,?
/miscellaneous/carboni-intl.html,0/1,?
/miscellaneous/cardozo-intlg.html,0/1,?
/miscellaneous/careca-intlg.html,0/1,?
/miscellaneous/carew-intlg.html,0/2,?
/miscellaneous/carini-intl.html,0/1,?
/miscellaneous/carmona-intl.html,0/1,?
/miscellaneous/carrasco-intl.html,0/2,?
/miscellaneous/cascarino-intlg.html,0/1,?
/miscellaneous/casillas-intl.html,0/4,?
/miscellaneous/casiraghi-intlg.html,0/2,?
/miscellaneous/cassano-intlg.html,0/2,?
/miscellaneous/castelen-intl.html,0/2,?
/miscellaneous/castilla-ec.html,0/2,?
/miscellaneous/cata-intlp.html,4/5,"Balearic and Pitiús, Catalan and Valencian International Players"
/miscellaneous/causio-intl.html,0/1,?
/miscellaneous/cavani-intlg.html,0/4,?
/miscellaneous/cazorla-intl.html,0/2,?
/miscellaneous/cbrown-cintl.html,0/2,?
/miscellaneous/ccambier-intl.html,0/1,?
/miscellaneous/cech-intl.html,0/4,?
/miscellaneous/cedwards-intl.html,0/1,?
/miscellaneous/ceh-intl.html,0/2,?
/miscellaneous/cejp-intlg.html,0/1,?
/miscellaneous/centeno-intl.html,0/3,?
/miscellaneous/century.html,1276/14,Players with 100+ Caps and 30+ International Goals
/miscellaneous/cera-intl.html,0/2,?
/miscellaneous/cervato-intl.html,0/1,?
/miscellaneous/cesnauskis-intl.html,0/1,?
/miscellaneous/ceulemans-intl.html,0/4,?
/miscellaneous/cevenini-intlg.html,0/2,?
/miscellaneous/cfarias-cintl.html,0/2,?
/miscellaneous/cfeith-intl.html,1/2,Constant Feith - International Appearances
/miscellaneous/cferrara-intl.html,0/1,?
/miscellaneous/cfritz-intl.html,0/2,?
/miscellaneous/cfuchs-intl.html,0/1,?
/miscellaneous/cglen-intlg.html,0/1,?
/miscellaneous/cgrodriguez-intl.html,0/3,?
/miscellaneous/cgunter-intl.html,0/4,?
/miscellaneous/ch-behrami-intl.html,0/2,?
/miscellaneous/ch-rodriguez-intl.html,0/4,?
/miscellaneous/ch-seferovic-intlg.html,0/2,?
/miscellaneous/ch-shaqiri-intlg.html,0/4,?
/miscellaneous/ch-xhaka-intl.html,0/4,?
/miscellaneous/cha-intl.html,0/6,?
/miscellaneous/chadli-intl.html,0/3,?
/miscellaneous/chaikamdee-intlg.html,0/2,?
/miscellaneous/chalermsan-intl.html,0/3,?
/miscellaneous/chamangwana-intl.html,0/3,?
/miscellaneous/chankinseng-intlg.html,0/2,?
/miscellaneous/channa-intlg.html,0/1,?
/miscellaneous/chapuisat-intl.html,0/5,?
/miscellaneous/charisteas-intlg.html,0/2,?
/miscellaneous/charlton-intl.html,0/4,?
/miscellaneous/chdoerfel-intl.html,0/1,?
/miscellaneous/chendo-intl.html,0/2,?
/miscellaneous/cheran-intl.html,0/1,?
/miscellaneous/cherchesov-intl.html,0/3,?
/miscellaneous/cherenkov-intl.html,0/1,?
/miscellaneous/chernyshov-intl.html,0/2,?
/miscellaneous/cherundolo-intl.html,0/1,?
/miscellaneous/cheryshev-intl.html,0/3,?
/miscellaneous/chhetri-intlg.html,0/4,?
/miscellaneous/chiappella-intl.html,0/1,?
/miscellaneous/chiellini-intl.html,0/4,?
/miscellaneous/chiesa-intlg.html,0/2,?
/miscellaneous/chil-aranguiz-intl.html,0/3,?
/miscellaneous/chil-poy.html,1/2,Chile - Player of the Year
/miscellaneous/chil-recintlp.html,0/3,?
/miscellaneous/chilavert-intl.html,0/1,?
/miscellaneous/chilenick.html,1/3,Chile - Club Nicknames
/miscellaneous/chimodzi-intl.html,0/3,?
/miscellaneous/china-recintlp.html,0/4,?
/miscellaneous/chipciu-intl.html,0/1,?
/miscellaneous/chipperfield-intl.html,0/1,?
/miscellaneous/chiriches-intl.html,0/1,?
/miscellaneous/chislenko-intlg.html,0/1,?
/miscellaneous/chislpom.html,1/3,Channel Islands - Upton Park Cup - W.H. Le Prevost (Player of the Match) Trophy
/miscellaneous/chitalu-intlg.html,0/4,?
/miscellaneous/chivadze-intl.html,0/1,?
/miscellaneous/chivu-intl.html,0/1,?
/miscellaneous/chkatongo-intlg.html,0/3,?
/miscellaneous/chmaggio-intl.html,0/2,?
/miscellaneous/choi-intlg.html,0/3,?
/miscellaneous/choo-cintl.html,0/1,?
/miscellaneous/chparedes-intlg.html,0/1,?
/miscellaneous/chrahn-intl.html,0/2,?
/miscellaneous/chruiz-intlg.html,0/4,?
/miscellaneous/chrysmichael-intl.html,0/1,?
/miscellaneous/chugainov-intl.html,0/3,?
/miscellaneous/chumpitaz-intl.html,0/3,?
/miscellaneous/chvila-intl.html,0/2,?
/miscellaneous/cichero-intl.html,0/1,?
/miscellaneous/cieslarczyk-intl.html,0/2,?
/miscellaneous/cieslik-intl.html,0/2,?
/miscellaneous/cillessen-intl.html,0/1,?
/miscellaneous/ciobotariu-intl.html,0/1,?
/miscellaneous/ciolac-intlg.html,0/1,?
/miscellaneous/citavicius-intlg.html,0/2,?
/miscellaneous/cjohn-intl.html,0/3,?
/miscellaneous/ckools-intl.html,0/2,Cor Kools - International Appearances
/miscellaneous/ckoszka-intl.html,0/1,?
/miscellaneous/cl-rejects.html,1/4,UEFA Champions League Rejects in the UEFA Cup
/miscellaneous/claesen-intl.html,0/1,?
/miscellaneous/clavan-intlg.html,0/3,?
/miscellaneous/clazar-intl.html,0/1,?
/miscellaneous/clemente-cintl.html,0/2,?
/miscellaneous/clescenco-intl.html,0/2,?
/miscellaneous/cluytens-intl.html,0/1,?
/miscellaneous/cmorais-intlg.html,0/1,?
/miscellaneous/cmriveros-intlg.html,0/3,?
/miscellaneous/coach-century.html,97/4,Coaches for 100 or More International Matches
/miscellaneous/cocis-intl.html,0/2,?
/miscellaneous/cocu-intl.html,0/5,?
/miscellaneous/codrington-intlg.html,0/2,?
/miscellaneous/coeck-intl.html,0/2,?
/miscellaneous/col-casanchez-intl.html,0/1,?
/miscellaneous/col-coach-triv.html,0/2,?
/miscellaneous/col-cuadrado-intl.html,0/3,?
/miscellaneous/col-jamesr-intlg.html,0/3,?
/miscellaneous/col-ospina-intl.html,0/3,?
/miscellaneous/col-recintlp.html,0/3,?
/miscellaneous/colaussi-intlg.html,0/2,?
/miscellaneous/collovati-intl.html,0/1,?
/miscellaneous/colourfulpioneers.html,5/3,Colourful Pioneers
/miscellaneous/como-mchangama-intlg.html,0/2,?
/miscellaneous/como-nabouhane-intlg.html,0/2,?
/miscellaneous/como-recintlp.html,0/4,?
/miscellaneous/compper-intl.html,0/2,?
/miscellaneous/conen-intlg.html,0/2,?
/miscellaneous/constantine-cintl.html,0/2,?
/miscellaneous/constantino-intl.html,0/1,?
/miscellaneous/contra-intl.html,0/1,?
/miscellaneous/copabarry-intl.html,0/1,?
/miscellaneous/copalibstadia.html,2/4,Copa Libertadores Stadia
/miscellaneous/copalibtrivia.html,0/5,Copa Libertadores Trivia
/miscellaneous/coppee-intlg.html,1/4,Robert Coppée - Goals in International Matches
/miscellaneous/coppens-intlg.html,1/2,"Henri ""Rik"" Coppens - Goals in International Matches"
/miscellaneous/coras-intl.html,0/1,?
/miscellaneous/corneal-intlg.html,0/1,?
/miscellaneous/corso-intl.html,0/2,?
/miscellaneous/cos-borges-intlg.html,0/2,?
/miscellaneous/cos-boviedo-intl.html,0/1,?
/miscellaneous/cos-bruiz-intlg.html,0/2,?
/miscellaneous/cos-calvo-intl.html,0/3,?
/miscellaneous/cos-campbell-intl.html,0/2,?
/miscellaneous/cos-gamboa-intl.html,0/1,?
/miscellaneous/cos-ggonzalez-intl.html,0/1,?
/miscellaneous/cos-jvenegas-intl.html,0/1,?
/miscellaneous/cos-madrigal-intlg.html,0/1,?
/miscellaneous/cos-navas-intl.html,0/2,?
/miscellaneous/cos-recintlp.html,0/4,?
/miscellaneous/cos-rherrera-intlg.html,0/1,?
/miscellaneous/cos-umana-intl.html,0/2,?
/miscellaneous/cosnick.html,1/3,Costa Rica - Club Nicknames
/miscellaneous/costacurta-intl.html,0/1,?
/miscellaneous/costly-intlg.html,0/2,?
/miscellaneous/courtois-intl.html,0/3,?
/miscellaneous/couto-intl.html,0/4,?
/miscellaneous/coventric.html,2/2,Coventric!
/miscellaneous/coveny-intlg.html,0/1,?
/miscellaneous/cpopa-intl.html,0/1,?
/miscellaneous/crazyhorse-intl.html,0/1,?
/miscellaneous/creiniceanu-intl.html,0/1,?
/miscellaneous/crespo-intlg.html,0/3,?
/miscellaneous/crippa-intl.html,0/1,?
/miscellaneous/criscito-intl.html,0/2,?
/miscellaneous/cristaldo-intl.html,0/1,?
/miscellaneous/cronaldo-intlg.html,0/5,?
/miscellaneous/crossborder.html,43/18,Where's My Country?
/miscellaneous/croy-intl.html,0/1,?
/miscellaneous/cruijff-intlg.html,0/4,?
/miscellaneous/ctanase-intl.html,0/2,?
/miscellaneous/ctcate-intl.html,2/5,Cees ten Cate - International Appearances
/miscellaneous/ctraesch-intl.html,0/2,?
/miscellaneous/cuba-recintlp.html,0/3,?
/miscellaneous/cubillas-intlg.html,0/1,?
/miscellaneous/cullmann-intl.html,0/1,?
/miscellaneous/cunliffe-intlg.html,0/2,?
/miscellaneous/cuprec.html,8/5,Domestic Cups Trivia
/miscellaneous/cur-recintlp.html,5/3,Curaçao - Record International Players
/miscellaneous/cvdgijp-intl.html,0/2,?
/miscellaneous/cvdhart-intl.html,0/1,?
/miscellaneous/cvierssel-intl.html,0/1,?
/miscellaneous/cvkooten-intlg.html,0/1,?
/miscellaneous/cwacuna-intl.html,0/1,?
/miscellaneous/cwc.html,8/8,Cup Winners' Cup Trivia
/miscellaneous/cwoods-intl.html,0/1,?
/miscellaneous/cyp-coach.html,0/2,?
/miscellaneous/cyp-recintlp.html,17/4,Cyprus - Record International Players
/miscellaneous/czanetti-intl.html,0/2,?
/miscellaneous/dabbagh-intlg.html,0/2,?
/miscellaneous/daei-intlg.html,0/4,?
/miscellaneous/dagano-intlg.html,0/2,?
/miscellaneous/dalglish-intl.html,0/4,?
/miscellaneous/dallku-intl.html,0/2,?
/miscellaneous/damminger-intl.html,0/2,?
/miscellaneous/dangda-intlg.html,0/4,?
/miscellaneous/dani-intlg.html,0/2,?
/miscellaneous/danielalves-intl.html,0/3,?
/miscellaneous/danilevicius-intlg.html,0/3,?
/miscellaneous/danjuma-intl.html,0/2,?
/miscellaneous/dardai-intl.html,0/2,?
/miscellaneous/darmian-intl.html,0/1,?
/miscellaneous/dasaev-intl.html,0/1,?
/miscellaneous/datsakorn-intlg.html,0/3,?
/miscellaneous/davids-intl.html,0/4,?
/miscellaneous/davidsilva-intlg.html,0/4,?
/miscellaneous/dbaggio-intl.html,0/1,?
/miscellaneous/dbennett-intl.html,0/1,?
/miscellaneous/dbennett-intlg.html,0/2,?
/miscellaneous/dbuitenweg-intl.html,0/2,?
/miscellaneous/dc-ademi-intl.html,0/3,?
/miscellaneous/dc-aherrera-intl.html,2/2,Aaron Joseph Herrera - International Appearances
/miscellaneous/dc-ahmedhodzic-intl.html,0/3,?
/miscellaneous/dc-aholou-intl.html,0/2,?
/miscellaneous/dc-aliti-intl.html,0/3,?
/miscellaneous/dc-angelillo-intl.html,0/2,?
/miscellaneous/dc-antolkovic-intl.html,0/3,?
/miscellaneous/dc-aouar-intl.html,0/2,?
/miscellaneous/dc-armas-intl.html,0/2,?
/miscellaneous/dc-aubreydavid-intl.html,0/1,?
/miscellaneous/dc-avwilliams-intl.html,0/3,?
/miscellaneous/dc-babunski-intl.html,0/3,?
/miscellaneous/dc-basa-intl.html,0/3,?
/miscellaneous/dc-bazdarevic-intl.html,0/3,?
/miscellaneous/dc-bberisha-intl.html,0/3,?
/miscellaneous/dc-bdiaz-intlg.html,2/2,Brahim Abdelkader Díaz - International Appearances
/miscellaneous/dc-belosevic-intl.html,0/2,?
/miscellaneous/dc-berisha-intl.html,0/3,?
/miscellaneous/dc-boban-intl.html,0/3,?
/miscellaneous/dc-bogdan-intl.html,0/2,?
/miscellaneous/dc-boskovic-intl.html,0/3,?
/miscellaneous/dc-bourgoing-intl.html,0/1,?
/miscellaneous/dc-boyd-intl.html,0/2,?
/miscellaneous/dc-brozovic-intl.html,0/3,?
/miscellaneous/dc-burgr-intl.html,0/3,?
/miscellaneous/dc-caceres-intl.html,0/1,?
/miscellaneous/dc-campbell-intl.html,0/1,?
/miscellaneous/dc-caulker-intl.html,0/2,?
/miscellaneous/dc-cesarini-intl.html,0/1,?
/miscellaneous/dc-cimermancic-intl.html,0/3,?
/miscellaneous/dc-cmartinez-intl.html,0/2,?
/miscellaneous/dc-corbinong-intl.html,0/2,?
/miscellaneous/dc-curri-intl.html,0/3,?
/miscellaneous/dc-daku-intl.html,2/3,Mirlind Daku - International Appearances
/miscellaneous/dc-daucik-intl.html,0/2,?
/miscellaneous/dc-demaria-intl.html,0/1,?
/miscellaneous/dc-djerkovic-intl.html,0/3,?
/miscellaneous/dc-dodoi-intl.html,0/2,?
/miscellaneous/dc-dubac-intl.html,0/3,?
/miscellaneous/dc-ecastillo-intl.html,0/2,?
/miscellaneous/dc-elsner-intl.html,0/2,?
/miscellaneous/dc-fafa-intl.html,2/2,"Fabrice-Jean ""Fafâ"" Picault - International Appearances"
/miscellaneous/dc-flores-intl.html,0/2,?
/miscellaneous/dc-funesmori-intl.html,0/2,?
/miscellaneous/dc-fvasquez-intl.html,0/2,?
/miscellaneous/dc-gashi-intl.html,0/2,?
/miscellaneous/dc-ghoddos-intl.html,0/2,?
/miscellaneous/dc-giannou-intl.html,0/2,?
/miscellaneous/dc-gigovic-intl.html,2/3,Armin Gigovic - International Appearances
/miscellaneous/dc-gjuric-intl.html,0/3,?
/miscellaneous/dc-glaser-intl.html,0/4,?
/miscellaneous/dc-glonek-intl.html,0/3,?
/miscellaneous/dc-guaita-intl.html,0/1,?
/miscellaneous/dc-haddadi-intl.html,0/2,?
/miscellaneous/dc-hadergjonaj-intl.html,0/3,?
/miscellaneous/dc-hajrovic-intl.html,0/3,?
/miscellaneous/dc-halilovic-intl.html,0/3,?
/miscellaneous/dc-hetemaj-intl.html,0/2,?
/miscellaneous/dc-hoarau-intl.html,2/2,Guillaume Hoarau - International Appearances
/miscellaneous/dc-hoxha-intl.html,2/3,Arbër Hoxha - International Appearances
/miscellaneous/dc-hyravy-intl.html,0/2,?
/miscellaneous/dc-inaki-intl.html,0/2,?
/miscellaneous/dc-ismajli-intl.html,0/3,?
/miscellaneous/dc-ivanauskas-intl.html,0/3,?
/miscellaneous/dc-jajalo-intl.html,0/3,?
/miscellaneous/dc-jaraujo-intl.html,0/2,?
/miscellaneous/dc-jazbinsek-intl.html,0/3,?
/miscellaneous/dc-kammul-intl.html,0/2,?
/miscellaneous/dc-karmstrong-intl.html,0/2,?
/miscellaneous/dc-katanec-intl.html,0/3,?
/miscellaneous/dc-kauvray-intl.html,0/2,?
/miscellaneous/dc-kayembe-intl.html,2/2,Joris Kayembe - International Appearances
/miscellaneous/dc-kdiaw-intl.html,0/2,?
/miscellaneous/dc-keitakam-intl.html,0/2,?
/miscellaneous/dc-kinder-intl.html,0/3,?
/miscellaneous/dc-kodro-intl.html,0/3,?
/miscellaneous/dc-kokotovic-intl.html,0/4,?
/miscellaneous/dc-kolsky-intl.html,0/2,?
/miscellaneous/dc-kondogbia-intl.html,0/2,?
/miscellaneous/dc-lado-intl.html,2/2,Richard Jastin Lado Samson - International Appearances
/miscellaneous/dc-laurencin-intl.html,0/2,?
/miscellaneous/dc-lauri-intl.html,0/1,?
/miscellaneous/dc-lechner-intl.html,0/4,?
/miscellaneous/dc-lesnik-intlg.html,0/3,?
/miscellaneous/dc-libiana-intl.html,2/2,Jonathan Andre Libiana - International Appearances
/miscellaneous/dc-llano-intl.html,0/2,?
/miscellaneous/dc-lmolnar-intl.html,0/3,?
/miscellaneous/dc-loiacono-intl.html,0/1,?
/miscellaneous/dc-ludl-intl.html,0/2,?
/miscellaneous/dc-lukebakio-intl.html,0/3,?
/miscellaneous/dc-malatinsky-intl.html,0/2,?
/miscellaneous/dc-malouda-intl.html,0/2,?
/miscellaneous/dc-martino-intl.html,0/2,?
/miscellaneous/dc-mascheroni-intl.html,0/2,?
/miscellaneous/dc-maschio-intl.html,0/2,?
/miscellaneous/dc-matus-intl.html,0/2,?
/miscellaneous/dc-mbonihankuye-intl.html,0/2,?
/miscellaneous/dc-mejia-intl.html,0/2,?
/miscellaneous/dc-milanic-intl.html,0/3,?
/miscellaneous/dc-mmlinaric-intl.html,0/2,?
/miscellaneous/dc-moga-intlg.html,0/3,?
/miscellaneous/dc-mourad-intl.html,0/2,?
/miscellaneous/dc-najdoski-intl.html,0/3,?
/miscellaneous/dc-nlend-intl.html,2/2,Samuel Nlend - International Appearances
/miscellaneous/dc-ntep-intl.html,0/2,?
/miscellaneous/dc-ozobic-intl.html,0/3,?
/miscellaneous/dc-pancev-intl.html,0/3,?
/miscellaneous/dc-pasayev-intl.html,0/3,?
/miscellaneous/dc-pecko-intl.html,0/2,?
/miscellaneous/dc-plese-intlg.html,0/3,?
/miscellaneous/dc-poleksic-intl.html,0/3,?
/miscellaneous/dc-porta-intl.html,0/2,?
/miscellaneous/dc-porubsky-intl.html,0/3,?
/miscellaneous/dc-qroberts-intl.html,0/2,?
/miscellaneous/dc-rashica-intl.html,0/3,?
/miscellaneous/dc-reinmann-intl.html,0/3,?
/miscellaneous/dc-revans-intl.html,0/2,?
/miscellaneous/dc-rice-intl.html,0/2,?
/miscellaneous/dc-riha-intl.html,0/3,?
/miscellaneous/dc-rrahmani-intl.html,0/3,?
/miscellaneous/dc-rubin-intl.html,0/2,?
/miscellaneous/dc-scopelli-intl.html,0/1,?
/miscellaneous/dc-seferi-intl.html,0/3,?
/miscellaneous/dc-selembe-intl.html,0/4,?
/miscellaneous/dc-sewell-intlg.html,0/2,?
/miscellaneous/dc-shala-intl.html,0/3,?
/miscellaneous/dc-sosa-intl.html,0/1,?
/miscellaneous/dc-spencer-intlg.html,0/2,?
/miscellaneous/dc-stanic-intl.html,0/3,?
/miscellaneous/dc-stanojkovic-intl.html,0/4,?
/miscellaneous/dc-sukristovas-intl.html,0/3,?
/miscellaneous/dc-timko-intl.html,0/3,?
/miscellaneous/dc-tittel-intl.html,0/2,?
/miscellaneous/dc-ujkani-intl.html,0/4,?
/miscellaneous/dc-vencel-intl.html,0/3,?
/miscellaneous/dc-vukcevic-intl.html,0/3,?
/miscellaneous/dc-vvolkov-intl.html,0/3,?
/miscellaneous/dc-vweiss-intl.html,0/3,?
/miscellaneous/dc-woelfl-intlg.html,0/3,?
/miscellaneous/dc-zaha-intl.html,0/2,?
/miscellaneous/dc-zendejas-intl.html,2/2,Alejandro Zendejas - International Appearances
/miscellaneous/dc-zerga-intl.html,0/2,?
/miscellaneous/dc-zidan-intl.html,0/3,?
/miscellaneous/dc-zivkovic-intlg.html,0/2,?
/miscellaneous/dc-zvulic-intl.html,0/3,?
/miscellaneous/dchabala-intl.html,0/3,?
/miscellaneous/dcoe-intl.html,0/1,?
/miscellaneous/ddd.html,6/3,Double Digits Domestical
/miscellaneous/ddd-argdet.html,0/2,?
/miscellaneous/ddd-cypcup.html,0/2,?
/miscellaneous/ddd-grkcup.html,2/3,Greek Cup - Highest Scores (complete)
/miscellaneous/ddi.html,4/1,Double Digits International
/miscellaneous/ddr-benkert-intl.html,0/1,?
/miscellaneous/ddr-bonan-intl.html,0/1,?
/miscellaneous/ddr-bornschein-intl.html,0/1,?
/miscellaneous/ddr-busch-intl.html,2/2,Günter Busch - International Appearances
/miscellaneous/ddr-carow-intl.html,0/1,?
/miscellaneous/ddr-coach-triv.html,0/2,?
/miscellaneous/ddr-dennstedt-intl.html,0/1,?
/miscellaneous/ddr-dfischer-intl.html,0/1,?
/miscellaneous/ddr-dobermann-intl.html,0/1,?
/miscellaneous/ddr-drews-intl.html,0/1,?
/miscellaneous/ddr-ehamann-intl.html,0/1,?
/miscellaneous/ddr-fritzsche-intl.html,0/1,?
/miscellaneous/ddr-haack-intl.html,2/2,Lothar Haack - International Appearances
/miscellaneous/ddr-hbley-intl.html,2/2,Hermann Bley - International Appearances
/miscellaneous/ddr-heidrich-intl.html,0/1,?
/miscellaneous/ddr-hmaerz-intl.html,0/1,?
/miscellaneous/ddr-hoge-intl.html,0/1,?
/miscellaneous/ddr-hschuetze-intl.html,0/1,?
/miscellaneous/ddr-hwehner-intl.html,0/1,?
/miscellaneous/ddr-hwruck-intl.html,0/1,?
/miscellaneous/ddr-ilsch-intl.html,0/1,?
/miscellaneous/ddr-kmueller-intl.html,0/1,?
/miscellaneous/ddr-konik-intl.html,0/1,?
/miscellaneous/ddr-kracht-intl.html,0/1,?
/miscellaneous/ddr-krauss-intl.html,0/1,?
/miscellaneous/ddr-krebs-intl.html,0/1,?
/miscellaneous/ddr-kwagner-intl.html,0/1,?
/miscellaneous/ddr-lihsa-intl.html,2/2,Werner Lihsa - International Appearances
/miscellaneous/ddr-mauksch-intl.html,0/1,?
/miscellaneous/ddr-mfaber-intl.html,0/1,?
/miscellaneous/ddr-naumann-intl.html,0/1,?
/miscellaneous/ddr-neuhaeuser-intl.html,0/1,?
/miscellaneous/ddr-noack-intl.html,0/1,?
/miscellaneous/ddr-raugast-intl.html,0/1,?
/miscellaneous/ddr-rbaumann-intl.html,0/1,?
/miscellaneous/ddr-recintlp.html,0/7,?
/miscellaneous/ddr-riedel-intl.html,0/1,?
/miscellaneous/ddr-roeser-intl.html,0/1,?
/miscellaneous/ddr-rudolph-intl.html,0/1,?
/miscellaneous/ddr-schulenberg-intl.html,0/1,?
/miscellaneous/ddr-schulz-intl.html,0/1,?
/miscellaneous/ddr-schulze-intl.html,0/1,?
/miscellaneous/ddr-sekora-intl.html,0/1,?
/miscellaneous/ddr-speth-intl.html,0/1,?
/miscellaneous/ddr-teuber-intl.html,0/1,?
/miscellaneous/ddr-thiele-intl.html,0/1,?
/miscellaneous/ddr-tyll-intl.html,0/1,?
/miscellaneous/ddr-uhlig-intl.html,0/1,?
/miscellaneous/ddr-utesz-intl.html,0/1,?
/miscellaneous/ddr-wlinsz-intl.html,2/2,Werner Linß - International Appearances
/miscellaneous/ddr-woitzat-intl.html,0/1,?
/miscellaneous/ddr-wruck-intl.html,0/1,?
/miscellaneous/ddr-wunderlich-intl.html,0/1,?
/miscellaneous/ddr-zapf-intl.html,0/1,?
/miscellaneous/ddr-zerbe-intl.html,0/1,?
/miscellaneous/ddrpoy.html,22/2,East Germany - Footballer of the Year
/miscellaneous/deagostini-intl.html,0/2,?
/miscellaneous/deayea-intl.html,0/4,?
/miscellaneous/debilde-intl.html,0/1,?
/miscellaneous/debruijckere-intl.html,0/2,?
/miscellaneous/debruyne-intl.html,0/3,?
/miscellaneous/debruynkops-intl.html,2/3,Frans de Bruyn Kops - International Appearances
/miscellaneous/decker-intlg.html,0/4,?
/miscellaneous/decleyn-intlg.html,0/2,?
/miscellaneous/deflandre-intl.html,0/1,?
/miscellaneous/degoey-intl.html,0/1,?
/miscellaneous/degryse-intlg.html,0/1,?
/miscellaneous/deisler-intl.html,0/2,?
/miscellaneous/dekorver-intl.html,4/5,Bok de Korver - International Appearances
/miscellaneous/delacruz-intl.html,0/3,?
/miscellaneous/delagarza-intl.html,0/2,?
/miscellaneous/delbosque-cintl.html,0/2,?
/miscellaneous/delfour-intl.html,0/1,?
/miscellaneous/delgado-intlg.html,0/2,?
/miscellaneous/delhaye-intl.html,0/2,?
/miscellaneous/dellavalle-intl.html,0/2,Giuseppe Della Valle - International Appearances
/miscellaneous/delpiero-intlg.html,0/2,?
/miscellaneous/delsolar-intl.html,0/1,?
/miscellaneous/delvecchio-intl.html,0/1,?
/miscellaneous/dempsey-intlg.html,0/4,?
/miscellaneous/demug-intl.html,0/2,?
/miscellaneous/demunck-intl.html,0/2,?
/miscellaneous/demyanenko-intlg.html,0/1,?
/miscellaneous/den-recintlp.html,21/5,Denmark - Record International Players
/miscellaneous/denapoli-intl.html,0/1,?
/miscellaneous/denatris-intl.html,0/3,Jan de Natris - International Appearances
/miscellaneous/deneve-intlg.html,4/5,Eddy de Neve - Goals in International Matches
/miscellaneous/dengelhardt-intl.html,0/1,?
/miscellaneous/denilson-intl.html,0/1,?
/miscellaneous/denis-intl.html,5/6,Harry Dénis - International Appearances
/miscellaneous/deportivo-ec.html,0/2,?
/miscellaneous/depra-intl.html,0/3,Giovanni De Prà - International Appearances
/miscellaneous/derosario-intlg.html,0/1,?
/miscellaneous/derossi-intlg.html,0/4,?
/miscellaneous/derpapierene-intlg.html,1/2,Matthias Sindelar - International Goals
/miscellaneous/derwall-intl.html,0/2,?
/miscellaneous/desailly-intl.html,0/3,?
/miscellaneous/deschamps-cintl.html,0/2,?
/miscellaneous/deschamps-intl.html,0/2,?
/miscellaneous/deseriere-intl.html,0/4,?
/miscellaneous/desisti-intl.html,0/2,?
/miscellaneous/destrebecq-intlg.html,0/1,?
/miscellaneous/detari-intlg.html,0/2,?
/miscellaneous/devecchi-intl.html,1/4,Renzo De Vecchi - International Appearances
/miscellaneous/deveen-intlg.html,0/2,?
/miscellaneous/devrij-intl.html,0/2,?
/miscellaneous/devrindt-intlg.html,0/1,?
/miscellaneous/devroet-intl.html,0/2,?
/miscellaneous/deyna-intlg.html,0/4,?
/miscellaneous/dezeeuw-intl.html,0/1,?
/miscellaneous/dgodin-intl.html,0/3,?
/miscellaneous/dharder-intl.html,0/2,?
/miscellaneous/dhealy-intlg.html,0/3,?
/miscellaneous/dhoeness-intl.html,0/3,?
/miscellaneous/diamanti-intl.html,0/2,?
/miscellaneous/diazarce-intlg.html,0/2,?
/miscellaneous/dibiagio-intl.html,0/1,?
/miscellaneous/dica-intl.html,0/1,?
/miscellaneous/dida-intl.html,0/1,?
/miscellaneous/dieente-intl.html,0/3,?
/miscellaneous/diegocosta-intl.html,0/3,?
/miscellaneous/dienst-intlg.html,0/2,?
/miscellaneous/dietz-intl.html,0/1,?
/miscellaneous/digennaro-intl.html,0/1,?
/miscellaneous/dilivio-intl.html,0/1,?
/miscellaneous/dillen-intlg.html,0/1,?
/miscellaneous/dimaria-intlg.html,0/4,?
/miscellaneous/dimatteo-intl.html,0/2,?
/miscellaneous/dinatale-intlg.html,0/2,?
/miscellaneous/dindane-intlg.html,0/1,?
/miscellaneous/dinu-intl.html,0/1,?
/miscellaneous/distefano-intl.html,0/3,?
/miscellaneous/djakobs-intl.html,0/2,?
/miscellaneous/djalma-intl.html,0/2,?
/miscellaneous/djeparov-intl.html,0/2,?
/miscellaneous/dji-recintlp.html,0/3,?
/miscellaneous/djorkaeff-intl.html,0/1,?
/miscellaneous/dk-ceriksen-intlg.html,0/4,?
/miscellaneous/dk-cpoulsen-intl.html,0/1,?
/miscellaneous/dk-kjaer-intl.html,0/3,?
/miscellaneous/dkamara-intl.html,0/1,?
/miscellaneous/dkessler-intlg.html,0/4,?
/miscellaneous/dkovacevic-intl.html,0/2,?
/miscellaneous/dkruglov-intl.html,0/4,?
/miscellaneous/dkuznetsov-intl.html,0/2,?
/miscellaneous/dlota-intlg.html,0/1,?
/miscellaneous/dlotsy-intl.html,1/2,Dirk Lotsy – International Appearances
/miscellaneous/dlugano-intl.html,0/2,?
/miscellaneous/dmalen-intl.html,0/1,?
/miscellaneous/dmenad-intlg.html,0/1,?
/miscellaneous/dmertens-intl.html,0/4,?
/miscellaneous/dmitrijev-intl.html,0/4,?
/miscellaneous/dmueller-intlg.html,0/3,?
/miscellaneous/dniculae-intl.html,0/1,?
/miscellaneous/dobay-intlg.html,0/1,?
/miscellaneous/dobias-intl.html,0/1,?
/miscellaneous/dobrin-intl.html,0/2,?
/miscellaneous/dobrovolsky-intl.html,0/3,?
/miscellaneous/doerner-intl.html,0/3,?
/miscellaneous/doesburg-intl.html,0/2,?
/miscellaneous/doeschner-intl.html,0/1,?
/miscellaneous/doll-intlg.html,0/3,?
/miscellaneous/domchall-in-ec.html,1/5,Domestic Challenges in European Club Cups
/miscellaneous/domenghini-intlg.html,0/2,?
/miscellaneous/domfinals.html,1/2,Domestic Finals in International Club Cups
/miscellaneous/donadoni-intl.html,0/1,?
/miscellaneous/donovan-intlg.html,0/4,?
/miscellaneous/dossena-intl.html,0/1,?
/miscellaneous/double-caps.html,350/25,Players Appearing for Two or More Countries
/miscellaneous/doublerec.html,193/2,Doing the Double!
/miscellaneous/dozy-intl.html,0/3,?
/miscellaneous/dpenev-intl.html,0/1,?
/miscellaneous/dpopov-intl.html,0/2,?
/miscellaneous/dproepper-intl.html,0/2,?
/miscellaneous/draeger-intl.html,0/2,?
/miscellaneous/dragovic-intl.html,0/3,?
/miscellaneous/drcaniza-intl.html,0/3,?
/miscellaneous/dremmler-intl.html,0/2,?
/miscellaneous/drogba-intlg.html,0/4,?
/miscellaneous/drok-intl.html,0/2,?
/miscellaneous/drozdov-intl.html,0/2,?
/miscellaneous/dschneider-intl.html,0/1,?
/miscellaneous/dschrijvers-intl.html,0/1,?
/miscellaneous/dsimic-intl.html,0/4,?
/miscellaneous/dstankovic-intlg.html,0/4,?
/miscellaneous/dstojkovic-intlg.html,0/2,?
/miscellaneous/dublin.html,1/1,Dublin in a League with Bristol and Liverpool
/miscellaneous/dubovsky-intlg.html,0/3,?
/miscellaneous/ducke-intlg.html,0/1,?
/miscellaneous/dudamel-intl.html,0/1,?
/miscellaneous/dudu-intlg.html,0/1,?
/miscellaneous/duff-intlg.html,0/4,?
/miscellaneous/dui-arlt-intl.html,0/2,?
/miscellaneous/dui-awerner-intl.html,1/3,Adolf Werner - International Appearances
/miscellaneous/dui-benthaus-intl.html,2/3,Helmut Benthaus - International Appearances
/miscellaneous/dui-bfranke-intl.html,0/2,?
/miscellaneous/dui-bierofka-intl.html,0/2,?
/miscellaneous/dui-cschulz-intl.html,0/2,?
/miscellaneous/dui-danner-intl.html,0/2,?
/miscellaneous/dui-dherzog-intl.html,2/3,Dieter Herzog - International Appearances
/miscellaneous/dui-engelhardt-intl.html,0/2,?
/miscellaneous/dui-gcastro-intl.html,0/2,?
/miscellaneous/dui-gentner-intl.html,0/2,?
/miscellaneous/dui-gersdorff-intl.html,0/2,?
/miscellaneous/dui-groh-intl.html,0/2,?
/miscellaneous/dui-haringer-intl.html,0/2,?
/miscellaneous/dui-hnickel-intl.html,0/2,?
/miscellaneous/dui-hunt-intl.html,0/2,?
/miscellaneous/dui-hweber-intl.html,0/3,Heinrich Weber - International Appearances
/miscellaneous/dui-jhector-intl.html,0/2,?
/miscellaneous/dui-jmueller-intl.html,0/3,Josef 'Sepp' Müller - International Appearances
/miscellaneous/dui-kburger-intl.html,1/3,Karl Burger - International Appearances
/miscellaneous/dui-kelsch-intl.html,0/2,?
/miscellaneous/dui-khedira-intlg.html,0/2,?
/miscellaneous/dui-kimmich-intl.html,0/4,?
/miscellaneous/dui-kniedermayer-intl.html,0/2,?
/miscellaneous/dui-kramer-intl.html,0/2,?
/miscellaneous/dui-kroos-intl.html,0/3,?
/miscellaneous/dui-kruse-intl.html,0/3,?
/miscellaneous/dui-lbender-intl.html,0/2,?
/miscellaneous/dui-lmueller-intl.html,0/2,?
/miscellaneous/dui-marin-intl.html,0/2,?
/miscellaneous/dui-memering-intl.html,0/2,?
/miscellaneous/dui-milewski-intl.html,0/2,?
/miscellaneous/dui-mustafi-intl.html,0/2,?
/miscellaneous/dui-neuer-intl.html,0/3,?
/miscellaneous/dui-nmueller-intl.html,0/2,?
/miscellaneous/dui-nogly-intl.html,0/2,?
/miscellaneous/dui-npetersen-intl.html,0/3,?
/miscellaneous/dui-oezil-intlg.html,0/1,?
/miscellaneous/dui-osorg-intl.html,0/2,?
/miscellaneous/dui-rau-intl.html,0/2,?
/miscellaneous/dui-reichel-intl.html,2/3,Peter Reichel - International Appearances
/miscellaneous/dui-reisch-intl.html,0/2,?
/miscellaneous/dui-riether-intl.html,0/2,?
/miscellaneous/dui-roehrig-intl.html,0/2,?
/miscellaneous/dui-rudy-intl.html,0/2,?
/miscellaneous/dui-sam-intl.html,0/2,?
/miscellaneous/dui-sbender-intl.html,0/2,?
/miscellaneous/dui-schmelzer-intl.html,0/2,?
/miscellaneous/dui-steffenhagen-intl.html,0/2,?
/miscellaneous/dui-stindl-intl.html,0/2,?
/miscellaneous/dui-suele-intl.html,1/2,Niklas Süle - International Appearances
/miscellaneous/dui-sutor-intl.html,0/2,?
/miscellaneous/dui-tweis-intl.html,0/2,?
/miscellaneous/dui-wollscheid-intl.html,0/2,?
/miscellaneous/dui-wseel-intl.html,2/3,Wolfgang Seel - International Appearances
/miscellaneous/duit-coach-triv.html,0/2,?
/miscellaneous/duit-recintlp.html,486/7,(West) Germany - Record International Players
/miscellaneous/duitpoy.html,38/2,(West) Germany - Footballer of the Year
/miscellaneous/dukla-ec.html,1/2,Dukla Praha / FK Marila Pribram - Games in European Cups
/miscellaneous/dullens-intl.html,0/2,?
/miscellaneous/dumfries-intl.html,0/2,?
/miscellaneous/dumitrache-intlg.html,0/1,?
/miscellaneous/dumitrescu-intlg.html,0/1,?
/miscellaneous/dunga-intl.html,0/1,?
/miscellaneous/dussuyer-cintl.html,0/2,?
/miscellaneous/dvilla-intlg.html,0/4,?
/miscellaneous/dvoracek-intlg.html,0/1,?
/miscellaneous/dwalker-intl.html,0/1,?
/miscellaneous/dwarika-intlg.html,0/1,?
/miscellaneous/dzagreb-ec.html,1/3,NK Croatia/Dinamo Zagreb: Euro Cup Games
/miscellaneous/dzajic-intl.html,0/2,?
/miscellaneous/dzeko-intlg.html,0/5,?
/miscellaneous/dziekanowski-intl.html,0/2,?
/miscellaneous/dziri-intl.html,0/1,?
/miscellaneous/dzsudzsak-intlg.html,0/4,?
/miscellaneous/dzyuba-intlg.html,0/3,?
/miscellaneous/ealbrecht-intl.html,0/3,Ernst Albrecht - International Appearances
/miscellaneous/ebauer-intlg.html,0/1,?
/miscellaneous/ebeer-intlg.html,0/3,?
/miscellaneous/eboerjesson-intlg.html,1/2,Erik Börjesson - Goals in International Matches
/miscellaneous/eboue-intl.html,0/1,?
/miscellaneous/ebulder-intl.html,0/4,Evert Bulder – International Appearances
/miscellaneous/ec-qual.html,0/1,-
/miscellaneous/ec1-cl-rank.html,1/1,Champions League - All-Time Table
/miscellaneous/ecagerecords.html,0/2,?
/miscellaneous/ecc.html,12/8,Champions' Cup/Champions League Trivia
/miscellaneous/ecfaq.html,3/7,FAQ: Qualification and Seeding for the European Cups
/miscellaneous/ecfaq-uefa1.html,0/1,?
/miscellaneous/ecfaq-uefa2.html,0/1,?
/miscellaneous/echaralambous-intl.html,0/2,?
/miscellaneous/echiejile-intl.html,0/1,?
/miscellaneous/eckel-intl.html,0/2,?
/miscellaneous/eckstein-intl.html,0/2,?
/miscellaneous/ecqf.html,1/1,Javhar's All Time European Club Rankings
/miscellaneous/ecua-recintlp.html,0/3,?
/miscellaneous/ecua-valencia1-intl.html,0/2,?
/miscellaneous/ecua-valencia2-intlg.html,0/4,?
/miscellaneous/eddypg-intl.html,0/2,?
/miscellaneous/edrost-intl.html,0/1,?
/miscellaneous/eduardo-cro-intlg.html,0/2,?
/miscellaneous/eedd.html,5/31,English Energy and Nordic Nonsense
/miscellaneous/eelia-intl.html,0/2,?
/miscellaneous/effenberg-intl.html,0/2,?
/miscellaneous/egy-abouzaid-intl.html,0/1,?
/miscellaneous/egy-badawi-intlg.html,0/1,?
/miscellaneous/egy-belal-intlg.html,0/1,?
/miscellaneous/egy-coach-triv.html,0/2,?
/miscellaneous/egy-dhizui-intlg.html,0/3,?
/miscellaneous/egy-fathallah-intl.html,0/1,?
/miscellaneous/egy-gafaar-intl.html,0/1,?
/miscellaneous/egy-gamal-intl.html,0/1,?
/miscellaneous/egy-geddo-intlg.html,0/1,?
/miscellaneous/egy-ghareeb-intl.html,0/1,?
/miscellaneous/egy-hady-intl.html,0/1,?
/miscellaneous/egy-khateeb-intlg.html,0/1,?
/miscellaneous/egy-malek-intl.html,0/1,?
/miscellaneous/egy-momar-intl.html,0/1,?
/miscellaneous/egy-nenni-intl.html,0/2,?
/miscellaneous/egy-rayan-intl.html,0/1,?
/miscellaneous/egy-recintlp.html,0/5,?
/miscellaneous/egy-said-intl.html,0/1,?
/miscellaneous/egy-salah-intlg.html,0/4,?
/miscellaneous/egy-sheyagui-intl.html,0/1,?
/miscellaneous/egy-soliman-intl.html,0/1,?
/miscellaneous/egy-youssef-intl.html,0/1,?
/miscellaneous/ehazard-intlg.html,0/4,?
/miscellaneous/ehoffmann-intl.html,0/1,?
/miscellaneous/eijkenbroek-intl.html,0/1,?
/miscellaneous/eilitz-intl.html,0/1,?
/miscellaneous/eilts-intl.html,0/2,?
/miscellaneous/ejvargas-intlg.html,0/4,?
/miscellaneous/ekanhaeuser-intl.html,0/1,?
/miscellaneous/ekoeman-intl.html,0/4,?
/miscellaneous/ekremers-intl.html,0/2,?
/miscellaneous/elahee-cintl.html,0/2,?
/miscellaneous/elfring-intl.html,0/3,Jan Elfring - International Appearances
/miscellaneous/elkjaer-intlg.html,0/3,?
/miscellaneous/ellmaneelma-intlg.html,0/4,Eduard Ellmann-Eelma - Goals in International Matches
/miscellaneous/elmander-intlg.html,0/2,?
/miscellaneous/elroysmith-intl.html,0/1,?
/miscellaneous/elsal-dceren-intl.html,0/3,?
/miscellaneous/elsal-recintlp.html,0/4,?
/miscellaneous/emaes-intlg.html,1/3,Eugène Maes - International Goals
/miscellaneous/emara-intl.html,0/1,?
/miscellaneous/emartinez-intlg.html,0/2,?
/miscellaneous/emendez-intlg.html,0/3,?
/miscellaneous/emersonleao-intl.html,0/1,?
/miscellaneous/emerton-intlg.html,0/2,?
/miscellaneous/emetgod-intl.html,0/2,?
/miscellaneous/emmerich-intlg.html,0/3,?
/miscellaneous/emohammed-intlg.html,0/3,?
/miscellaneous/empenza-intlg.html,0/1,?
/miscellaneous/enezi-intlg.html,0/3,?
/miscellaneous/eng-coach-triv.html,0/2,?
/miscellaneous/eng-kwalker-intl.html,0/2,?
/miscellaneous/eng-recintlp.html,0/3,?
/miscellaneous/engelaar-intl.html,0/1,?
/miscellaneous/enghonours.html,1/1,"English Clubs ""Roll of Honours"""
/miscellaneous/engpoy.html,1/2,England - Players Awards
/miscellaneous/enyeama-intl.html,0/2,?
/miscellaneous/eobarreto-intl.html,0/1,?
/miscellaneous/eogris-intl.html,0/1,?
/miscellaneous/eolsen-cintl.html,0/2,?
/miscellaneous/epalacios-intlg.html,0/1,?
/miscellaneous/epieters-intl.html,0/1,?
/miscellaneous/eqg-zarandona-intl.html,0/1,?
/miscellaneous/eqguinea-recintlp.html,0/3,?
/miscellaneous/eqguinea-stadiums.html,1/2,Equatorial Guinea - Stadiums
/miscellaneous/eranio-intl.html,0/1,?
/miscellaneous/ercan-intl.html,0/1,?
/miscellaneous/erdem-intlg.html,0/1,?
/miscellaneous/eretter-intl.html,0/2,?
/miscellaneous/erhardt-intl.html,0/1,?
/miscellaneous/erler-intlg.html,0/1,?
/miscellaneous/ernst-intlg.html,0/1,?
/miscellaneous/ersanchez-intlg.html,0/1,?
/miscellaneous/esandoi-intl.html,0/1,?
/miscellaneous/escura-intl.html,0/1,?
/miscellaneous/esm-xi.html,2/3,ESM XI
/miscellaneous/est-anier-intlg.html,0/4,?
/miscellaneous/est-kink-intl.html,0/2,?
/miscellaneous/est-kirs-intl.html,0/2,?
/miscellaneous/est-lemsalu-intl.html,0/2,?
/miscellaneous/est-mets-intl.html,0/4,?
/miscellaneous/est-puri-intl.html,0/2,?
/miscellaneous/est-recintlp.html,26/4,Estonia - Record International Players
/miscellaneous/est-stepanov-intl.html,0/2,?
/miscellaneous/est-teniste-intl.html,0/4,?
/miscellaneous/est-vassiljev-intl.html,0/4,?
/miscellaneous/est-zenjov-intl.html,0/4,?
/miscellaneous/esteli-intl.html,0/1,?
/miscellaneous/estpoy.html,1/2,Estonia - Player of the Year Awards
/miscellaneous/estrada-intl.html,0/1,?
/miscellaneous/estrempel-intl.html,0/1,?
/miscellaneous/etana-intl.html,0/3,?
/miscellaneous/etcheverry-intl.html,0/1,?
/miscellaneous/etoo-intlg.html,0/4,?
/miscellaneous/etxeberria-intl.html,0/2,?
/miscellaneous/eur-stadium.html,1/3,European Stadiums
/miscellaneous/euro-uefatot.html,2/3,European Championships - UEFA Teams of Tournament
/miscellaneous/eurocupsstadia.html,1/2,Stadia that held European Cup Finals
/miscellaneous/europa-poy.html,58/3,"European Footballer of the Year (""Ballon d'Or"")"
/miscellaneous/europa-poy00.html,0/1,?
/miscellaneous/europa-poy01.html,0/1,?
/miscellaneous/europa-poy02.html,0/1,?
/miscellaneous/europa-poy03.html,0/1,?
/miscellaneous/europa-poy04.html,0/1,?
/miscellaneous/europa-poy05.html,0/1,?
/miscellaneous/europa-poy06.html,0/1,?
/miscellaneous/europa-poy07.html,0/1,?
/miscellaneous/europa-poy08.html,0/1,?
/miscellaneous/europa-poy09.html,0/1,?
/miscellaneous/europa-poy56.html,0/1,?
/miscellaneous/europa-poy57.html,0/1,?
/miscellaneous/europa-poy58.html,0/1,?
/miscellaneous/europa-poy59.html,0/1,?
/miscellaneous/europa-poy60.html,0/2,?
/miscellaneous/europa-poy61.html,0/2,?
/miscellaneous/europa-poy62.html,0/2,?
/miscellaneous/europa-poy63.html,0/2,?
/miscellaneous/europa-poy64.html,0/1,?
/miscellaneous/europa-poy65.html,0/1,?
/miscellaneous/europa-poy66.html,0/1,?
/miscellaneous/europa-poy67.html,0/1,?
/miscellaneous/europa-poy68.html,0/1,?
/miscellaneous/europa-poy69.html,0/1,?
/miscellaneous/europa-poy70.html,0/1,?
/miscellaneous/europa-poy71.html,0/1,?
/miscellaneous/europa-poy72.html,0/1,?
/miscellaneous/europa-poy73.html,0/1,?
/miscellaneous/europa-poy74.html,0/1,?
/miscellaneous/europa-poy75.html,0/1,?
/miscellaneous/europa-poy76.html,0/1,?
/miscellaneous/europa-poy77.html,0/1,?
/miscellaneous/europa-poy78.html,0/1,?
/miscellaneous/europa-poy79.html,0/1,?
/miscellaneous/europa-poy80.html,0/1,?
/miscellaneous/europa-poy81.html,0/1,?
/miscellaneous/europa-poy82.html,0/1,?
/miscellaneous/europa-poy83.html,0/1,?
/miscellaneous/europa-poy84.html,0/1,?
/miscellaneous/europa-poy85.html,0/1,?
/miscellaneous/europa-poy86.html,0/1,?
/miscellaneous/europa-poy87.html,0/1,?
/miscellaneous/europa-poy88.html,0/1,?
/miscellaneous/europa-poy89.html,0/1,?
/miscellaneous/europa-poy90.html,0/1,?
/miscellaneous/europa-poy91.html,0/1,?
/miscellaneous/europa-poy92.html,0/1,?
/miscellaneous/europa-poy93.html,0/1,?
/miscellaneous/europa-poy94.html,0/1,?
/miscellaneous/europa-poy95.html,0/1,?
/miscellaneous/europa-poy96.html,0/1,?
/miscellaneous/europa-poy97.html,0/1,?
/miscellaneous/europa-poy98.html,0/1,?
/miscellaneous/europa-poy99.html,0/1,?
/miscellaneous/europa-toy.html,50/4,European National Team of the Year
/miscellaneous/europa-toy00.html,0/1,?
/miscellaneous/europa-toy01.html,0/1,?
/miscellaneous/europa-toy02.html,0/1,?
/miscellaneous/europa-toy03.html,0/1,?
/miscellaneous/europa-toy04.html,0/1,?
/miscellaneous/europa-toy05.html,0/1,?
/miscellaneous/europa-toy06.html,0/1,?
/miscellaneous/europa-toy59.html,0/1,?
/miscellaneous/europa-toy60.html,0/1,?
/miscellaneous/europa-toy61.html,0/1,?
/miscellaneous/europa-toy62.html,0/1,?
/miscellaneous/europa-toy63.html,0/1,?
/miscellaneous/europa-toy64.html,0/1,?
/miscellaneous/europa-toy65.html,0/1,?
/miscellaneous/europa-toy66.html,0/1,?
/miscellaneous/europa-toy67.html,0/1,?
/miscellaneous/europa-toy68.html,0/1,?
/miscellaneous/europa-toy69.html,0/1,?
/miscellaneous/europa-toy70.html,0/1,?
/miscellaneous/europa-toy71.html,0/1,?
/miscellaneous/europa-toy72.html,0/1,?
/miscellaneous/europa-toy73.html,0/1,?
/miscellaneous/europa-toy74.html,0/1,?
/miscellaneous/europa-toy75.html,0/1,?
/miscellaneous/europa-toy76.html,0/1,?
/miscellaneous/europa-toy77.html,0/1,?
/miscellaneous/europa-toy78.html,0/1,?
/miscellaneous/europa-toy79.html,0/1,?
/miscellaneous/europa-toy80.html,0/1,?
/miscellaneous/europa-toy81.html,0/1,?
/miscellaneous/europa-toy82.html,0/1,?
/miscellaneous/europa-toy83.html,0/1,?
/miscellaneous/europa-toy84.html,0/1,?
/miscellaneous/europa-toy85.html,0/1,?
/miscellaneous/europa-toy86.html,0/1,?
/miscellaneous/europa-toy87.html,0/1,?
/miscellaneous/europa-toy88.html,0/1,?
/miscellaneous/europa-toy89.html,0/1,?
/miscellaneous/europa-toy90.html,0/1,?
/miscellaneous/europa-toy91.html,0/1,?
/miscellaneous/europa-toy92.html,0/1,?
/miscellaneous/europa-toy93.html,0/1,?
/miscellaneous/europa-toy94.html,0/1,?
/miscellaneous/europa-toy95.html,0/1,?
/miscellaneous/europa-toy96.html,0/1,?
/miscellaneous/europa-toy97.html,0/1,?
/miscellaneous/europa-toy98.html,0/1,?
/miscellaneous/europa-toy99.html,0/1,?
/miscellaneous/europedefense.html,1/3,Best Defensive Efforts in European Leagues
/miscellaneous/eusebio-intlg.html,0/4,?
/miscellaneous/evani-intl.html,0/2,?
/miscellaneous/eve-intlg.html,0/3,?
/miscellaneous/even.html,1/1,Most Competitive League
/miscellaneous/evogl-intl.html,0/1,?
/miscellaneous/ewaldner-intl.html,0/2,?
/miscellaneous/exoranje.html,82/25,Oranje Players born outside the Netherlands
/miscellaneous/extreme-europe.html,1/3,Geographical Extremes in European Football
/miscellaneous/extreme-samerica.html,1/2,Geographical Extremes in South American Football
/miscellaneous/extreme-world.html,1/2,Geographical Extremes in World Football
/miscellaneous/extreme-worldcup.html,1/2,Geographical Extremes in World Cup
/miscellaneous/fabregas-intl.html,0/4,?
/miscellaneous/facchetti-intl.html,0/1,?
/miscellaneous/fach-intl.html,0/2,?
/miscellaneous/fahrenhorst-intl.html,0/2,?
/miscellaneous/fahrian-intl.html,0/2,?
/miscellaneous/fairs.html,7/7,Fairs' Cup Trivia
/miscellaneous/falkenmayer-intl.html,0/2,?
/miscellaneous/famubarak-intlg.html,0/3,?
/miscellaneous/fan-intl.html,0/3,?
/miscellaneous/fandiahmad-intlg.html,0/4,?
/miscellaneous/far-coach.html,0/2,?
/miscellaneous/far-edmundsson-intl.html,0/3,?
/miscellaneous/far-recintlp.html,6/4,Faroe Islands - Record International Players
/miscellaneous/fas-urls.html,0/2,?
/miscellaneous/fathi-intl.html,0/2,?
/miscellaneous/fattal-intlg.html,0/1,?
/miscellaneous/faysali-win-32.html,0/1,?
/miscellaneous/fbaresi-intl.html,0/1,?
/miscellaneous/fbashir-intlg.html,0/4,?
/miscellaneous/fberghuis-intl.html,0/2,?
/miscellaneous/fcoco-intl.html,0/1,?
/miscellaneous/fdeak-intlg.html,0/1,?
/miscellaneous/fdeboer-intl.html,0/6,?
/miscellaneous/fdejong-intl.html,0/1,?
/miscellaneous/feiersinger-intl.html,0/1,?
/miscellaneous/feindouno-intlg.html,0/2,?
/miscellaneous/fellaini-intl.html,0/1,?
/miscellaneous/fenervreemd.html,2/2,"Fenerbahçe SK vs ""foreign"" clubs in domestic leagues"
/miscellaneous/fenyvesi-intlg.html,0/1,?
/miscellaneous/fernst-intl.html,0/2,?
/miscellaneous/ferrari-intlg.html,0/2,?
/miscellaneous/ferrer-intl.html,0/2,?
/miscellaneous/festay-intlg.html,0/1,?
/miscellaneous/ff-afr30.html,1/2,"France Football ""Légendes Africaines Top 30"""
/miscellaneous/ff-wc100.html,1/3,France Football's World Cup Top-100 1930-1990
/miscellaneous/ffoda-intl.html,0/2,?
/miscellaneous/fgallego-intl.html,0/2,?
/miscellaneous/fgrosso-intl.html,0/2,?
/miscellaneous/fierens-intl.html,1/4,André Fierens - International Appearances
/miscellaneous/fifa-awards.html,8/4,FIFA Awards
/miscellaneous/fifa-codes.html,1/2,FIFA Country Codes
/miscellaneous/fifa-gb02.html,0/1,?
/miscellaneous/fifa-gb82.html,0/1,?
/miscellaneous/fifa-gb86.html,0/1,?
/miscellaneous/fifa-gb90.html,0/1,?
/miscellaneous/fifa-gb98.html,0/1,?
/miscellaneous/fifa-xi.html,4/3,Matches of FIFA XI
/miscellaneous/fifaforgotten.html,26/2,Miscellaneous Information on Representative Teams of non-FIFA Members
/miscellaneous/fifaranking.html,0/1,-
/miscellaneous/figo-intl.html,0/4,?
/miscellaneous/fiji-krishna-intlg.html,0/3,?
/miscellaneous/filimonov-intl.html,0/2,?
/miscellaneous/filipescu-intl.html,0/1,?
/miscellaneous/fillol-intl.html,0/2,?
/miscellaneous/fin-coach-triv.html,0/2,?
/miscellaneous/fin-hradecky-intl.html,0/4,?
/miscellaneous/fin-recintlp.html,10/4,Finland - International Player Records
/miscellaneous/fin-wom-recintlp.html,0/2,?
/miscellaneous/fin-wompoy.html,1/2,Finland - Women Player of the Year Awards
/miscellaneous/finney-intlg.html,0/2,?
/miscellaneous/finpoy.html,1/2,Finland - Player of the Year Awards
/miscellaneous/finzaghi-intlg.html,0/2,?
/miscellaneous/fischera-intlg.html,1/2,"Adolf ""Adi"" Fischera - International Goals"
/miscellaneous/fjarce-intl.html,0/1,?
/miscellaneous/fjrodriguez-intl.html,0/3,?
/miscellaneous/fklein-intl.html,0/1,?
/miscellaneous/flavioamado-intlg.html,0/3,?
/miscellaneous/flinkevleugel-intl.html,0/1,?
/miscellaneous/flohe-intl.html,0/2,?
/miscellaneous/flutz-intl.html,0/2,?
/miscellaneous/fmeszaros-intl.html,0/1,?
/miscellaneous/fmill-intl.html,0/3,?
/miscellaneous/fmorena-intl.html,0/1,?
/miscellaneous/foerderer-intlg.html,1/3,Fritz Förderer - Goals in International Matches
/miscellaneous/fonscea-intlg.html,0/1,?
/miscellaneous/fonseca-intlg.html,0/4,?
/miscellaneous/fontaine-intlg.html,1/3,Just Fontaine - Goals in International Matches
/miscellaneous/forlan-intl.html,0/3,?
/miscellaneous/formenoy-intlg.html,0/3,Ok Formenoĳ - International Appearances
/miscellaneous/forssell-intlg.html,0/2,?
/miscellaneous/fortgens-intl.html,2/3,Gé Fortgens - International Appearances
/miscellaneous/fouilloux-intlg.html,0/1,?
/miscellaneous/fpastor-intl.html,0/1,?
/miscellaneous/fpetre-intl.html,0/1,?
/miscellaneous/fraeszdorf-intl.html,0/1,?
/miscellaneous/fran-benzema-intlg.html,0/2,?
/miscellaneous/fran-coach-triv.html,0/2,?
/miscellaneous/fran-giroud-intlg.html,0/4,?
/miscellaneous/fran-mbappe-intlg.html,0/3,?
/miscellaneous/fran-players-in-ec-5595.html,0/2,?
/miscellaneous/fran-recintlp.html,0/6,?
/miscellaneous/francescoli-intlg.html,0/1,?
/miscellaneous/francis-intlg.html,0/1,?
/miscellaneous/francken-intlg.html,8/8,Mannus Francken - Goals in International Matches
/miscellaneous/franckens-intl.html,4/4,Francken Brothers
/miscellaneous/franpoy.html,1/2,France - Footballer of the Year
/miscellaneous/franpoy-oscar.html,1/2,France - Les Oscars du Football
/miscellaneous/fratila-intlg.html,0/1,?
/miscellaneous/frbaumann-intl.html,0/2,?
/miscellaneous/frei-intlg.html,0/4,?
/miscellaneous/frenzel-intl.html,0/1,?
/miscellaneous/frg-evens-intl.html,0/3,?
/miscellaneous/frgarcia-intlg.html,0/1,?
/miscellaneous/frick-intlg.html,0/4,?
/miscellaneous/frings-intl.html,0/2,?
/miscellaneous/frocca-intl.html,0/1,?
/miscellaneous/fromano-intl.html,0/1,?
/miscellaneous/frontzeck-intl.html,0/2,?
/miscellaneous/froth-intl.html,0/2,?
/miscellaneous/frwagner-intl.html,0/3,?
/miscellaneous/fsantos-cintl.html,0/1,?
/miscellaneous/fschuetz-intl.html,0/2,?
/miscellaneous/fsipos-intl.html,0/1,?
/miscellaneous/fsmeets-intlg.html,0/3,Felix Smeets – Goals in International Matches
/miscellaneous/fszedlacsek-intl.html,0/1,?
/miscellaneous/fterim-cintl.html,0/2,?
/miscellaneous/fthijssen-intl.html,0/1,?
/miscellaneous/fthompson-intl.html,0/1,?
/miscellaneous/ftorres-intlg.html,0/4,?
/miscellaneous/fuchs-intlg.html,1/3,Gottfried Fuchs - Goals in International Matches
/miscellaneous/fuhrmann-intl.html,0/1,?
/miscellaneous/furtok-intl.html,0/2,?
/miscellaneous/fuser-intl.html,0/1,?
/miscellaneous/fvdelst-intl.html,0/1,?
/miscellaneous/fwalter-intlg.html,0/3,?
/miscellaneous/fyodorov-intl.html,0/1,?
/miscellaneous/fyrom-recintlp.html,10/4,(North) Macedonia - Record International Players
/miscellaneous/gab-amegasse-intl.html,0/2,?
/miscellaneous/gab-ecuele-intl.html,0/2,?
/miscellaneous/gab-mendome-intl.html,0/1,?
/miscellaneous/gab-recintlp.html,0/4,?
/miscellaneous/gabgomez-intl.html,0/3,?
/miscellaneous/gadocha-intl.html,0/2,?
/miscellaneous/gaetjens-intlg.html,0/3,?
/miscellaneous/gago-intl.html,0/2,?
/miscellaneous/gahamid-intlg.html,0/1,?
/miscellaneous/gainza-intl.html,0/2,?
/miscellaneous/gajara-intl.html,0/3,?
/miscellaneous/gakpo-intl.html,0/1,?
/miscellaneous/galasek-intl.html,0/2,?
/miscellaneous/galca-intl.html,0/1,?
/miscellaneous/galic-intlg.html,0/3,?
/miscellaneous/galyamin-intl.html,0/2,?
/miscellaneous/gam-colley-intl.html,0/2,?
/miscellaneous/gamarra-intl.html,0/3,?
/miscellaneous/gamb-recintlp.html,0/3,?
/miscellaneous/ganea-intlg.html,0/1,?
/miscellaneous/gaolin-intlg.html,0/3,?
/miscellaneous/garaba-intl.html,0/1,?
/miscellaneous/garay-intl.html,0/2,?
/miscellaneous/garciaaspe-intl.html,0/3,?
/miscellaneous/garics-intl.html,0/1,?
/miscellaneous/gascoigne-intl.html,0/1,?
/miscellaneous/gattuso-intl.html,0/2,?
/miscellaneous/gauchel-intlg.html,0/2,?
/miscellaneous/gaudino-intl.html,0/2,?
/miscellaneous/gbaresi-intl.html,0/2,?
/miscellaneous/gbis-mendes-intl.html,0/2,?
/miscellaneous/gbis-recintlp.html,0/3,?
/miscellaneous/gbis-stadiums.html,1/2,Guinea-Bissau - Stadiums
/miscellaneous/gbisrival.html,1/2,Guinea-Bissau - Football rivalries
/miscellaneous/gboateng-intl.html,0/2,?
/miscellaneous/gboot.html,3/4,"Golden Boot (""Soulier d'Or"") Awards"
/miscellaneous/gcabrera-intl.html,0/2,?
/miscellaneous/gchirwa-intl.html,0/3,?
/miscellaneous/gcombi-intl.html,0/3,Gianpiero Combi - International Appearances
/miscellaneous/gebroeders-intl.html,0/1,?
/miscellaneous/geels-intlg.html,0/1,?
/miscellaneous/geiger-intl.html,0/4,?
/miscellaneous/gellesch-intl.html,0/2,?
/miscellaneous/gennari-intl.html,0/2,?
/miscellaneous/gentile-intl.html,0/1,?
/miscellaneous/gento-intl.html,0/2,?
/miscellaneous/geor-arveladze-intlg.html,0/3,?
/miscellaneous/geor-kaladze-intl.html,0/2,?
/miscellaneous/geor-kashia-intl.html,0/4,?
/miscellaneous/geor-khizanishvili-intl.html,0/2,?
/miscellaneous/geor-recintlp.html,10/4,Georgia - Record International Players
/miscellaneous/georgalides-intl.html,0/2,?
/miscellaneous/ger-brauer-intl.html,0/1,?
/miscellaneous/geremi-intl.html,0/3,?
/miscellaneous/gerets-intl.html,0/1,?
/miscellaneous/gerrard-intlg.html,0/3,?
/miscellaneous/gerson-intl.html,0/1,?
/miscellaneous/gervinho-intlg.html,0/1,?
/miscellaneous/geye-intl.html,0/3,?
/miscellaneous/geynrikh-intlg.html,0/1,?
/miscellaneous/gfoot.html,1/1,Golden Foot Awards
/miscellaneous/gfrank-intl.html,0/2,?
/miscellaneous/ggalli-intl.html,0/1,?
/miscellaneous/ggruen-intl.html,0/1,?
/miscellaneous/gha-aayew-intlg.html,0/2,?
/miscellaneous/gha-acquah-intlg.html,0/2,?
/miscellaneous/gha-coach.html,0/2,?
/miscellaneous/gha-jpayew-intlg.html,0/2,?
/miscellaneous/gha-owusu-intlg.html,0/1,?
/miscellaneous/gha-recintlp.html,0/5,?
/miscellaneous/gha-yeboah-intlg.html,0/1,?
/miscellaneous/ghaak-intl.html,0/1,?
/miscellaneous/ghalbu-intl.html,0/1,?
/miscellaneous/ghazarian-intlg.html,0/1,?
/miscellaneous/ghconstantin-intl.html,0/1,?
/miscellaneous/gheinze-intl.html,0/2,?
/miscellaneous/ghering-intlg.html,0/3,Leo Ghering – International Appearances
/miscellaneous/ghermann-intl.html,0/2,?
/miscellaneous/ghiggia-intlg.html,0/2,?
/miscellaneous/ghilani-intl.html,0/3,?
/miscellaneous/ghodgson-intl.html,0/2,?
/miscellaneous/giaccherini-intl.html,0/2,?
/miscellaneous/giannini-intl.html,0/2,?
/miscellaneous/gib-lwalker-intl.html,0/3,?
/miscellaneous/gib-recintlp.html,3/4,Gibraltar - Record International Players
/miscellaneous/gielens-intl.html,0/2,?
/miscellaneous/giesemann-intl.html,0/2,?
/miscellaneous/gilardino-intlg.html,0/1,?
/miscellaneous/gilbertosilva-intl.html,0/1,?
/miscellaneous/gillhaus-intl.html,0/1,?
/miscellaneous/gimhof-intl.html,0/1,?
/miscellaneous/giorgulescu-intl.html,0/1,?
/miscellaneous/giosantos-intlg.html,0/3,?
/miscellaneous/giovinco-intl.html,0/2,?
/miscellaneous/giresse-cintl.html,0/2,?
/miscellaneous/given-intl.html,0/3,?
/miscellaneous/gkessler-intl.html,0/3,?
/miscellaneous/gkiraly-intl.html,0/3,?
/miscellaneous/gkoerner-intl.html,0/1,?
/miscellaneous/gmaldonado-intlg.html,0/1,?
/miscellaneous/gmedel-intl.html,0/3,?
/miscellaneous/gmihali-intl.html,0/1,?
/miscellaneous/gmuehren-intl.html,0/2,?
/miscellaneous/goater-intlg.html,0/2,?
/miscellaneous/goebel-intl.html,5/6,Just Göbel - International Appearances
/miscellaneous/gohary-cintl.html,0/1,?
/miscellaneous/goian-intl.html,0/2,?
/miscellaneous/goicoechea-intl.html,0/2,?
/miscellaneous/goikoetxea-intl.html,0/2,?
/miscellaneous/goldbrunner-intl.html,0/2,?
/miscellaneous/golmohammadi-intl.html,0/1,?
/miscellaneous/golovatenco-intl.html,0/2,?
/miscellaneous/gomez-cintl.html,0/2,?
/miscellaneous/goodison-intl.html,0/3,?
/miscellaneous/goor-intl.html,0/1,?
/miscellaneous/gordillo-intl.html,0/2,?
/miscellaneous/gorlukovich-intl.html,0/3,?
/miscellaneous/gotsmanov-intl.html,0/2,?
/miscellaneous/gpespinoza-intl.html,0/1,?
/miscellaneous/gpique-intl.html,0/4,?
/miscellaneous/grabowski-intl.html,0/2,?
/miscellaneous/gramirez-intl.html,0/2,?
/miscellaneous/gramlich-intl.html,0/1,?
/miscellaneous/grapenthin-intl.html,0/1,?
/miscellaneous/graziani-intlg.html,0/2,?
/miscellaneous/greaves-intlg.html,0/3,?
/miscellaneous/gren-intlg.html,0/4,?
/miscellaneous/grenada-recintlp.html,0/3,?
/miscellaneous/grenoli-intlg.html,6/2,Gre-No-Li - Goals in International Matches
/miscellaneous/griezmann-intlg.html,0/4,?
/miscellaneous/grk-coach.html,0/2,?
/miscellaneous/grk-recintlp.html,11/4,Greece - Record International Players
/miscellaneous/grohr-cintl.html,0/2,?
/miscellaneous/gromero-intl.html,0/1,?
/miscellaneous/groosjohan-intl.html,0/3,Ber Groosjohan - International Appearances
/miscellaneous/grosics-intl.html,0/2,?
/miscellaneous/grossi-intl.html,0/2,?
/miscellaneous/grosskreutz-intl.html,0/2,?
/miscellaneous/grossstueck-intl.html,0/1,?
/miscellaneous/grygera-intl.html,0/2,?
/miscellaneous/gschaller-intl.html,0/1,?
/miscellaneous/gschropp-intl.html,4/2,Gerhard Hanappi - International Appearances
/miscellaneous/gschweidl-intl.html,0/1,?
/miscellaneous/gtamas-intl.html,0/1,?
/miscellaneous/gtap-intl.html,0/2,?
/miscellaneous/gtheodotou-intl.html,0/2,?
/miscellaneous/gthys-cintl.html,0/2,?
/miscellaneous/gtil-intl.html,0/2,?
/miscellaneous/gtorje-intl.html,0/2,?
/miscellaneous/guardado-intlg.html,0/3,?
/miscellaneous/guardiola-intl.html,0/2,?
/miscellaneous/guarneri-intl.html,0/2,?
/miscellaneous/guat-coach-triv.html,0/2,?
/miscellaneous/guat-recintlp.html,0/3,?
/miscellaneous/guerrero-intlg.html,0/1,?
/miscellaneous/guevara-intl.html,0/3,?
/miscellaneous/guga-intl.html,0/2,Aurel Guga - International Appearances
/miscellaneous/gugurbanov-intlg.html,0/3,?
/miscellaneous/guinea-kandia-intlg.html,0/1,?
/miscellaneous/guinea-recintlp.html,0/3,?
/miscellaneous/guinea-sylla-intl.html,1/2,Issiaga Sylla - International Appearances
/miscellaneous/gullit-intlg.html,0/3,?
/miscellaneous/gurenko-intl.html,0/2,?
/miscellaneous/gutendorf-cintl.html,0/2,?
/miscellaneous/gvdmeulen-intl.html,0/6,Gejus van der Meulen - International Appearances
/miscellaneous/gvolkert-intl.html,0/3,?
/miscellaneous/gwieser-intlg.html,0/1,?
/miscellaneous/ha-ahmed-intlg.html,0/3,?
/miscellaneous/ha-intl.html,0/1,?
/miscellaneous/haaland-intlg.html,0/3,?
/miscellaneous/habsi-intl.html,0/3,?
/miscellaneous/hadary-intl.html,0/3,?
/miscellaneous/hadjidiouf-intlg.html,0/1,?
/miscellaneous/hadzibegic-intl.html,0/2,?
/miscellaneous/haefner-intl.html,0/1,?
/miscellaneous/haessler-intl.html,0/4,?
/miscellaneous/hagara-intl.html,0/2,?
/miscellaneous/hagi-intl.html,0/4,?
/miscellaneous/hahnemann-intlg.html,0/4,?
/miscellaneous/hai-bruny-intl.html,1/3,Pierre Richard Bruny - International Appearances
/miscellaneous/hai-nazon-intlg.html,2/4,Duckens Nazon - Goals in International Matches
/miscellaneous/hai-pierrot-intlg.html,1/3,Frantzdy Pierrot - Goals in International Matches
/miscellaneous/haiti-recintlp.html,5/3,Haiti - Record International Players
/miscellaneous/hajto-intl.html,0/2,?
/miscellaneous/hakizimana-intl.html,0/1,?
/miscellaneous/halilhodzic-cintl.html,0/2,?
/miscellaneous/haller-intlg.html,0/2,?
/miscellaneous/ham-altintop-intl.html,0/1,?
/miscellaneous/hamad-cintl.html,0/2,?
/miscellaneous/hamann-intl.html,0/2,?
/miscellaneous/hamren-cintl.html,0/2,?
/miscellaneous/hamsik-intlg.html,0/4,?
/miscellaneous/hanon-intl.html,0/1,?
/miscellaneous/hanreiter-intl.html,0/2,?
/miscellaneous/hao-intlg.html,0/4,?
/miscellaneous/hapal-intl.html,0/2,?
/miscellaneous/hara-intlg.html,0/1,?
/miscellaneous/harabbou-intlg.html,0/3,?
/miscellaneous/harder-intlg.html,0/3,Otto 'Tull' Harder - Goals in International Matches
/miscellaneous/hareide-cintl.html,0/2,?
/miscellaneous/hargreaves-intl.html,0/1,?
/miscellaneous/harkes-intl.html,0/1,?
/miscellaneous/harnik-intl.html,0/1,?
/miscellaneous/hasebe-intl.html,0/3,?
/miscellaneous/hashiratani-intlg.html,0/1,?
/miscellaneous/hasil-intl.html,0/1,?
/miscellaneous/hasler-intl.html,0/2,?
/miscellaneous/hassan-intl.html,0/4,?
/miscellaneous/hasselbaink-intl.html,0/2,?
/miscellaneous/hathairattanakool-intl.html,0/1,?
/miscellaneous/hattenberger-intl.html,0/1,?
/miscellaneous/hauptmann-intl.html,0/1,?
/miscellaneous/hawsawi-intl.html,0/2,?
/miscellaneous/haxhi-intl.html,0/1,?
/miscellaneous/hbalitsch-intl.html,0/2,?
/miscellaneous/hbuzek-intl.html,0/1,?
/miscellaneous/hcamara-intlg.html,0/2,?
/miscellaneous/hcerny-intl.html,0/1,?
/miscellaneous/hdegroot-intlg.html,1/3,Huug de Groot - Goals in International Matches
/miscellaneous/hdorfner-intl.html,0/2,?
/miscellaneous/heijning-intl.html,2/4,John Heĳning - International Appearances
/miscellaneous/heijting-intl.html,2/3,Karel Heĳting - International Appearances
/miscellaneous/heinrich-intl.html,0/2,?
/miscellaneous/heinsch-intl.html,0/1,?
/miscellaneous/heitinga-intl.html,0/1,?
/miscellaneous/helguera-intl.html,0/2,?
/miscellaneous/helmer-intl.html,0/2,?
/miscellaneous/helmes-intl.html,0/2,?
/miscellaneous/helveg-intl.html,0/4,?
/miscellaneous/hemam-intlg.html,0/1,?
/miscellaneous/hempel-intl.html,0/2,?
/miscellaneous/henry-intlg.html,0/4,?
/miscellaneous/herberger-cintl.html,0/1,?
/miscellaneous/herberger-intl.html,0/2,?
/miscellaneous/herget-intl.html,0/2,?
/miscellaneous/herkenrath-intl.html,0/2,?
/miscellaneous/hermann-intl.html,0/4,?
/miscellaneous/hermosillo-intlg.html,0/2,?
/miscellaneous/hertl-intl.html,0/1,?
/miscellaneous/herzog-intl.html,0/4,?
/miscellaneous/hetsko-intl.html,0/2,?
/miscellaneous/heylens-intl.html,0/1,?
/miscellaneous/heynckes-intl.html,0/3,?
/miscellaneous/hfraeser-intl.html,0/2,?
/miscellaneous/hfranke-intl.html,0/1,?
/miscellaneous/hfritzsche-intl.html,0/1,?
/miscellaneous/hgbruns-intl.html,0/2,?
/miscellaneous/hgerber-intl.html,0/2,?
/miscellaneous/hghali-intl.html,0/1,?
/miscellaneous/hgroot-intlg.html,0/1,?
/miscellaneous/hgruendel-intl.html,0/2,?
/miscellaneous/hguzman-intl.html,0/1,?
/miscellaneous/hhagen-intl.html,0/2,?
/miscellaneous/hheldt-intl.html,0/2,?
/miscellaneous/hherrlich-intl.html,0/3,?
/miscellaneous/hherzog-intl.html,0/1,?
/miscellaneous/hhorvath-intlg.html,0/3,?
/miscellaneous/hiangoan-intlg.html,2/4,Tio Hian Goan – International Appearances
/miscellaneous/hiddink-cintl.html,0/2,?
/miscellaneous/hidegkuti-intlg.html,0/3,?
/miscellaneous/hiden-intl.html,0/2,?
/miscellaneous/hiele-intl.html,0/2,?
/miscellaneous/hieronymus-intl.html,0/2,?
/miscellaneous/hierro-intlg.html,0/2,?
/miscellaneous/higuain-intlg.html,0/3,?
/miscellaneous/higuita-intl.html,0/1,?
/miscellaneous/hildebrand-intl.html,0/2,?
/miscellaneous/hiltl-intl.html,0/1,?
/miscellaneous/hinteregger-intl.html,0/1,?
/miscellaneous/hitzlsperger-intl.html,0/2,?
/miscellaneous/hjahn-intl.html,0/2,?
/miscellaneous/hjakob-intl.html,0/2,?
/miscellaneous/hjbutt-intl.html,0/2,?
/miscellaneous/hjelm-intl.html,0/4,?
/miscellaneous/hjhenman-intl.html,0/1,?
/miscellaneous/hjsundermann-intl.html,0/2,?
/miscellaneous/hk-chan-sk-intlg.html,0/3,?
/miscellaneous/hk-chan-wh-intl.html,0/1,?
/miscellaneous/hk-lee-ch-intl.html,0/1,?
/miscellaneous/hk-recintlp.html,0/3,?
/miscellaneous/hk-yapp-intl.html,0/3,?
/miscellaneous/hkalb-intl.html,0/3,Hans Kalb - International Appearances
/miscellaneous/hklodt-intl.html,0/2,?
/miscellaneous/hkraaysr-intl.html,0/1,?
/miscellaneous/hkremers-intl.html,0/2,?
/miscellaneous/hlang-intl.html,0/2,?
/miscellaneous/hlarsson-intlg.html,0/4,?
/miscellaneous/hlaumen-intl.html,0/3,?
/miscellaneous/hledik-intl.html,0/2,?
/miscellaneous/hlesser-intl.html,0/1,?
/miscellaneous/hm-said-intl.html,0/1,?
/miscellaneous/hmaduro-intl.html,0/1,?
/miscellaneous/hmartin-intlg.html,0/2,?
/miscellaneous/hmaschke-intl.html,0/1,?
/miscellaneous/hmmohammed-intlg.html,0/3,?
/miscellaneous/hmock-intl.html,0/3,?
/miscellaneous/hmueller-intl.html,0/1,?
/miscellaneous/hmueller-intlg.html,0/1,?
/miscellaneous/hnakata-intlg.html,0/1,?
/miscellaneous/hnemec-intlg.html,0/1,?
/miscellaneous/hneumann-intl.html,0/2,?
/miscellaneous/hnowak-intl.html,0/2,?
/miscellaneous/hochstaetter-intl.html,0/2,?
/miscellaneous/hoddle-intl.html,0/1,?
/miscellaneous/hodgson-cintl.html,0/2,?
/miscellaneous/hoelzenbein-intl.html,0/3,?
/miscellaneous/hoettges-intl.html,0/1,?
/miscellaneous/hoewedes-intl.html,0/2,?
/miscellaneous/hof-intlg.html,0/2,?
/miscellaneous/hofkens-intl.html,0/2,?
/miscellaneous/hohmann-intlg.html,0/2,?
/miscellaneous/hojer-intl.html,1/4,Antonín Hojer - International Appearances
/miscellaneous/holovko-intl.html,0/2,?
/miscellaneous/holtz-cintl.html,0/2,?
/miscellaneous/hond-izaguirre-intl.html,0/3,?
/miscellaneous/hond-recintlp.html,0/3,?
/miscellaneous/hong-coach.html,0/2,?
/miscellaneous/hong-intl.html,0/3,?
/miscellaneous/hong-nagya-intl.html,0/2,?
/miscellaneous/hong-recintlp.html,40/5,Hungary - Record International Players
/miscellaneous/hong-szalai-intlg.html,0/2,?
/miscellaneous/hongdjien-intlg.html,0/3,?
/miscellaneous/hongfran-recintlp.html,0/3,?
/miscellaneous/hordijk-intl.html,0/1,?
/miscellaneous/houwaidi-intlg.html,0/3,?
/miscellaneous/hovenkamp-intl.html,0/1,?
/miscellaneous/hovsepian-intl.html,0/4,?
/miscellaneous/howard-intl.html,0/3,?
/miscellaneous/hoydonckx-intl.html,0/2,Nicolas Hoydonckx - International Appearances
/miscellaneous/hpesser-intl.html,0/2,?
/miscellaneous/hrbrozovic-intl.html,0/3,?
/miscellaneous/hrcorluka-intl.html,0/4,?
/miscellaneous/hrkovacic-intl.html,0/4,?
/miscellaneous/hrkramaric-intl.html,0/1,?
/miscellaneous/hrkramaric-intlg.html,0/3,?
/miscellaneous/hrkranjcar-intl.html,0/1,?
/miscellaneous/hrlovren-intl.html,0/2,?
/miscellaneous/hrmodric-intl.html,0/4,?
/miscellaneous/hrohde-intl.html,0/2,?
/miscellaneous/hroleder-intl.html,0/2,?
/miscellaneous/hrperisic-intlg.html,0/4,?
/miscellaneous/hrrakitic-intl.html,0/4,?
/miscellaneous/hrsoldo-intl.html,0/2,?
/miscellaneous/hrubesch-intl.html,0/3,?
/miscellaneous/hruska-intl.html,0/1,?
/miscellaneous/hrvida-intl.html,0/4,?
/miscellaneous/hsaeed-intlg.html,0/6,?
/miscellaneous/hsanchez-intlg.html,0/1,?
/miscellaneous/hschaefer-intl.html,0/2,?
/miscellaneous/hschoen-intlg.html,0/2,?
/miscellaneous/hshehata-intl.html,0/1,?
/miscellaneous/hsiegl-intl.html,0/1,?
/miscellaneous/hstevens-intl.html,0/1,?
/miscellaneous/htetzner-intl.html,0/3,Hans Tetzner – International Appearances
/miscellaneous/hulshoff-intlg.html,0/1,?
/miscellaneous/humis-intlg.html,0/3,?
/miscellaneous/hummels-intl.html,2/3,Mats Hummels - International Appearances
/miscellaneous/humsuazo-intlg.html,0/1,?
/miscellaneous/huntelaar-intlg.html,0/4,?
/miscellaneous/hurst-intlg.html,0/1,?
/miscellaneous/hus-mohamed-intlg.html,0/3,?
/miscellaneous/husyev-intlg.html,0/2,?
/miscellaneous/husyn-intl.html,0/2,?
/miscellaneous/huth-intl.html,0/2,?
/miscellaneous/hwallace-intl.html,0/3,?
/miscellaneous/hwang-intlg.html,0/4,?
/miscellaneous/hwaya-intl.html,0/3,?
/miscellaneous/hweber-intl.html,0/1,?
/miscellaneous/hwimmer-intl.html,0/2,?
/miscellaneous/hwolter-intl.html,0/2,?
/miscellaneous/hyakan-intl.html,0/1,?
/miscellaneous/hyakin-intlg.html,0/2,?
/miscellaneous/hyypia-intl.html,0/4,?
/miscellaneous/hzimmermann-intl.html,0/2,?
/miscellaneous/ia-ec.html,1/2,ÍA (Akranes) - Games in European Cups
/miscellaneous/iabate-intl.html,0/2,?
/miscellaneous/iahasan-intlg.html,0/4,?
/miscellaneous/iaquinta-intl.html,0/2,?
/miscellaneous/ibelanov-intlg.html,0/1,?
/miscellaneous/ibisevic-intlg.html,0/3,?
/miscellaneous/ibordon-intl.html,0/1,?
/miscellaneous/ibrahimovic-intlg.html,0/5,?
/miscellaneous/idumitru-intl.html,0/1,?
/miscellaneous/iencsi-intl.html,0/1,?
/miscellaneous/ier-coach-triv.html,0/2,?
/miscellaneous/ier-gwhelan-intl.html,0/2,?
/miscellaneous/ier-long-intlg.html,0/2,?
/miscellaneous/ier-mcclean-intl.html,0/4,?
/miscellaneous/ier-recintlp.html,17/5,Ireland - Record International Players
/miscellaneous/ierpoy.html,1/2,Ireland - Player of the Year and Other Awards
/miscellaneous/ifazeel-intlg.html,0/1,?
/miscellaneous/iffhs-century.html,3/5,IFFHS' Century Elections
/miscellaneous/iffhs-coach.html,0/2,?
/miscellaneous/iffhs-country-complete.html,0/1,?
/miscellaneous/iffhs-gkoy.html,41/2,IFFHS' World's Best Goalkeeper of the Year
/miscellaneous/iffhs-gkoy00.html,0/1,?
/miscellaneous/iffhs-gkoy01.html,0/1,?
/miscellaneous/iffhs-gkoy02.html,0/1,?
/miscellaneous/iffhs-gkoy03.html,0/1,?
/miscellaneous/iffhs-gkoy04.html,0/1,?
/miscellaneous/iffhs-gkoy05.html,0/1,?
/miscellaneous/iffhs-gkoy06.html,0/1,?
/miscellaneous/iffhs-gkoy07.html,0/1,?
/miscellaneous/iffhs-gkoy08.html,0/1,?
/miscellaneous/iffhs-gkoy09.html,0/1,?
/miscellaneous/iffhs-gkoy2010.html,0/1,?
/miscellaneous/iffhs-gkoy2011.html,0/1,?
/miscellaneous/iffhs-gkoy2012.html,0/1,?
/miscellaneous/iffhs-gkoy2013.html,0/1,?
/miscellaneous/iffhs-gkoy2014.html,0/1,?
/miscellaneous/iffhs-gkoy2015.html,0/1,?
/miscellaneous/iffhs-gkoy2016.html,0/1,?
/miscellaneous/iffhs-gkoy2017.html,0/1,?
/miscellaneous/iffhs-gkoy2018.html,0/1,?
/miscellaneous/iffhs-gkoy2019.html,0/1,?
/miscellaneous/iffhs-gkoy2020.html,0/1,?
/miscellaneous/iffhs-gkoy2021.html,0/1,?
/miscellaneous/iffhs-gkoy2022.html,0/1,?
/miscellaneous/iffhs-gkoy2023.html,0/1,?
/miscellaneous/iffhs-gkoy2024.html,0/1,?
/miscellaneous/iffhs-gkoy87.html,0/1,?
/miscellaneous/iffhs-gkoy88.html,0/1,?
/miscellaneous/iffhs-gkoy89.html,0/1,?
/miscellaneous/iffhs-gkoy90.html,0/1,?
/miscellaneous/iffhs-gkoy91.html,0/1,?
/miscellaneous/iffhs-gkoy92.html,0/1,?
/miscellaneous/iffhs-gkoy93.html,0/1,?
/miscellaneous/iffhs-gkoy94.html,0/1,?
/miscellaneous/iffhs-gkoy95.html,0/1,?
/miscellaneous/iffhs-gkoy96.html,0/1,?
/miscellaneous/iffhs-gkoy97.html,0/1,?
/miscellaneous/iffhs-gkoy98.html,0/1,?
/miscellaneous/iffhs-gkoy99.html,0/1,?
/miscellaneous/iffhs-ranking.html,1/1,"The ""IFFHS"" Club ranking"
/miscellaneous/iffhs-ref.html,0/1,?
/miscellaneous/iffhs-scor.html,0/2,?
/miscellaneous/iffhs-various.html,4/3,IFFHS - Various Annual Awards
/miscellaneous/ifkg-ec.html,1/2,IFK Göteborg in Europa 1981-1995
/miscellaneous/ignashevich-intl.html,0/3,?
/miscellaneous/iguaran-intlg.html,0/1,?
/miscellaneous/igwe-intl.html,0/1,?
/miscellaneous/ihara-intl.html,0/3,?
/miscellaneous/ihassan-intl.html,0/3,?
/miscellaneous/ihertzsch-intl.html,0/2,?
/miscellaneous/ihorvat-intl.html,0/2,?
/miscellaneous/ihurtado-intl.html,0/3,?
/miscellaneous/ii-aherne-intl.html,0/2,?
/miscellaneous/ii-breen-intl.html,0/2,?
/miscellaneous/ii-carey-intl.html,0/2,?
/miscellaneous/ii-dunne-intlg.html,0/3,?
/miscellaneous/ii-eglington-intl.html,0/2,?
/miscellaneous/ii-farrell-intl.html,0/2,?
/miscellaneous/ii-gorman-intl.html,0/2,?
/miscellaneous/ii-hannon-intl.html,0/3,"Denis ""Dinny"" Hannon - International Appearances"
/miscellaneous/ii-kelly-intl.html,0/2,?
/miscellaneous/ii-lacey-intl.html,0/2,?
/miscellaneous/ii-martin-intl.html,0/3,?
/miscellaneous/ii-obrien-intl.html,0/2,?
/miscellaneous/ii-rryan-intl.html,0/2,?
/miscellaneous/ii-stevenson-intl.html,0/2,?
/miscellaneous/ii-vernon-intl.html,0/2,?
/miscellaneous/ii-walsh-intlg.html,0/2,?
/miscellaneous/ii-wwalsh-intl.html,0/2,?
/miscellaneous/ijemaa-intlg.html,0/2,?
/miscellaneous/ijs-arnason-intl.html,0/2,?
/miscellaneous/ijs-coach-triv.html,0/2,?
/miscellaneous/ijs-esgudjohnsen-intlg.html,0/2,?
/miscellaneous/ijs-gtsigurdsson-intlg.html,0/3,?
/miscellaneous/ijs-jgudmundsson-intl.html,0/4,?
/miscellaneous/ijs-ksigthorsson-intlg.html,0/2,?
/miscellaneous/ijs-recintlp.html,12/4,Iceland - Record International Players
/miscellaneous/ijspoy.html,1/2,Iceland - Players' Footballer of the Year
/miscellaneous/ijswompoy.html,1/2,Iceland - Women's Players' Footballer of the Year
/miscellaneous/ilima-intlg.html,0/3,?
/miscellaneous/illgner-intl.html,0/2,?
/miscellaneous/ilsanker-intl.html,0/1,?
/miscellaneous/ilupescu-intl.html,0/1,?
/miscellaneous/imbert-intlg.html,0/2,?
/miscellaneous/imharbi-intl.html,0/1,?
/miscellaneous/immel-intl.html,0/2,?
/miscellaneous/immig-intl.html,0/3,?
/miscellaneous/imr-mohamed-intl.html,0/3,?
/miscellaneous/imvijayan-intlg.html,0/2,?
/miscellaneous/inamoto-intl.html,0/1,?
/miscellaneous/ince-intl.html,0/1,?
/miscellaneous/ind-banerjee-intlg.html,0/1,?
/miscellaneous/ind-gawli-intl.html,0/1,?
/miscellaneous/ind-gsingh-intl.html,0/1,?
/miscellaneous/ind-lalpekhlua-intlg.html,0/1,?
/miscellaneous/ind-lawrence-intl.html,0/1,?
/miscellaneous/ind-lumsden-intlg.html,0/1,?
/miscellaneous/ind-msingh-intlg.html,0/1,?
/miscellaneous/ind-nabi-intl.html,0/1,?
/miscellaneous/india-goa-stadiums.html,1/2,India (Goa State) - Stadiums
/miscellaneous/india-recintlp.html,0/5,?
/miscellaneous/indie-recintlp.html,14/6,Dutch East Indies - International Players
/miscellaneous/indo-idris-intlg.html,0/3,?
/miscellaneous/indo-kadir-intlg.html,0/4,?
/miscellaneous/indo-poy.html,1/2,Indonesia - Player of the Year
/miscellaneous/indo-ramang-intlg.html,0/1,?
/miscellaneous/indo-recintlp.html,0/5,?
/miscellaneous/indo-sihasale-intlg.html,0/1,?
/miscellaneous/indo-waskito-intlg.html,0/2,?
/miscellaneous/iniesta-intl.html,0/4,?
/miscellaneous/inler-intl.html,0/2,?
/miscellaneous/intcuprec.html,2/1,International Cups Trivia
/miscellaneous/intfinalrec.html,1/3,International Finalists
/miscellaneous/intl-app-trivia.html,714/3,International Appearances - Trivia
/miscellaneous/intl-goals-trivia.html,169/3,International Goals - Trivia
/miscellaneous/ionescu-intro.html,0/3,
/miscellaneous/iordanescu-cintl.html,0/2,?
/miscellaneous/iordanescu-intlg.html,0/1,?
/miscellaneous/iran-ansarifard-intl.html,0/2,?
/miscellaneous/iran-azmoun-intlg.html,0/3,?
/miscellaneous/iran-coach.html,0/2,?
/miscellaneous/iran-hajsafy-intl.html,0/2,?
/miscellaneous/iran-jahanbakhsh-intlg.html,0/2,?
/miscellaneous/iran-recintlp.html,0/5,?
/miscellaneous/iran-taremi-intlg.html,0/4,?
/miscellaneous/iraq-coach.html,0/2,?
/miscellaneous/iraq-recintlp.html,0/4,?
/miscellaneous/ircordoba-intl.html,0/1,?
/miscellaneous/iribar-intl.html,0/2,?
/miscellaneous/irmscher-intl.html,0/1,?
/miscellaneous/irq-azzawi-intl.html,0/3,?
/miscellaneous/irq-fhassan-intlg.html,0/3,?
/miscellaneous/irq-hachim-intl.html,0/3,?
/miscellaneous/irq-khalaf-intl.html,0/3,?
/miscellaneous/irq-mafraje-intlg.html,0/2,?
/miscellaneous/irq-ogaili-intl.html,0/1,?
/miscellaneous/irq-qais-intl.html,0/1,?
/miscellaneous/irq-qmunir-intl.html,0/1,?
/miscellaneous/irq-rfarhan-intlg.html,0/1,?
/miscellaneous/irq-sabri-intl.html,0/3,?
/miscellaneous/irq-shakir-intl.html,0/1,?
/miscellaneous/irq-tameemi-intl.html,0/2,?
/miscellaneous/isaksson-intl.html,0/4,?
/miscellaneous/isbdaud-intlg.html,0/3,?
/miscellaneous/ishak-intlg.html,0/3,?
/miscellaneous/iskandar-intl.html,0/3,?
/miscellaneous/isla-intl.html,0/3,?
/miscellaneous/isra-intlp-armeli.html,0/4,?
/miscellaneous/isra-intlp-awat.html,0/3,?
/miscellaneous/isra-intlp-badir.html,0/3,?
/miscellaneous/isra-intlp-banin.html,0/3,?
/miscellaneous/isra-intlp-bar.html,0/3,?
/miscellaneous/isra-intlp-barda.html,0/4,?
/miscellaneous/isra-intlp-bello.html,0/3,?
/miscellaneous/isra-intlp-ben-haim.html,0/5,?
/miscellaneous/isra-intlp-benado.html,0/3,?
/miscellaneous/isra-intlp-benayoun.html,0/5,?
/miscellaneous/isra-intlp-berkovich.html,0/2,?
/miscellaneous/isra-intlp-cohen_avi.html,0/4,?
/miscellaneous/isra-intlp-damti.html,0/4,?
/miscellaneous/isra-intlp-davidovich.html,0/4,?
/miscellaneous/isra-intlp-feigenbaum.html,0/3,?
/miscellaneous/isra-intlp-gershon.html,0/3,?
/miscellaneous/isra-intlp-ginzburg.html,0/3,?
/miscellaneous/isra-intlp-glazer.html,0/3,?
/miscellaneous/isra-intlp-harazi_alon.html,0/3,?
/miscellaneous/isra-intlp-harazi_ronen.html,0/3,?
/miscellaneous/isra-intlp-hazan.html,0/3,?
/miscellaneous/isra-intlp-hodorov.html,0/4,?
/miscellaneous/isra-intlp-index.html,43/1,Israel National Team - Biographical Data of Selected Players
/miscellaneous/isra-intlp-keisy.html,0/3,?
/miscellaneous/isra-intlp-klinger.html,0/3,?
/miscellaneous/isra-intlp-levi_rafi.html,0/4,?
/miscellaneous/isra-intlp-malmilian.html,0/4,?
/miscellaneous/isra-intlp-mizrahi.html,0/3,?
/miscellaneous/isra-intlp-nimni.html,0/3,?
/miscellaneous/isra-intlp-ohana.html,0/4,?
/miscellaneous/isra-intlp-peretz.html,0/4,?
/miscellaneous/isra-intlp-revivo.html,0/3,?
/miscellaneous/isra-intlp-rosenthal.html,0/3,?
/miscellaneous/isra-intlp-rozen.html,0/3,?
/miscellaneous/isra-intlp-shelah.html,0/3,?
/miscellaneous/isra-intlp-shum.html,0/4,?
/miscellaneous/isra-intlp-spiegel.html,0/4,?
/miscellaneous/isra-intlp-spiegler.html,0/3,?
/miscellaneous/isra-intlp-stelmach.html,0/3,?
/miscellaneous/isra-intlp-tal.html,0/3,?
/miscellaneous/isra-intlp-talbi.html,0/4,?
/miscellaneous/isra-intlp-visoker.html,0/4,?
/miscellaneous/isra-intlp-young.html,0/4,?
/miscellaneous/isra-new-recintlp.html,0/4,?
/miscellaneous/isra-recintlc.html,1/3,Israel National Team - Coaches Balances
/miscellaneous/isra-recintlg.html,8/1,Israel National Team - Goalkeepers Appearances and Goals Conceding
/miscellaneous/isra-recintlp.html,45/2,Israel National Team - Appearances and Goalscoring
/miscellaneous/isra-zahavi-intlg.html,0/2,?
/miscellaneous/israpoy.html,1/2,Israel - Player of the Year
/miscellaneous/isratrivia.html,1/2,Trivia on the Israeli League 1949/50-2004/05
/miscellaneous/ital-cities.html,1/2,Italian Cities That Hosted Italy Matches
/miscellaneous/ital-coach-triv.html,0/2,?
/miscellaneous/ital-eder-intl.html,0/1,?
/miscellaneous/ital-players-wc.html,0/3,?
/miscellaneous/ital-recintlp.html,209/7,Italy - Record International Players
/miscellaneous/italpoy.html,1/2,Italy - Footballer of the Year
/miscellaneous/iuliano-intl.html,0/1,?
/miscellaneous/ivanschitz-intl.html,0/1,?
/miscellaneous/ivo-gradel-intlg.html,0/2,?
/miscellaneous/ivo-kessie-intl.html,2/3,Franck Yannick Kessié - Century of International Appearances
/miscellaneous/ivo-recintlp.html,0/5,?
/miscellaneous/iwai-intlg.html,0/2,?
/miscellaneous/iwright-intl.html,0/1,?
/miscellaneous/iyoussefawa-intl.html,0/1,?
/miscellaneous/ja-barrett-intl.html,0/2,?
/miscellaneous/ja-brown-intl.html,0/2,?
/miscellaneous/ja-taylor-intl.html,0/2,?
/miscellaneous/ja-watson-intl.html,0/1,?
/miscellaneous/jaager-intl.html,0/4,?
/miscellaneous/jaapweber-intl.html,0/2,Jaap Weber – International Appearances
/miscellaneous/jacimovic-intl.html,0/2,?
/miscellaneous/jadler-intl.html,0/1,?
/miscellaneous/jagonzalez-intlg.html,0/1,?
/miscellaneous/jahani-intl.html,0/3,?
/miscellaneous/jair-intlg.html,0/1,?
/miscellaneous/jairzinho-intlg.html,0/2,?
/miscellaneous/jaish-coach.html,0/2,?
/miscellaneous/jakubeci-intl.html,0/2,?
/miscellaneous/jaliens-intl.html,0/1,?
/miscellaneous/jam-recintlp.html,0/3,?
/miscellaneous/jam-stadiums.html,1/2,Stadiums of Jamaican Football Clubs
/miscellaneous/janas-intl.html,0/2,?
/miscellaneous/jancker-intlg.html,0/2,?
/miscellaneous/janda-intlg.html,1/2,Antonín Janda - Goals in International Matches
/miscellaneous/janes-intl.html,0/2,?
/miscellaneous/jankauskas-intlg.html,0/2,?
/miscellaneous/janko-intlg.html,0/1,?
/miscellaneous/jankulovski-intl.html,0/1,?
/miscellaneous/janmaat-intl.html,0/1,?
/miscellaneous/janni-intl.html,0/3,Antonio Janni - International Appearances
/miscellaneous/janotta-intl.html,0/1,?
/miscellaneous/jap-coach.html,0/2,?
/miscellaneous/jap-kagawa-intlg.html,0/1,?
/miscellaneous/jap-kawashima-intl.html,0/1,?
/miscellaneous/jap-poy.html,1/2,Japan - J-League Awards
/miscellaneous/jap-recintlp.html,0/4,?
/miscellaneous/jap-yoshida-intl.html,0/2,?
/miscellaneous/jara-intl.html,0/1,?
/miscellaneous/jariise-intlg.html,0/3,?
/miscellaneous/jarni-intl.html,0/3,?
/miscellaneous/jayasuriya-intlg.html,0/1,?
/miscellaneous/jayo-intl.html,0/2,?
/miscellaneous/jbak-intl.html,0/3,?
/miscellaneous/jbarnes-intlg.html,0/1,?
/miscellaneous/jbillie-intl.html,0/3,?
/miscellaneous/jblum-intl.html,0/2,?
/miscellaneous/jboehme-intl.html,0/2,?
/miscellaneous/jbosman-intlg.html,0/2,?
/miscellaneous/jbrandstaetter-intl.html,4/2,Josef Brandstetter - International Appearances
/miscellaneous/jbruma-intl.html,0/1,?
/miscellaneous/jbulder-intl.html,0/4,Jaap Bulder – International Appearances
/miscellaneous/jcapelle-intlg.html,0/1,?
/miscellaneous/jccaceres-intl.html,0/1,?
/miscellaneous/jcenciso-intl.html,0/1,?
/miscellaneous/jcplata-intlg.html,0/2,?
/miscellaneous/jdebie-intl.html,2/4,Jan De Bie - International Appearances
/miscellaneous/jdejong-intl.html,0/3,?
/miscellaneous/jdekock-intl.html,0/1,?
/miscellaneous/jdjob-intl.html,0/1,?
/miscellaneous/jehle-intl.html,0/4,?
/miscellaneous/jennings-intl.html,0/4,?
/miscellaneous/jeremies-intl.html,0/2,?
/miscellaneous/jeversejr-intl.html,0/2,?
/miscellaneous/jeversesr-intl.html,0/2,?
/miscellaneous/jewish-ww.html,5/10,Jewish Teams Worldwide
/miscellaneous/jfana-intlg.html,0/2,?
/miscellaneous/jfath-intl.html,0/2,?
/miscellaneous/jfrancken-intl.html,5/6,Jacques Francken - International Appearances
/miscellaneous/jgorocs-intlg.html,0/1,?
/miscellaneous/jhaak-intl.html,2/3,"Jurrian ""Jur"" Haak - International Appearances"
/miscellaneous/jhalle-intl.html,0/2,?
/miscellaneous/jhartwig-intl.html,0/2,?
/miscellaneous/jhernandez-intlg.html,0/4,?
/miscellaneous/jjohansson-intlg.html,0/4,?
/miscellaneous/jjones-intl.html,0/3,?
/miscellaneous/jjoubert-intl.html,0/2,?
/miscellaneous/jkluivert-intl.html,0/4,?
/miscellaneous/jldelyvaldes-intlg.html,0/1,?
/miscellaneous/jlens-intlg.html,0/1,?
/miscellaneous/jlpinto-cintl.html,0/1,?
/miscellaneous/jlvaldivia-intl.html,0/1,?
/miscellaneous/jmargas-intl.html,0/1,?
/miscellaneous/jmarshall-intl.html,0/2,?
/miscellaneous/jmasensi-intl.html,0/2,?
/miscellaneous/jmensah-intl.html,0/1,?
/miscellaneous/jmetgod-intl.html,0/2,?
/miscellaneous/jmoore-intl.html,0/3,?
/miscellaneous/jmoreno-intl.html,0/1,?
/miscellaneous/jmpena-intl.html,0/1,?
/miscellaneous/jmueller-intl.html,0/1,?
/miscellaneous/jmulder-intl.html,0/2,?
/miscellaneous/jmzamora-intl.html,0/2,?
/miscellaneous/jnovotny-intl.html,0/2,?
/miscellaneous/jnowotny-intl.html,0/2,?
/miscellaneous/jo-aqel-intl.html,0/2,?
/miscellaneous/jo-arab-intl.html,0/1,?
/miscellaneous/jo-ayaseen-intl.html,0/3,?
/miscellaneous/jo-dardour-intlg.html,0/2,?
/miscellaneous/jo-demeiri-intl.html,0/1,?
/miscellaneous/jo-mahmoud-intlg.html,0/3,?
/miscellaneous/jo-murjan-intl.html,0/1,?
/miscellaneous/jo-olwan-intlg.html,0/1,?
/miscellaneous/jo-saifi-intl.html,0/3,?
/miscellaneous/jo-sheikh-intl.html,0/3,?
/miscellaneous/jo-suleiman-intl.html,0/3,?
/miscellaneous/jo-yaseen-intl.html,0/2,?
/miscellaneous/jocmueller-intl.html,0/1,?
/miscellaneous/jodeguzman-intl.html,0/3,?
/miscellaneous/joeg-coach-triv.html,0/2,?
/miscellaneous/joeg-recintlp.html,49/5,Yugoslavia (Serbia (and Montenegro)) - Record International Players
/miscellaneous/joeg-top4-hth.html,0/2,?
/miscellaneous/joegindoorchamp.html,0/2,?
/miscellaneous/johannesen-intl.html,0/2,?
/miscellaneous/joherrera-intl.html,0/1,?
/miscellaneous/john-intlg.html,0/4,?
/miscellaneous/jokl-intlg.html,0/1,?
/miscellaneous/jones-intl.html,0/3,?
/miscellaneous/jongbloed-intl.html,0/3,?
/miscellaneous/jonk-intl.html,0/1,?
/miscellaneous/jord-coach.html,0/2,?
/miscellaneous/jord-recintlp.html,0/7,?
/miscellaneous/jordic-intl.html,0/2,?
/miscellaneous/jorgensen-intlg.html,0/4,?
/miscellaneous/jorgesoto-intl.html,0/3,?
/miscellaneous/jorginho-intl.html,0/1,?
/miscellaneous/josesoto-intl.html,0/1,?
/miscellaneous/josvaca-intl.html,0/1,?
/miscellaneous/jotten-intl.html,0/2,?
/miscellaneous/jpaauwe-intl.html,0/2,?
/miscellaneous/jpeters1-intl.html,3/5,Jan Peters (I) - International Appearances
/miscellaneous/jpeters2-intl.html,2/3,Jan Peters (II) - International Appearances
/miscellaneous/jpsorin-intl.html,0/2,?
/miscellaneous/jreeman-intl.html,1/3,Jops Reeman - International Appearances
/miscellaneous/jrojas-intl.html,0/1,?
/miscellaneous/jsalinas-intlg.html,0/2,?
/miscellaneous/jsanchez-intl.html,0/1,?
/miscellaneous/jschmidt-intl.html,0/1,?
/miscellaneous/jschoene-intl.html,0/1,?
/miscellaneous/jsedlacek-intl.html,2/3,Josef Sedlacek - International Appearances
/miscellaneous/jsimunic-intlg.html,0/4,?
/miscellaneous/jstockman-intlg.html,0/1,?
/miscellaneous/jsveron-intl.html,0/2,?
/miscellaneous/jthissen-intl.html,0/1,?
/miscellaneous/jtimber-intl.html,0/2,?
/miscellaneous/jtodt-intl.html,0/2,?
/miscellaneous/juanito-intl.html,0/2,?
/miscellaneous/juanss-intl.html,0/1,?
/miscellaneous/judeguzman-intl.html,0/2,?
/miscellaneous/juhasz-intl.html,0/3,?
/miscellaneous/julioalberto-intl.html,0/2,?
/miscellaneous/juliocesar-intl.html,0/1,?
/miscellaneous/jumaa-intl.html,0/3,?
/miscellaneous/junaibi-intlg.html,0/3,?
/miscellaneous/junek-intl.html,0/2,?
/miscellaneous/junuzovic-intl.html,0/1,?
/miscellaneous/jurion-intl.html,0/2,?
/miscellaneous/juskowiak-intl.html,0/2,?
/miscellaneous/justoruiz-intl.html,0/2,?
/miscellaneous/jusufi-intl.html,0/2,?
/miscellaneous/juve-intlg.html,0/2,?
/miscellaneous/juventus-ec.html,1/2,FC Juventus - Games in European Cups
/miscellaneous/jvdbroek-intl.html,0/1,?
/miscellaneous/jvelasquez-intl.html,0/1,?
/miscellaneous/jveltman-intl.html,0/1,?
/miscellaneous/jvogel-intl.html,0/2,?
/miscellaneous/jvos-intlg.html,2/3,Jan Vos - Goals in International Matches
/miscellaneous/jvroessel-intlg.html,0/1,?
/miscellaneous/jwade-intlg.html,0/3,?
/miscellaneous/jweber-intl.html,0/3,?
/miscellaneous/jwillems-intl.html,0/2,?
/miscellaneous/jwvillar-intl.html,0/3,?
/miscellaneous/jyounghusband-intlg.html,0/2,?
/miscellaneous/kaabi-intl.html,0/3,?
/miscellaneous/kaapv-mendes-intlg.html,0/2,?
/miscellaneous/kaapv-recintlp.html,0/3,?
/miscellaneous/kaapv-stadiums.html,1/2,Cape Verde Islands - Stadiums
/miscellaneous/kaapvnick.html,1/2,Cape Verde Islands - Club Nicknames
/miscellaneous/kaapvrival.html,1/2,Cape Verde Islands - Football rivalries
/miscellaneous/kabat-intl.html,0/1,?
/miscellaneous/kaburek-intl.html,0/2,?
/miscellaneous/kada-intl.html,1/3,"Karel Pesek ""Káďa"" - International Appearances"
/miscellaneous/kadlec-intl.html,0/2,?
/miscellaneous/kadlec2-intl.html,0/2,?
/miscellaneous/kaebi-intl.html,0/1,?
/miscellaneous/kaellstroem-intlg.html,0/4,?
/miscellaneous/kafanov-intl.html,0/2,?
/miscellaneous/kahn-intl.html,0/2,?
/miscellaneous/kahraba-coach.html,0/2,?
/miscellaneous/kahveci-intlg.html,0/1,?
/miscellaneous/kaka-intlg.html,0/1,?
/miscellaneous/kalachev-intl.html,0/2,?
/miscellaneous/kalinke-intl.html,0/1,?
/miscellaneous/kalitvintsev-intl.html,0/2,?
/miscellaneous/kallofs-intl.html,0/3,?
/miscellaneous/kaltenbrunner-intl.html,1/2,Josef Kaltenbrunner - International Appearances
/miscellaneous/kaltz-intl.html,0/2,?
/miscellaneous/kalushab-intlg.html,0/3,?
/miscellaneous/kaluuche-intl.html,0/1,?
/miscellaneous/kaluzny-intl.html,0/2,?
/miscellaneous/kam-aboubakar-intlg.html,0/3,?
/miscellaneous/kam-coach.html,0/2,?
/miscellaneous/kam-kunde-intl.html,0/3,?
/miscellaneous/kam-mbia-intl.html,0/1,?
/miscellaneous/kam-nkoulou-intl.html,0/1,?
/miscellaneous/kam-recintlp.html,0/5,?
/miscellaneous/kamamoto-intlg.html,0/3,?
/miscellaneous/kameni-intl.html,0/1,?
/miscellaneous/kamprec.html,34/8,Trivia on Winning Domestic Championships
/miscellaneous/kamwendo-intl.html,0/3,?
/miscellaneous/kanchelskis-intlg.html,0/3,?
/miscellaneous/kandersson-intlg.html,0/3,?
/miscellaneous/kane-intlg.html,0/4,?
/miscellaneous/kankava-intl.html,0/4,?
/miscellaneous/kanoute-intlg.html,0/2,?
/miscellaneous/kanu-intl.html,0/1,?
/miscellaneous/kapadze-intl.html,0/2,?
/miscellaneous/kapellmann-intl.html,0/2,?
/miscellaneous/karadeniz-intlg.html,0/1,?
/miscellaneous/karagounis-intl.html,0/3,?
/miscellaneous/karcemarskas-intl.html,0/1,?
/miscellaneous/kargus-intl.html,0/2,?
/miscellaneous/karhan-intl.html,0/4,?
/miscellaneous/karimi-intl.html,0/3,?
/miscellaneous/kariri-intl.html,0/3,?
/miscellaneous/karpin-intl.html,0/3,?
/miscellaneous/kartiko-intl.html,0/1,?
/miscellaneous/karyaka-intlg.html,0/2,?
/miscellaneous/kasperczak-cintl.html,0/2,?
/miscellaneous/kasperczak-intl.html,0/2,?
/miscellaneous/kass-intlg.html,0/3,?
/miscellaneous/kasymov-intlg.html,0/2,?
/miscellaneous/katanec-cintl.html,0/2,?
/miscellaneous/katsouranis-intlg.html,0/4,?
/miscellaneous/kawaguchi-intl.html,0/3,?
/miscellaneous/kaz-coach-triv.html,0/2,?
/miscellaneous/kaz-recintlp.html,4/4,Kazakhstan - Record International Players
/miscellaneous/kaz-smakov-intl.html,0/3,?
/miscellaneous/kbadra-intl.html,0/2,?
/miscellaneous/kbejbl-intlg.html,0/1,?
/miscellaneous/kbenjamin-intlg.html,0/1,?
/miscellaneous/kberg-intl.html,0/1,?
/miscellaneous/kbergman-intlg.html,0/2,?
/miscellaneous/kcharalambides-intl.html,0/2,?
/miscellaneous/kclemens-intl.html,0/1,?
/miscellaneous/kdossari-intl.html,0/3,?
/miscellaneous/kduro-intl.html,0/1,?
/miscellaneous/keepers-recintlp.html,0/3,?
/miscellaneous/kehl-intl.html,0/2,?
/miscellaneous/kempes-intlg.html,0/2,?
/miscellaneous/kennaway-intl.html,0/2,?
/miscellaneous/kenya-coach.html,0/2,?
/miscellaneous/kenya-lidonde-intlg.html,0/1,?
/miscellaneous/kenya-olunga-intlg.html,0/2,?
/miscellaneous/kenya-recintlp.html,0/3,?
/miscellaneous/keown-intl.html,0/1,?
/miscellaneous/kerekezi-intlg.html,0/2,?
/miscellaneous/kerimoglu-intl.html,0/2,?
/miscellaneous/kerimov-intl.html,0/2,?
/miscellaneous/kerzhakov-intlg.html,0/2,?
/miscellaneous/keseru-intl.html,0/1,?
/miscellaneous/keshi-cintl.html,0/2,?
/miscellaneous/kessler-fifa-comparison.html,1/1,Comparison FIFA Ranking with Ron Kessler's Ranking
/miscellaneous/kesslers-intl.html,0/1,?
/miscellaneous/kfichtel-intl.html,0/2,?
/miscellaneous/kfischer-intlg.html,0/4,?
/miscellaneous/kg-kharchenko-intl.html,0/1,?
/miscellaneous/kg-sydykov-intl.html,0/1,?
/miscellaneous/kg-zhyrgalvek-intl.html,0/2,?
/miscellaneous/kgustafsson-intlg.html,1/4,Karl Gustafsson - Goals in International Matches
/miscellaneous/khaizan-intl.html,0/3,?
/miscellaneous/khaldi-intl.html,0/3,?
/miscellaneous/kharin-intl.html,0/3,?
/miscellaneous/khashaba-intlg.html,0/1,?
/miscellaneous/khfoerster-intl.html,0/2,?
/miscellaneous/khidiyatullin-intl.html,0/1,?
/miscellaneous/khilaiwi-intl.html,0/3,?
/miscellaneous/khlestov-intl.html,0/3,?
/miscellaneous/khokhlov-intl.html,0/2,?
/miscellaneous/khonda-intlg.html,0/2,?
/miscellaneous/khough-intl.html,0/2,?
/miscellaneous/khovhannisyan-intl.html,1/3,Kamo Hovhannisyan - International Appearances
/miscellaneous/kieft-intl.html,0/3,?
/miscellaneous/kieszling-intl.html,0/3,?
/miscellaneous/kiko-intl.html,0/2,?
/miscellaneous/kilbane-intlg.html,0/3,?
/miscellaneous/kimni-intl.html,0/2,?
/miscellaneous/kimty-intl.html,0/3,?
/miscellaneous/kingson-intl.html,0/1,?
/miscellaneous/kinnaphiri-intlg.html,0/4,?
/miscellaneous/kipp-intlg.html,1/3,Eugen Kipp - Goals in International Matches
/miscellaneous/kiprich-intlg.html,0/1,?
/miscellaneous/kiri-batiri-intl.html,0/3,?
/miscellaneous/kiri-recintlp.html,0/2,?
/miscellaneous/kiri-stadiums.html,1/2,Kiribati - Stadiums
/miscellaneous/kirsten-intl.html,0/6,?
/miscellaneous/kiryakov-intl.html,0/3,?
/miscellaneous/kische-intl.html,0/1,?
/miscellaneous/kishishev-intl.html,0/2,?
/miscellaneous/kislyak-intl.html,0/2,?
/miscellaneous/kist-intl.html,0/1,?
/miscellaneous/kisy-intl.html,0/3,?
/miscellaneous/kitzinger-intl.html,0/1,?
/miscellaneous/kkalamba-intl.html,0/1,?
/miscellaneous/kkanhaeuser-intl.html,0/1,?
/miscellaneous/kkeller-intl.html,0/3,?
/miscellaneous/kkoller-intl.html,0/1,?
/miscellaneous/klaassen-intlg.html,0/1,?
/miscellaneous/klaassens-intl.html,0/2,?
/miscellaneous/klaic-intl.html,0/2,?
/miscellaneous/kldecker-intl.html,0/1,?
/miscellaneous/kleff-intl.html,0/2,?
/miscellaneous/kleiminger-intlg.html,0/1,?
/miscellaneous/klijnjan-intl.html,0/2,?
/miscellaneous/klinsmann-cintl.html,0/2,?
/miscellaneous/klinsmann-intl.html,0/6,?
/miscellaneous/klodt-intl.html,0/2,?
/miscellaneous/klose-intlg.html,0/6,?
/miscellaneous/kluivert-intlg.html,7/6,Patrick Kluivert - Goals in International Matches
/miscellaneous/kmai-intl.html,0/2,?
/miscellaneous/kmetsch-intl.html,0/2,?
/miscellaneous/kmiller-intl.html,0/2,?
/miscellaneous/knoepfle-intl.html,0/3,Georg Knöpfle - International Appearances
/miscellaneous/kob-tostao-intl.html,0/2,?
/miscellaneous/kobe95.html,1/3,Kobe Earthquake Benefit Match 1995
/miscellaneous/kobiashvili-intl.html,0/4,?
/miscellaneous/kobierski-intl.html,0/2,?
/miscellaneous/kocian-intl.html,0/2,?
/miscellaneous/kocsis-intlg.html,0/4,?
/miscellaneous/koeglberger-intl.html,0/3,?
/miscellaneous/koemannen-intl.html,0/2,?
/miscellaneous/koepke-intl.html,0/2,?
/miscellaneous/koeppel-intl.html,0/2,?
/miscellaneous/koerbel-intl.html,0/2,?
/miscellaneous/kohler-intl.html,0/4,?
/miscellaneous/kohlmeyer-intl.html,0/2,?
/miscellaneous/kok-issama-intl.html,0/1,?
/miscellaneous/kok-mbemba-intl.html,0/3,?
/miscellaneous/kok-mbokani-intlg.html,0/2,?
/miscellaneous/kok-muteba-intl.html,0/1,?
/miscellaneous/koldo-cintl.html,0/2,?
/miscellaneous/koldo-intl.html,0/2,?
/miscellaneous/kolenaty-intl.html,1/4,Frantisek Kolenaty - International Appearances
/miscellaneous/kolkka-intlg.html,0/3,?
/miscellaneous/koller-intlg.html,0/4,?
/miscellaneous/kolyvanov-intlg.html,0/3,?
/miscellaneous/komano-intl.html,0/1,?
/miscellaneous/kompany-intl.html,0/1,?
/miscellaneous/koncilia-intl.html,0/1,?
/miscellaneous/kongb-recintlp.html,0/3,?
/miscellaneous/kongk-recintlp.html,0/3,?
/miscellaneous/kongolo-intl.html,0/2,?
/miscellaneous/konietzka-intl.html,0/2,?
/miscellaneous/konno-intl.html,0/1,?
/miscellaneous/konsel-intl.html,0/1,?
/miscellaneous/konstandinou-intlg.html,0/3,?
/miscellaneous/konter-intl.html,0/2,?
/miscellaneous/konterman-intl.html,0/1,?
/miscellaneous/koolhof-intl.html,0/1,?
/miscellaneous/kopecky-intl.html,0/2,?
/miscellaneous/korkmaz-intl.html,0/4,?
/miscellaneous/kormiltsev-intl.html,0/3,?
/miscellaneous/korneev-intl.html,0/2,?
/miscellaneous/kornilenko-intlg.html,0/2,?
/miscellaneous/kosecki-intl.html,0/2,?
/miscellaneous/kosovo-recintlp.html,9/4,Kosovo - Record International Players
/miscellaneous/kostalek-intl.html,0/2,?
/miscellaneous/kostedde-intl.html,0/4,?
/miscellaneous/kotte-intl.html,0/1,?
/miscellaneous/kouba-intl.html,0/2,?
/miscellaneous/kovalets-intl.html,0/2,?
/miscellaneous/kovalyov-intl.html,0/2,?
/miscellaneous/kovtun-intl.html,0/1,?
/miscellaneous/kozeluh-intl.html,0/2,?
/miscellaneous/kpijl-intlg.html,0/2,Kees Pijl – Goals in International Matches
/miscellaneous/kraak-intl.html,0/3,?
/miscellaneous/krampe-intl.html,0/1,?
/miscellaneous/krankl-intlg.html,4/4,Hans Krankl - Goals in International Matches
/miscellaneous/kreer-intl.html,0/1,?
/miscellaneous/kreinhardt-intl.html,0/2,?
/miscellaneous/kreische-intlg.html,0/1,?
/miscellaneous/kristal-intl.html,0/4,?
/miscellaneous/kristinsson-intl.html,0/4,?
/miscellaneous/kroa-coach-triv.html,0/2,?
/miscellaneous/kroa-players-wc.html,0/3,?
/miscellaneous/kroa-recintlp.html,41/4,Croatia - Record International Players
/miscellaneous/krol-intl.html,0/2,?
/miscellaneous/kromkamp-intl.html,0/1,?
/miscellaneous/krstajic-intl.html,0/2,?
/miscellaneous/kruezen-intl.html,0/1,?
/miscellaneous/kruiver-intlg.html,0/1,?
/miscellaneous/krul-intl.html,0/1,?
/miscellaneous/kryszalowicz-intl.html,0/2,?
/miscellaneous/krzynowek-intlg.html,0/3,?
/miscellaneous/ksandor-intlg.html,0/1,?
/miscellaneous/kschmeichel-intl.html,0/4,?
/miscellaneous/ksienzyk-intl.html,0/1,?
/miscellaneous/ksimonovski-intl.html,0/1,?
/miscellaneous/kstotz-intl.html,0/1,?
/miscellaneous/ktamada-intlg.html,0/1,?
/miscellaneous/ktoppmoeller-intl.html,0/3,?
/miscellaneous/ktoure-intlg.html,0/3,?
/miscellaneous/kubala-intlg.html,0/3,?
/miscellaneous/kubik-intlg.html,0/2,?
/miscellaneous/kuechlin-intl.html,0/2,?
/miscellaneous/kuehbauer-intl.html,0/1,?
/miscellaneous/kuehn-intlg.html,0/1,?
/miscellaneous/kuijs-intl.html,0/1,?
/miscellaneous/kuijt-intl.html,0/4,?
/miscellaneous/kuka-intl.html,0/2,?
/miscellaneous/kula-intl.html,0/2,?
/miscellaneous/kulchiy-intl.html,0/4,?
/miscellaneous/kulkov-intl.html,0/3,?
/miscellaneous/kuna-intl.html,0/1,?
/miscellaneous/kuntz-intlg.html,0/3,?
/miscellaneous/kupfer-intl.html,0/1,?
/miscellaneous/kuppen-intl.html,0/2,?
/miscellaneous/kuranyi-intlg.html,0/3,?
/miscellaneous/kurbjuweit-intl.html,0/1,?
/miscellaneous/kurniawan-intl.html,0/2,?
/miscellaneous/kuthan-intlg.html,0/1,?
/miscellaneous/kuw-ansari-intl.html,0/3,?
/miscellaneous/kuw-buloushi-intl.html,0/1,?
/miscellaneous/kuw-coach.html,0/2,?
/miscellaneous/kuw-dhafiri-intl.html,1/1,Ahmed Abdullah Farhan Al-Dhafiri - International Appearances
/miscellaneous/kuw-ffadhli-intl.html,0/1,?
/miscellaneous/kuw-habashi-intlg.html,0/3,?
/miscellaneous/kuw-hajeri-intl.html,0/3,?
/miscellaneous/kuw-jarragh-intl.html,0/1,?
/miscellaneous/kuw-kandari-intl.html,0/1,?
/miscellaneous/kuw-kfadhli-intl.html,0/1,?
/miscellaneous/kuw-mmubarak-intl.html,0/3,?
/miscellaneous/kuw-mutairi-intlg.html,0/1,?
/miscellaneous/kuw-recintlp.html,0/5,?
/miscellaneous/kuw-shaheen-intl.html,0/3,?
/miscellaneous/kuw-suleiman-intlg.html,0/4,?
/miscellaneous/kuw-suwayed-intlg.html,0/1,?
/miscellaneous/kuzorra-intl.html,0/3,Ernst Kuzorra - Goals in International Matches
/miscellaneous/kvasnak-intl.html,0/1,?
/miscellaneous/kvgelder-intl.html,0/2,?
/miscellaneous/kwarzycha-intl.html,0/2,?
/miscellaneous/kweise-intl.html,0/1,?
/miscellaneous/kyrg-coach-triv.html,0/2,?
/miscellaneous/kyrg-recintlp.html,0/4,?
/miscellaneous/labbadia-intl.html,0/3,?
/miscellaneous/labruna-intlg.html,0/2,?
/miscellaneous/lacatus-intl.html,0/1,?
/miscellaneous/ladic-intl.html,0/3,?
/miscellaneous/lagendaal-intlg.html,0/3,?
/miscellaneous/lagerback-cintl.html,0/1,?
/miscellaneous/lahm-intl.html,0/4,?
/miscellaneous/laizans-intlg.html,0/4,?
/miscellaneous/lalas-intl.html,0/2,?
/miscellaneous/laling-intl.html,0/1,?
/miscellaneous/lambourde-intlg.html,0/3,?
/miscellaneous/lamdiatta-intl.html,0/1,?
/miscellaneous/lampard-intlg.html,0/3,?
/miscellaneous/landzaat-intl.html,0/1,?
/miscellaneous/langaigne-intl.html,0/2,?
/miscellaneous/langara-intlg.html,0/2,?
/miscellaneous/langers-intl.html,0/2,?
/miscellaneous/laos-recintlp.html,0/3,?
/miscellaneous/laperea-intl.html,0/1,?
/miscellaneous/larnoe-intlg.html,1/3,Henri Larnoe - Goals in International Matches
/miscellaneous/laseroms-intl.html,0/1,?
/miscellaneous/laskov-intl.html,0/1,?
/miscellaneous/laspalmas-ec.html,0/2,?
/miscellaneous/latal-intl.html,0/1,?
/miscellaneous/latapy-intlg.html,0/1,?
/miscellaneous/lato-intl.html,0/5,?
/miscellaneous/lauck-intl.html,0/1,?
/miscellaneous/lauth-intl.html,0/2,?
/miscellaneous/law-intlg.html,0/3,?
/miscellaneous/lbalint-intl.html,0/1,?
/miscellaneous/lbenbarek-intl.html,0/1,?
/miscellaneous/lbuffon-intl.html,0/1,?
/miscellaneous/lcana-intl.html,0/2,?
/miscellaneous/lcarre-intl.html,0/1,?
/miscellaneous/lcvinh-intlg.html,0/3,?
/miscellaneous/ldejong-intl.html,0/4,?
/miscellaneous/ldurek-intl.html,0/2,?
/miscellaneous/leb-alsaadi-intl.html,0/1,?
/miscellaneous/leb-altonian-intlg.html,0/1,?
/miscellaneous/leb-cleansheets.html,0/1,?
/miscellaneous/leb-coach-triv.html,0/2,?
/miscellaneous/leb-elsamad-intl.html,0/1,?
/miscellaneous/leb-fantar-intl.html,0/1,?
/miscellaneous/leb-haidar-intl.html,0/2,?
/miscellaneous/leb-hijazi-intl.html,0/1,?
/miscellaneous/leb-hzein-intl.html,0/1,?
/miscellaneous/leb-jtaha-intl.html,0/1,?
/miscellaneous/leb-maatouk-intlg.html,0/2,?
/miscellaneous/leb-mrad-intlg.html,0/1,?
/miscellaneous/leb-naamani-intl.html,0/1,?
/miscellaneous/leb-nmatar-intl.html,0/1,?
/miscellaneous/leb-recintlp.html,0/5,?
/miscellaneous/leb-wom-coach.html,0/2,?
/miscellaneous/leb-wom-recintlp.html,0/2,?
/miscellaneous/leb-yenkibarian-intl.html,0/1,?
/miscellaneous/ledyakov-intl.html,0/2,?
/miscellaneous/leedg-intlg.html,0/3,?
/miscellaneous/leewj-intl.html,0/3,?
/miscellaneous/leeyp-intl.html,0/3,?
/miscellaneous/lefevre-intl.html,0/3,André Le Fèvre – International Appearances
/miscellaneous/lefter-intlg.html,0/1,?
/miscellaneous/legrottaglie-intl.html,0/2,?
/miscellaneous/lehmann-intl.html,0/2,?
/miscellaneous/lehner-intlg.html,0/3,?
/miscellaneous/leibenguth-intlg.html,0/1,?
/miscellaneous/leinberger-intl.html,0/3,Ludwig Leinberger - International Appearances
/miscellaneous/leitgeb-intl.html,0/1,?
/miscellaneous/lemanczyk-intl.html,0/1,?
/miscellaneous/lemberechts-intlg.html,0/1,?
/miscellaneous/lemerre-cintl.html,0/2,?
/miscellaneous/lenstra-intlg.html,0/7,?
/miscellaneous/leoconti-intl.html,0/2,Leopoldo Conti - International Appearances
/miscellaneous/leonenko-intlg.html,0/2,?
/miscellaneous/leonhardsen-intl.html,0/1,?
/miscellaneous/leonidas-intlg.html,0/1,?
/miscellaneous/leroy-cintl.html,0/1,?
/miscellaneous/lesaux-intl.html,0/1,?
/miscellaneous/leso-thabantso-intl.html,1/2,Jane Thabantso - International Appearances
/miscellaneous/let-recintlp.html,10/4,Latvia - Record International Players
/miscellaneous/levratto-intlg.html,0/4,Virgilio Felice Levratto - Goals in International Matches
/miscellaneous/levy-intl.html,0/2,?
/miscellaneous/lewandowski-intl.html,0/2,?
/miscellaneous/lewandowski-intlg.html,0/5,?
/miscellaneous/lfazekas-intlg.html,0/1,?
/miscellaneous/lfer-intl.html,0/1,?
/miscellaneous/lfsuarez-cintl.html,0/2,?
/miscellaneous/lhalle-intl.html,0/3,?
/miscellaneous/lhduc-intlg.html,0/1,?
/miscellaneous/lhernandez-intlg.html,0/2,?
/miscellaneous/lhofmann-intlg.html,0/3,Ludwig Hofmann - Goals in International Matches
/miscellaneous/lholtby-intl.html,2/3,Lewis Harry Holtby - International Appearances
/miscellaneous/lib-biski-intlg.html,0/3,?
/miscellaneous/lib-coach.html,0/2,?
/miscellaneous/liber-nagbe-intl.html,0/1,?
/miscellaneous/liber-recintlp.html,0/3,?
/miscellaneous/libonatti-intlg.html,0/3,?
/miscellaneous/libuda-intl.html,0/2,?
/miscellaneous/lichtsteiner-intl.html,0/4,?
/miscellaneous/lie-nhasler-intl.html,0/3,?
/miscellaneous/lie-recintlp.html,8/4,Liechtenstein - Record International Players
/miscellaneous/lie-stadiums.html,1/2,Liechtenstein - Stadiums
/miscellaneous/lieberam-intl.html,0/1,?
/miscellaneous/liebers-intl.html,0/1,?
/miscellaneous/lilly-intl.html,1/2,Kristine Lilly - International Matches
/miscellaneous/limgutierrez-intl.html,0/1,?
/miscellaneous/lindemann-intl.html,0/1,?
/miscellaneous/lindenberger-intl.html,0/1,?
/miscellaneous/lindixon-intl.html,0/3,?
/miscellaneous/lindner-intl.html,0/1,?
/miscellaneous/lindpere-intl.html,0/4,?
/miscellaneous/lineker-intlg.html,0/3,?
/miscellaneous/lingis-intlg.html,0/2,?
/miscellaneous/linke-intl.html,0/2,?
/miscellaneous/linz-intl.html,0/1,?
/miscellaneous/litmanen-intlg.html,0/4,?
/miscellaneous/lito-cernych-intlg.html,0/4,?
/miscellaneous/lito-novikovas-intlg.html,0/3,?
/miscellaneous/lito-recintlp.html,21/5,Lithuania - Record International Players
/miscellaneous/litovchenko-intl.html,0/2,?
/miscellaneous/littbarski-intl.html,0/3,?
/miscellaneous/liwf-intl.html,0/3,?
/miscellaneous/lizarazu-intl.html,0/1,?
/miscellaneous/ljahn-intlg.html,2/4,"Ludwich ""Loed"" Jahn – International Appearances"
/miscellaneous/ljimenez-intl.html,0/1,?
/miscellaneous/lkoegl-intl.html,0/2,?
/miscellaneous/llainer-intl.html,0/1,?
/miscellaneous/lloris-intl.html,0/3,?
/miscellaneous/lmillecamps-intl.html,0/1,?
/miscellaneous/lmonti-intl.html,0/4,Luisito Monti - International Appearances
/miscellaneous/lmore-intlg.html,0/2,?
/miscellaneous/lnarsingh-intl.html,0/1,?
/miscellaneous/lneill-intl.html,0/2,?
/miscellaneous/lnitsch-intl.html,0/2,Leopold Nitsch - International Appearances
/miscellaneous/lnovak-intl.html,0/2,?
/miscellaneous/lobanovsky-cintl.html,0/2,?
/miscellaneous/lobont-intl.html,0/1,?
/miscellaneous/locatelli-intl.html,0/2,?
/miscellaneous/lodetti-intl.html,0/1,?
/miscellaneous/loehr-intlg.html,0/3,?
/miscellaneous/loew-cintl.html,0/1,?
/miscellaneous/lofthouse-intlg.html,0/2,?
/miscellaneous/lokvenc-intl.html,0/2,?
/miscellaneous/lombardo-intl.html,0/1,?
/miscellaneous/lregueiro-intl.html,0/3,Luis Regueiro - International Appearances
/miscellaneous/lrosu-intl.html,0/1,?
/miscellaneous/lsaeys-intl.html,0/2,?
/miscellaneous/lsanchez-intl.html,0/1,?
/miscellaneous/lsuarez-intlg.html,0/2,?
/miscellaneous/ltejada-intlg.html,0/4,?
/miscellaneous/lubanski-intlg.html,0/4,?
/miscellaneous/lucescu-intl.html,0/1,?
/miscellaneous/lucio-intl.html,0/3,?
/miscellaneous/luckylosers.html,38/8,Lucky Losers
/miscellaneous/luhovy-intl.html,0/2,?
/miscellaneous/luisenrique-intlg.html,0/2,?
/miscellaneous/luisfabiano-intlg.html,0/1,?
/miscellaneous/lumbengarav-intlg.html,0/1,?
/miscellaneous/lung-intl.html,0/1,?
/miscellaneous/luque-intlg.html,0/2,?
/miscellaneous/lutjens-intl.html,0/3,?
/miscellaneous/lux-damota-intl.html,0/4,?
/miscellaneous/lux-gerson-intl.html,0/3,?
/miscellaneous/lux-jans-intl.html,0/4,?
/miscellaneous/lux-recintlp.html,16/4,Luxembourg - Record International Players
/miscellaneous/luzhny-intl.html,0/3,?
/miscellaneous/lvangogh-intl.html,0/2,?
/miscellaneous/lwaya-intl.html,0/3,?
/miscellaneous/lwilden-intl.html,0/2,?
/miscellaneous/mabegglen-intlg.html,0/5,"Max ""Xam"" Abegglen II - Goals in International Matches"
/miscellaneous/mabkhout-intlg.html,0/4,?
/miscellaneous/macala-cintl.html,0/1,?
/miscellaneous/macao-stadiums.html,1/2,Macao - Stadiums
/miscellaneous/maceda-intl.html,0/2,?
/miscellaneous/macneill-intl.html,2/3,Dick MacNeill - International Appearances
/miscellaneous/madag-recintlp.html,0/3,?
/miscellaneous/madag-voavy-intlg.html,0/1,?
/miscellaneous/madani-intl.html,0/3,?
/miscellaneous/madjer-intlg.html,0/1,?
/miscellaneous/madlung-intl.html,0/2,?
/miscellaneous/madsen-intlg.html,0/4,?
/miscellaneous/magath-intl.html,0/1,?
/miscellaneous/maghani-intl.html,0/1,?
/miscellaneous/magnini-intl.html,0/1,?
/miscellaneous/magnozzi-intlg.html,0/4,Mario Magnozzi - Goals in International Matches
/miscellaneous/magurbanov-intl.html,0/2,?
/miscellaneous/mahaijri-intl.html,0/3,?
/miscellaneous/mahdavikia-intl.html,0/3,?
/miscellaneous/maher-intl.html,0/2,?
/miscellaneous/mahi-intl.html,0/2,?
/miscellaneous/mahjoub-intl.html,0/2,?
/miscellaneous/maiconds-intl.html,0/1,?
/miscellaneous/maier-intl.html,0/3,?
/miscellaneous/majewski-intl.html,0/2,?
/miscellaneous/makinka-intl.html,0/2,?
/miscellaneous/makounii-intl.html,0/1,?
/miscellaneous/makrides-intl.html,0/2,?
/miscellaneous/makwaza-intl.html,0/1,?
/miscellaneous/malagal.html,2/4,Up and Down!
/miscellaneous/malaw-recintlp.html,0/3,?
/miscellaneous/malawpoy.html,1/2,Malawi - Player of the Year
/miscellaneous/malay-abdullah-intlg.html,0/2,?
/miscellaneous/malay-arumugam-intl.html,0/3,?
/miscellaneous/malay-asalleh-intl.html,0/3,?
/miscellaneous/malay-azradzak-intl.html,0/2,?
/miscellaneous/malay-bakar-intlg.html,0/3,?
/miscellaneous/malay-chandran-intl.html,0/3,?
/miscellaneous/malay-dahari-intlg.html,0/4,?
/miscellaneous/malay-dsalleh-intlg.html,0/1,?
/miscellaneous/malay-minhat-intlg.html,0/2,?
/miscellaneous/malay-namat-intl.html,0/2,?
/miscellaneous/malay-recintlp.html,0/4,?
/miscellaneous/malay-singh-intl.html,0/3,?
/miscellaneous/malay-zabidin-intlg.html,0/4,?
/miscellaneous/maldini-intl.html,0/4,?
/miscellaneous/maled-recintlp.html,0/4,?
/miscellaneous/mali-btoure-intlg.html,0/1,?
/miscellaneous/mali-masidibe-intl.html,0/1,?
/miscellaneous/mali-recintlp.html,0/3,?
/miscellaneous/malitoli-intlg.html,0/1,?
/miscellaneous/malsayed-intlg.html,0/3,?
/miscellaneous/malt-coach-triv.html,0/2,?
/miscellaneous/malt-recintlp.html,10/4,Malta - Record International Players
/miscellaneous/malt-wompoy.html,1/2,Malta - Women Player of the Year
/miscellaneous/maltpoy.html,1/2,Malta - Player of the Year
/miscellaneous/mamueller-intl.html,0/1,?
/miscellaneous/mancini-intl.html,0/2,?
/miscellaneous/mandirali-intlg.html,0/1,?
/miscellaneous/mandreko-intl.html,0/2,?
/miscellaneous/mandrews-intlg.html,0/3,?
/miscellaneous/mandzukic-intlg.html,0/4,?
/miscellaneous/mane-intlg.html,0/4,?
/miscellaneous/manglitz-intl.html,2/3,Manfred Manglitz - International Appearances
/miscellaneous/mansveld-intl.html,0/1,?
/miscellaneous/maradona-intl.html,0/3,?
/miscellaneous/maranhnick.html,1/4,Maranhão -- List of Team Nicknames
/miscellaneous/marchisio-intl.html,0/1,?
/miscellaneous/marica-intlg.html,0/1,?
/miscellaneous/marin-intl.html,0/3,?
/miscellaneous/marini-intl.html,0/2,?
/miscellaneous/marjanovic-intlg.html,0/4,Blagoje Marjanovic - Goals in International Matches
/miscellaneous/marksteinermarosvari-intl.html,0/1,?
/miscellaneous/maro-abrami-intl.html,0/1,?
/miscellaneous/maro-amcharrat-intlg.html,0/1,?
/miscellaneous/maro-arabi-intl.html,0/1,?
/miscellaneous/maro-bassir-intlg.html,0/1,?
/miscellaneous/maro-chamakh-intl.html,0/1,?
/miscellaneous/maro-chippo-intl.html,0/1,?
/miscellaneous/maro-coach.html,0/2,?
/miscellaneous/maro-dolmy-intl.html,0/1,?
/miscellaneous/maro-faras-intlg.html,0/2,?
/miscellaneous/maro-hadda-intlg.html,0/1,?
/miscellaneous/maro-hadrioui-intl.html,0/1,?
/miscellaneous/maro-hazzaz-intl.html,0/1,?
/miscellaneous/maro-karkouri-intl.html,0/1,?
/miscellaneous/maro-khalej-intl.html,0/1,?
/miscellaneous/maro-kharja-intl.html,0/1,?
/miscellaneous/maro-laghrissi-intlg.html,0/1,?
/miscellaneous/maro-lamyaghri-intl.html,0/1,?
/miscellaneous/maro-mhadji-intl.html,0/1,?
/miscellaneous/maro-ouaddou-intl.html,0/1,?
/miscellaneous/maro-recintlp.html,0/5,?
/miscellaneous/maro-saber-intl.html,0/1,?
/miscellaneous/maro-safri-intl.html,0/1,?
/miscellaneous/maro-timoumi-intl.html,0/1,?
/miscellaneous/maro-yhadji-intl.html,0/1,?
/miscellaneous/maro-zaki-intl.html,0/1,?
/miscellaneous/marofran-recintlp.html,0/3,?
/miscellaneous/marschall-intl.html,0/3,?
/miscellaneous/mart-intlg.html,0/2,?
/miscellaneous/martineau-intl.html,0/1,?
/miscellaneous/martino-cintl.html,0/2,?
/miscellaneous/martinsindi-intl.html,0/3,?
/miscellaneous/martinv-intl.html,0/1,?
/miscellaneous/martyna-intl.html,0/1,?
/miscellaneous/marzooqi-intlg.html,0/3,?
/miscellaneous/masantonio-intlg.html,0/2,?
/miscellaneous/mascherano-intl.html,0/4,?
/miscellaneous/masny-intl.html,0/1,?
/miscellaneous/masopust-intl.html,0/1,?
/miscellaneous/massaro-intl.html,0/2,?
/miscellaneous/massy-intl.html,0/2,Pierre Massy – International Appearances
/miscellaneous/mastocklasa-intl.html,0/4,?
/miscellaneous/matar-intlg.html,0/3,?
/miscellaneous/materazzi-intl.html,0/2,?
/miscellaneous/mateut-intl.html,0/1,?
/miscellaneous/matfernandez-intlg.html,0/1,?
/miscellaneous/mathclubrank.html,1/2,A Worldwide Historical Clubs Ranking based on Mathematics
/miscellaneous/mathijsen-intl.html,0/1,?
/miscellaneous/matthaeus-intl.html,0/5,?
/miscellaneous/matthews-intl.html,0/1,?
/miscellaneous/mattler-intl.html,0/1,?
/miscellaneous/maturana-cintl.html,0/2,?
/miscellaneous/matysek-intl.html,0/2,?
/miscellaneous/matysik-intl.html,0/2,?
/miscellaneous/matzen-intl.html,0/1,?
/miscellaneous/maur-bessam-intl.html,0/1,?
/miscellaneous/maur-dellahi-intl.html,0/1,?
/miscellaneous/maur-diallo-intl.html,0/1,?
/miscellaneous/maur-recintlp.html,0/3,?
/miscellaneous/mauri-recintlp.html,0/4,?
/miscellaneous/mauri-speville-intl.html,0/1,?
/miscellaneous/maxiper-intl.html,0/3,?
/miscellaneous/mayo-antoissi-intl.html,0/3,?
/miscellaneous/mbaur-intl.html,0/1,?
/miscellaneous/mbertini-intl.html,0/1,?
/miscellaneous/mboma-intlg.html,0/2,?
/miscellaneous/mcarcela-intl.html,0/2,?
/miscellaneous/mcardoni-intl.html,0/2,?
/miscellaneous/mcbride-intlg.html,0/2,?
/miscellaneous/mccarthy-intlg.html,0/2,?
/miscellaneous/mcgeady-intl.html,0/2,?
/miscellaneous/mcharalambous-intl.html,0/2,?
/miscellaneous/mcmanaman-intl.html,0/1,?
/miscellaneous/mdeligt-intl.html,0/1,?
/miscellaneous/mderoon-intl.html,0/1,?
/miscellaneous/mdogan-intl.html,0/2,?
/miscellaneous/meavitali-intl.html,0/1,?
/miscellaneous/meawwad-intl.html,0/1,?
/miscellaneous/meazza-intlg.html,0/3,?
/miscellaneous/meeuws-intl.html,0/1,?
/miscellaneous/meftah-intl.html,0/1,?
/miscellaneous/meinhold-intl.html,0/1,?
/miscellaneous/meisl-cintl.html,0/1,?
/miscellaneous/mekhloufi-intl.html,2/3,Rachid Mekhloufi - International Appearances
/miscellaneous/melchior-intlg.html,0/1,?
/miscellaneous/melchiot-intl.html,0/1,?
/miscellaneous/melgar-intl.html,0/1,?
/miscellaneous/mellberg-intl.html,0/4,?
/miscellaneous/memphis-intl.html,0/5,?
/miscellaneous/menapi-intlg.html,0/2,?
/miscellaneous/mendieta-intl.html,0/2,?
/miscellaneous/menotti-cintl.html,0/1,?
/miscellaneous/menzo-intl.html,0/2,?
/miscellaneous/meola-intl.html,0/3,?
/miscellaneous/merkel-intl.html,0/3,?
/miscellaneous/mermans-intlg.html,1/2,"Joseph ""Jef"" Mermans - Goals in International Matches"
/miscellaneous/mertesacker-intl.html,0/4,?
/miscellaneous/meshal-intlg.html,0/2,?
/miscellaneous/messi-intlg.html,0/5,?
/miscellaneous/meszoly-intlg.html,0/2,?
/miscellaneous/metsu-cintl.html,0/2,?
/miscellaneous/metzelder-intl.html,0/2,?
/miscellaneous/mex-coach-triv.html,0/2,?
/miscellaneous/mex-ealvarez-intl.html,1/2,Édson Omar Álvarez - International Appearances
/miscellaneous/mex-gallardo-intl.html,0/3,?
/miscellaneous/mex-herrera-intl.html,0/3,?
/miscellaneous/mex-hof.html,1/2,Hall of Fame of Soccer Mexico and World
/miscellaneous/mex-moreno-intl.html,0/3,?
/miscellaneous/mex-ochoa-intl.html,0/3,?
/miscellaneous/mex-recintlp.html,0/3,?
/miscellaneous/mex-rjimenez-intlg.html,0/4,?
/miscellaneous/mex-stadiums.html,1/2,List of main stadiums for soccer in Mexico
/miscellaneous/mex2-stadiums.html,1/2,Mexican Soccer Stadiums Second Level 1994-present
/miscellaneous/mexpoy.html,1/2,Mexico - Citlalli/Balón de Oro - Mexican League Awards
/miscellaneous/mexrival.html,1/2,Mexico - First Level Derbies
/miscellaneous/mfernandes-intl.html,0/2,?
/miscellaneous/mfigueroa-intl.html,0/3,?
/miscellaneous/mfriedrich-intl.html,0/2,?
/miscellaneous/mgomez-intlg.html,0/4,?
/miscellaneous/mgstevens-intl.html,0/1,?
/miscellaneous/mhaas-intl.html,0/1,?
/miscellaneous/mhaber-intl.html,0/2,?
/miscellaneous/mhanke-intl.html,0/2,?
/miscellaneous/mhartmann-intl.html,0/2,?
/miscellaneous/mhiden-intl.html,0/1,?
/miscellaneous/mhiller-intlg.html,0/2,?
/miscellaneous/mhniang-intlg.html,0/1,?
/miscellaneous/mhoffmann-intl.html,0/1,?
/miscellaneous/michel-cintl.html,0/2,?
/miscellaneous/michel-intl.html,0/2,?
/miscellaneous/micro-stadiums.html,1/2,Micronesia - Stadiums
/miscellaneous/mido-intlg.html,0/1,?
/miscellaneous/mifsud-intlg.html,0/5,?
/miscellaneous/mightymouse-intlg.html,0/2,?
/miscellaneous/migueli-intl.html,0/2,?
/miscellaneous/mijatovic-intlg.html,0/2,?
/miscellaneous/mijnals-intl.html,0/5,?
/miscellaneous/mikhailichenko-intlg.html,0/2,?
/miscellaneous/mikhailov-intl.html,0/4,?
/miscellaneous/mikoliunas-intl.html,0/3,?
/miscellaneous/milosevic-intlg.html,0/4,?
/miscellaneous/milutinovic-cintl.html,0/1,?
/miscellaneous/mimaramirez-intl.html,0/1,?
/miscellaneous/minavand-intl.html,0/1,?
/miscellaneous/minelli-intl.html,0/2,?
/miscellaneous/minge-intlg.html,0/1,?
/miscellaneous/minkwitz-intl.html,0/1,?
/miscellaneous/mirzapour-intl.html,0/1,?
/miscellaneous/misimovic-intlg.html,0/2,?
/miscellaneous/mitic-intlg.html,0/3,?
/miscellaneous/miura-intlg.html,0/3,?
/miscellaneous/miyamoto-intl.html,0/1,?
/miscellaneous/mizewlakow-intl.html,0/4,?
/miscellaneous/mjansen-intl.html,0/2,?
/miscellaneous/mjimenez-intl.html,0/1,?
/miscellaneous/mjoergensen-intlg.html,0/4,?
/miscellaneous/mkaiser-intl.html,0/1,?
/miscellaneous/mkamri-intlg.html,0/3,?
/miscellaneous/mkarimajeel-intl.html,0/3,?
/miscellaneous/mkd-trajkovski-intlg.html,0/3,?
/miscellaneous/mkhalele-intl.html,0/1,?
/miscellaneous/mkhitaryan-intlg.html,0/3,?
/miscellaneous/mklein-intl.html,0/1,?
/miscellaneous/mkoeman-intl.html,0/2,?
/miscellaneous/mlaudrup-intl.html,0/4,?
/miscellaneous/mlorenz-intl.html,0/2,?
/miscellaneous/mlw-banda-intl.html,0/1,?
/miscellaneous/mlw-mhango-intl.html,0/1,?
/miscellaneous/mlw-sanudi2-intl.html,0/1,?
/miscellaneous/mmax-intl.html,0/3,?
/miscellaneous/mmmoreno-intlg.html,0/3,?
/miscellaneous/mmocanu-intl.html,0/1,?
/miscellaneous/mmpenza-intl.html,0/1,?
/miscellaneous/mmundt-intl.html,2/3,Miel Mundt - International Appearances
/miscellaneous/mmustafa-intlg.html,0/4,?
/miscellaneous/mnalamshah-intlg.html,0/2,?
/miscellaneous/mnbrahman-intl.html,0/1,?
/miscellaneous/mndiaye-intl.html,0/1,?
/miscellaneous/mniculae-intlg.html,0/1,?
/miscellaneous/mnosrati-intl.html,0/1,?
/miscellaneous/mnovakovic-intlg.html,0/4,?
/miscellaneous/mnunez-intlg.html,0/2,?
/miscellaneous/moddo-intl.html,0/2,?
/miscellaneous/moeller-intl.html,0/3,?
/miscellaneous/mokh-intl.html,0/2,?
/miscellaneous/mokoena-intl.html,0/3,?
/miscellaneous/mold-recintlp.html,6/4,Moldova - Record International Players
/miscellaneous/mold-wompoy.html,1/2,Moldova - Women Player of the Year Awards
/miscellaneous/moldovan-intlg.html,0/1,?
/miscellaneous/molsen-cintl.html,0/1,?
/miscellaneous/momar-intlg.html,0/3,?
/miscellaneous/momber-intl.html,0/1,?
/miscellaneous/monaco-stadiums.html,1/2,Monaco - Stadiums
/miscellaneous/mong-recintlp.html,0/3,?
/miscellaneous/monteg-recintlp.html,10/4,Montenegro - Record International Players
/miscellaneous/montolivo-intl.html,0/2,?
/miscellaneous/monzeglio-intl.html,0/2,?
/miscellaneous/moore-intl.html,0/3,?
/miscellaneous/moran-intlg.html,0/1,?
/miscellaneous/moraru-intl.html,0/1,?
/miscellaneous/moravcik-intl.html,0/4,?
/miscellaneous/mori-intlg.html,0/1,?
/miscellaneous/morientes-intl.html,0/1,?
/miscellaneous/morinas-intl.html,0/1,?
/miscellaneous/morlock-intlg.html,0/2,?
/miscellaneous/mosabeh-intl.html,0/3,?
/miscellaneous/mosaibeth-intl.html,0/2,?
/miscellaneous/moshoeu-intl.html,0/1,?
/miscellaneous/mostovoi-intl.html,0/3,?
/miscellaneous/moteab-intlg.html,0/1,?
/miscellaneous/mothes-intl.html,0/1,?
/miscellaneous/moulijn-intl.html,0/2,?
/miscellaneous/moz-domingues-intlg.html,0/2,?
/miscellaneous/moz-recintlp.html,0/3,?
/miscellaneous/mpetrov-intlg.html,0/2,?
/miscellaneous/mphillip-intl.html,0/2,?
/miscellaneous/mponda-intl.html,0/3,?
/miscellaneous/mreich-intl.html,0/2,?
/miscellaneous/mrummenigge-intl.html,0/2,?
/miscellaneous/msabitzer-intl.html,0/2,?
/miscellaneous/msandberg-intl.html,0/2,?
/miscellaneous/mschaefer-intl.html,0/2,?
/miscellaneous/mschulz-intl.html,0/2,?
/miscellaneous/mschwabl-intl.html,0/2,?
/miscellaneous/mschwarzer-intl.html,0/3,?
/miscellaneous/mtarnat-intl.html,0/2,?
/miscellaneous/mtetzner-intl.html,0/2,?
/miscellaneous/mtn-beciraj-intlg.html,0/2,?
/miscellaneous/mtn-jovetic-intlg.html,0/3,?
/miscellaneous/mtothiii-intl.html,0/1,?
/miscellaneous/mtq-herelle-intl.html,0/3,?
/miscellaneous/mubarak-intl.html,0/3,?
/miscellaneous/muccinelli-intl.html,0/1,?
/miscellaneous/mueller-intlg.html,0/5,?
/miscellaneous/muenzenberg-intl.html,0/1,?
/miscellaneous/mukhaini-intl.html,0/2,?
/miscellaneous/mukhaini2-intl.html,0/3,?
/miscellaneous/munteanu-intl.html,0/4,?
/miscellaneous/muslera-intl.html,0/3,?
/miscellaneous/musonda-intl.html,0/3,?
/miscellaneous/mutawa-intl.html,0/4,?
/miscellaneous/mutsch-intl.html,0/4,?
/miscellaneous/mutu-intlg.html,0/3,?
/miscellaneous/muwallid-intl.html,0/1,?
/miscellaneous/muwallid-intlg.html,0/2,?
/miscellaneous/mvanbeurden-intl.html,0/1,?
/miscellaneous/mvfoe-intl.html,0/1,?
/miscellaneous/mvink-intl.html,0/2,?
/miscellaneous/mvucinic-intlg.html,0/3,?
/miscellaneous/mwagner-intl.html,0/2,?
/miscellaneous/mweber-intl.html,0/1,?
/miscellaneous/mweene-intl.html,0/3,?
/miscellaneous/mwright-intl.html,0/1,?
/miscellaneous/mykhailichenko-intl.html,0/2,?
/miscellaneous/myohw-intlg.html,0/2,?
/miscellaneous/myoussefabd-intl.html,0/1,?
/miscellaneous/mzitouni-intl.html,2/3,Mustapha Zitouni - International Appearances
/miscellaneous/nacosta-cintl.html,0/2,?
/miscellaneous/nadal-intl.html,0/2,?
/miscellaneous/nagatomo-intl.html,0/3,?
/miscellaneous/nahar-intl.html,0/3,?
/miscellaneous/nakamura-intlg.html,0/2,?
/miscellaneous/nakazawa-intlg.html,0/3,?
/miscellaneous/nami-haoseb-intl.html,0/2,?
/miscellaneous/nami-hotto-intlg.html,1/2,Deon Daniel Hotto Kavendji - Goals in International Matches
/miscellaneous/nami-recintlp.html,0/3,?
/miscellaneous/nami-shalulile-intlg.html,1/2,Peter Taanyanda Shalulile - Goals in International Matches
/miscellaneous/namipoy.html,1/2,Namibia - Player of the Year
/miscellaneous/nanninga-intlg.html,0/1,?
/miscellaneous/narazaki-intl.html,0/1,?
/miscellaneous/nasazzibaton.html,2/4,Nasazzi's Baton
/miscellaneous/nasir-intl.html,0/3,?
/miscellaneous/natnallt.html,0/2,World All-
/miscellaneous/natteam-coachs-records.html,0/2,?
/miscellaneous/nawrot-intlg.html,0/2,?
/miscellaneous/naybet-intl.html,0/3,?
/miscellaneous/nbutt-intl.html,0/1,?
/miscellaneous/ncam-ff-toy.html,1/2,North and Central American National Team of the Year
/miscellaneous/ndejong-intl.html,0/3,?
/miscellaneous/ndgutierrez-intl.html,0/1,?
/miscellaneous/ndlovu-intlg.html,0/3,?
/miscellaneous/ndlovu2-intlg.html,0/1,?
/miscellaneous/ned-coach-triv.html,0/2,?
/miscellaneous/ned-reccomp.html,0/1,?
/miscellaneous/ned-recintlp.html,407/32,Netherlands - International Players Records
/miscellaneous/nedpoy.html,1/2,Netherlands - Player of the Year and Other Awards
/miscellaneous/nedved-intl.html,0/2,?
/miscellaneous/neeskens-intl.html,0/2,?
/miscellaneous/nehoda-intl.html,0/3,?
/miscellaneous/neimah-intl.html,0/2,?
/miscellaneous/nejedly-intl.html,0/1,?
/miscellaneous/nekounam-intl.html,0/3,?
/miscellaneous/nemec-intl.html,0/2,?
/miscellaneous/nemecek-intl.html,0/1,?
/miscellaneous/nemesneufeld-intl.html,0/2,?
/miscellaneous/nemsadze-intl.html,0/2,?
/miscellaneous/nepal-klimbu-intl.html,0/3,?
/miscellaneous/nepal-rchand-intl.html,0/3,?
/miscellaneous/nepal-recintlp.html,0/3,?
/miscellaneous/nepal-shakya-intl.html,0/1,?
/miscellaneous/nerlinger-intl.html,0/2,?
/miscellaneous/nesmachnyi-intl.html,0/1,?
/miscellaneous/nesta-intl.html,0/2,?
/miscellaneous/nesterov-intl.html,0/3,?
/miscellaneous/netz-intl.html,0/1,?
/miscellaneous/netzer-intl.html,0/2,?
/miscellaneous/neubarth-intl.html,0/3,?
/miscellaneous/neuberger-intl.html,0/2,?
/miscellaneous/neumer-intl.html,0/2,?
/miscellaneous/neustaedter-intl.html,0/4,?
/miscellaneous/neuville-intl.html,0/3,?
/miscellaneous/neveu-cintl.html,0/2,?
/miscellaneous/newcal-recintlp.html,0/3,?
/miscellaneous/neymar-intlg.html,0/4,?
/miscellaneous/ngasa-intlg.html,0/3,?
/miscellaneous/ngoncalvez-intl.html,0/1,?
/miscellaneous/nhof-intl.html,0/1,?
/miscellaneous/nhuck-intlg.html,0/1,?
/miscellaneous/nhvaldez-intlg.html,0/1,?
/miscellaneous/nica-barrera-intl.html,0/3,?
/miscellaneous/nica-recintlp.html,0/3,?
/miscellaneous/nickel-intl.html,0/3,?
/miscellaneous/nicolay-intl.html,0/2,?
/miscellaneous/nicolita-intl.html,0/1,?
/miscellaneous/niederkirchner-intl.html,0/1,?
/miscellaneous/nig-iwobi-intl.html,1/2,Alexander Chuka Iwobi - International Appearances
/miscellaneous/nig-musa-intlg.html,0/2,?
/miscellaneous/nig-osimhen-intlg.html,1/2,Victor James Osimhen - Goals in International Matches
/miscellaneous/nig-recintlp.html,0/5,?
/miscellaneous/nig-simon-intl.html,1/2,Moses Daddy-Ajala Simon - International Appearances
/miscellaneous/nigbur-intl.html,0/2,?
/miscellaneous/nigmatullin-intl.html,0/2,?
/miscellaneous/nikbakht-intl.html,0/1,?
/miscellaneous/nikiforov-intl.html,0/3,?
/miscellaneous/nikopolidis-intl.html,0/2,?
/miscellaneous/nil-davis-intl.html,0/4,?
/miscellaneous/nil-evans-intl.html,0/4,?
/miscellaneous/nil-recintlp.html,8/4,Northern Ireland - Record International Players
/miscellaneous/nilis-intl.html,0/1,?
/miscellaneous/nilsson-intl.html,0/4,?
/miscellaneous/nisot-intlg.html,1/2,Fernand Nisot - Goals in International Matches
/miscellaneous/nistelrooij-intlg.html,0/4,?
/miscellaneous/nizigiyimana-intl.html,0/2,?
/miscellaneous/njean-intlg.html,0/1,?
/miscellaneous/nk-jongig-intlg.html,0/2,?
/miscellaneous/nk-rimg-intl.html,0/2,?
/miscellaneous/nkongo-intl.html,0/1,?
/miscellaneous/nkor-recintlp.html,0/3,?
/miscellaneous/nkovac-intlg.html,0/2,?
/miscellaneous/nkovacs-intl.html,0/2,?
/miscellaneous/nliedholm-intlg.html,0/1,?
/miscellaneous/nmaria-recintlp.html,0/3,?
/miscellaneous/nmeier-intl.html,0/2,?
/miscellaneous/nmi-swaim-intl.html,0/3,?
/miscellaneous/nocerino-intl.html,0/2,?
/miscellaneous/noeldner-intlg.html,0/1,?
/miscellaneous/nomvethe-intlg.html,0/1,?
/miscellaneous/noname.html,1/2,What's in a Name?
/miscellaneous/noo-recintlp.html,0/4,?
/miscellaneous/nordahl-intlg.html,0/5,?
/miscellaneous/nordqvist-intl.html,0/4,?
/miscellaneous/notermans-intl.html,0/1,?
/miscellaneous/novak-intl.html,0/3,?
/miscellaneous/nraducanu-intl.html,0/1,?
/miscellaneous/nshirshov-intlg.html,0/1,?
/miscellaneous/numan-intl.html,0/1,?
/miscellaneous/nuninga-intl.html,0/1,?
/miscellaneous/nunweiller3-intl.html,0/1,?
/miscellaneous/nunweiller6-intl.html,0/1,?
/miscellaneous/nyilasi-intlg.html,0/3,?
/miscellaneous/nyirongo-intl.html,0/3,?
/miscellaneous/nz-recintlp.html,0/4,?
/miscellaneous/nz-wood-intlg.html,0/3,?
/miscellaneous/nzpoy.html,1/2,New Zealand - Football Player of the Year
/miscellaneous/obergmark-intl.html,0/2,?
/miscellaneous/obermayer-intl.html,0/1,?
/miscellaneous/oblitas-intl.html,0/1,?
/miscellaneous/obongarcia-intl.html,0/3,?
/miscellaneous/obonsema-intlg.html,0/2,?
/miscellaneous/oce-poy.html,20/2,Oceanian Player of the Year
/miscellaneous/oce-toy.html,1/1,Oceanian National Team of the Year
/miscellaneous/ocordoba-intl.html,0/1,?
/miscellaneous/ocpoy00.html,0/1,?
/miscellaneous/ocpoy01.html,0/1,?
/miscellaneous/ocpoy02.html,0/1,?
/miscellaneous/ocpoy03.html,0/1,?
/miscellaneous/ocpoy04.html,0/1,?
/miscellaneous/ocpoy08.html,0/1,?
/miscellaneous/ocpoy88.html,0/1,?
/miscellaneous/ocpoy89.html,0/1,?
/miscellaneous/ocpoy90.html,0/1,?
/miscellaneous/ocpoy91.html,0/1,?
/miscellaneous/ocpoy92.html,0/1,?
/miscellaneous/ocpoy93.html,0/1,?
/miscellaneous/ocpoy94.html,0/1,?
/miscellaneous/ocpoy95.html,0/1,?
/miscellaneous/ocpoy96.html,0/1,?
/miscellaneous/ocpoy97.html,0/1,?
/miscellaneous/ocpoy98.html,0/1,?
/miscellaneous/ocpoy99.html,0/1,?
/miscellaneous/ocsanchez-intl.html,0/1,?
/miscellaneous/ocwirk-intl.html,0/2,?
/miscellaneous/odaf-intl.html,0/1,?
/miscellaneous/odenthal-intl.html,0/1,?
/miscellaneous/odonkor-intl.html,0/2,?
/miscellaneous/odossary-intlg.html,0/3,?
/miscellaneous/odrodriguez-intl.html,0/1,?
/miscellaneous/oeg-okwi-intlg.html,1/2,Emmanuel Arnold Okwi - Goals in International Matches
/miscellaneous/oekr-recintlp.html,32/5,Ukraine - Record International Players
/miscellaneous/oekr-sak-intl.html,1/2,Yuriy Mykolayovych Sak - International Appearances
/miscellaneous/oekr-stadiums.html,2/2,Stadiums of Ukrainian Football Clubs
/miscellaneous/oekrpoy.html,1/2,Ukraine - Player of the Year Awards
/miscellaneous/oez-ahmedov-intl.html,0/3,?
/miscellaneous/oez-ismailov-intl.html,0/3,?
/miscellaneous/oez-recintlp.html,0/5,?
/miscellaneous/oez-shomurodov-intlg.html,0/3,?
/miscellaneous/oezpoy.html,1/2,Uzbekistan - Footballer and Coach of the Year
/miscellaneous/oganesyan-intl.html,0/1,?
/miscellaneous/oguz-intl.html,0/1,?
/miscellaneous/ohawsawi-intl.html,0/3,?
/miscellaneous/oibanez-intl.html,0/1,?
/miscellaneous/ojohn-intl.html,0/3,?
/miscellaneous/okazaki-intlg.html,0/4,?
/miscellaneous/okkas-intl.html,0/4,?
/miscellaneous/okocha-intl.html,0/1,?
/miscellaneous/okuznetsov-intl.html,0/2,?
/miscellaneous/oldest-youngest.html,2/3,Oldest and youngest players and goal-scorers in international football
/miscellaneous/olembe-intl.html,0/1,?
/miscellaneous/olguin-intl.html,0/2,?
/miscellaneous/olic-intlg.html,0/4,?
/miscellaneous/oliech-intlg.html,0/2,?
/miscellaneous/olivares-intl.html,0/1,?
/miscellaneous/olivieri-intl.html,0/1,?
/miscellaneous/olk-intl.html,0/2,?
/miscellaneous/olowe-intlg.html,0/1,?
/miscellaneous/olsen-intl.html,0/4,?
/miscellaneous/omambiyik-intlg.html,0/1,?
/miscellaneous/oman-alsaadi-intl.html,0/3,?
/miscellaneous/oman-busaidi-intl.html,0/2,?
/miscellaneous/oman-coach-triv.html,0/2,?
/miscellaneous/oman-muqbali-intlg.html,0/2,?
/miscellaneous/oman-musalami-intl.html,0/2,?
/miscellaneous/oman-noobi-intl.html,0/2,?
/miscellaneous/oman-recintlp.html,0/6,?
/miscellaneous/oman-yahmadi-intl.html,1/2,Jameel Saleem Al-Yahmadi - International Appearances
/miscellaneous/omelyunchuk-intl.html,0/2,?
/miscellaneous/omiguez-intlg.html,0/1,?
/miscellaneous/omolina-intl.html,0/3,?
/miscellaneous/omotoyossi-intlg.html,0/1,?
/miscellaneous/onopko-intl.html,0/5,?
/miscellaneous/onze-awards.html,1/2,"""Onze Mondial"" Awards"
/miscellaneous/ooijer-intl.html,0/3,?
/miscellaneous/oost-coach-triv.html,0/2,?
/miscellaneous/oost-recintlp.html,114/13,Austria - Record International Players
/miscellaneous/oostduit-recintlp.html,0/5,?
/miscellaneous/oosthonours.html,2/3,Austrian Domestic Honors
/miscellaneous/oostpoy.html,1/2,Austria - Player of the Year and Other Awards
/miscellaneous/oosttim-recintlp.html,0/3,?
/miscellaneous/oper-intlg.html,0/4,?
/miscellaneous/ophof-intl.html,0/1,?
/miscellaneous/oranje2ndclass.html,48/13,Second Class Players in Oranje
/miscellaneous/oranjebroers.html,52/10,A Century of Brothers in Oranje
/miscellaneous/oranjecaps-and-gaps.html,100/5,Longest Careers and Cap Interruptions Oranje Players
/miscellaneous/oranjezonen.html,23/5,Fathers and Sons in Oranje
/miscellaneous/ordenewitz-intl.html,0/2,?
/miscellaneous/oriali-intl.html,0/2,?
/miscellaneous/orohr-intl.html,0/1,?
/miscellaneous/orsi-intlg.html,0/4,Raimundo Bibian Orsi - Goals in International Matches
/miscellaneous/osanchez-intl.html,0/2,?
/miscellaneous/osasuna-ec.html,0/2,?
/miscellaneous/oshea-intl.html,0/4,?
/miscellaneous/otieno-intl.html,0/1,?
/miscellaneous/otten-intl.html,1/2,Lou Otten – International Appearances
/miscellaneous/ouderland-intl.html,0/1,?
/miscellaneous/ouma-intlg.html,0/1,?
/miscellaneous/overath-intl.html,0/2,?
/miscellaneous/overmars-intl.html,0/2,?
/miscellaneous/oviedo-ec.html,0/2,?
/miscellaneous/ovono-intl.html,0/3,?
/miscellaneous/owalter-intlg.html,0/2,?
/miscellaneous/owen-intlg.html,0/3,?
/miscellaneous/owomoyela-intl.html,0/2,?
/miscellaneous/ozjedinak-intlg.html,0/1,?
/miscellaneous/ozmilligan-intl.html,0/1,?
/miscellaneous/ozon-intl.html,0/1,?
/miscellaneous/ozryan-intl.html,0/3,?
/miscellaneous/pa-baloy-intl.html,0/2,?
/miscellaneous/pa-barcenas-intl.html,0/2,?
/miscellaneous/pa-cascarita-intl.html,0/1,?
/miscellaneous/pa-cooper-intl.html,0/2,?
/miscellaneous/pa-davis-intl.html,0/3,?
/miscellaneous/pa-debello-intl.html,0/1,?
/miscellaneous/pa-escobar-intl.html,1/2,Fidel Escobar - International Appearances
/miscellaneous/pa-godoy-intl.html,0/2,?
/miscellaneous/pa-gtorres-intlg.html,0/2,?
/miscellaneous/pa-negro-intlg.html,0/1,?
/miscellaneous/pa-piepa-intlg.html,0/1,?
/miscellaneous/pa-quintero-intl.html,0/2,?
/miscellaneous/pa-rtorres-intl.html,0/2,?
/miscellaneous/pa-sandford-intl.html,0/1,?
/miscellaneous/pacheco-intl.html,0/1,?
/miscellaneous/paco-intl.html,0/2,?
/miscellaneous/pacontreras-intl.html,0/1,?
/miscellaneous/pagliuca-intl.html,0/1,?
/miscellaneous/pahlplatz-intl.html,0/1,?
/miscellaneous/paintsil-intl.html,0/1,?
/miscellaneous/paki-stadiums.html,1/2,Pakistan - Stadiums
/miscellaneous/palacios-intl.html,0/3,?
/miscellaneous/pales-coach-triv.html,0/2,?
/miscellaneous/pales-recintlp.html,0/5,?
/miscellaneous/palombo-intl.html,0/2,?
/miscellaneous/pamungkas-intl.html,0/2,?
/miscellaneous/panama-recintlp.html,0/5,?
/miscellaneous/panandetiguiri-intl.html,1/1,Saidou Madi Panandétiguiri - International Appearances
/miscellaneous/panayiotou-intl.html,0/2,?
/miscellaneous/pancaro-intl.html,0/2,?
/miscellaneous/pander-intl.html,0/2,?
/miscellaneous/pandersson-intl.html,0/3,?
/miscellaneous/pandev-intlg.html,0/4,?
/miscellaneous/pandolfini-intlg.html,0/2,?
/miscellaneous/panenka-intl.html,0/1,?
/miscellaneous/pangelinan-intlg.html,0/1,?
/miscellaneous/pankau-intl.html,0/1,?
/miscellaneous/panucci-intl.html,0/2,?
/miscellaneous/papin-intl.html,0/2,?
/miscellaneous/para-poy.html,1/2,Paraguay - Player of the Year
/miscellaneous/para-recintlp.html,0/3,?
/miscellaneous/pardo-intl.html,0/3,?
/miscellaneous/parkjs-intlg.html,0/3,?
/miscellaneous/parolo-intl.html,0/1,?
/miscellaneous/parreira-cintl.html,0/2,?
/miscellaneous/parsemain-intlg.html,0/2,?
/miscellaneous/partner-intl.html,0/1,?
/miscellaneous/parvin-intl.html,0/1,?
/miscellaneous/pascutti-intlg.html,0/2,?
/miscellaneous/paserman-howmuchgoals.html,0/2,How Much do Goals Count?
/miscellaneous/passarella-intlg.html,0/2,?
/miscellaneous/pastaman-intl.html,0/1,?
/miscellaneous/paszlack-intl.html,0/2,?
/miscellaneous/patkolo-intl.html,0/1,?
/miscellaneous/patmueller-intl.html,0/2,?
/miscellaneous/patzke-intl.html,0/2,?
/miscellaneous/pauleta-intlg.html,0/4,?
/miscellaneous/paverick-intl.html,0/1,?
/miscellaneous/pavon-intlg.html,0/4,?
/miscellaneous/pazzini-intl.html,0/2,?
/miscellaneous/pbdiop-intl.html,0/1,?
/miscellaneous/pbento-cintl.html,0/2,?
/miscellaneous/pberger-intl.html,0/2,?
/miscellaneous/pbosz-intl.html,0/1,?
/miscellaneous/pbraine-intl.html,0/3,Pierre Braine - International Appearances
/miscellaneous/pbyers-intlg.html,0/4,?
/miscellaneous/pcdasilva-intl.html,0/3,?
/miscellaneous/pcodrea-intl.html,0/1,?
/miscellaneous/pdeboer-intlg.html,0/1,?
/miscellaneous/pducke-intl.html,0/1,?
/miscellaneous/pekarek-intl.html,0/2,?
/miscellaneous/pekarik-intl.html,0/4,?
/miscellaneous/pekerman-cintl.html,0/2,?
/miscellaneous/pele-125alive.html,1/2,Pelé's Choice of 125 Living Players
/miscellaneous/pele-intlg.html,0/3,?
/miscellaneous/pelle-intlg.html,0/1,?
/miscellaneous/pellikaan-intl.html,0/2,?
/miscellaneous/penalties.html,84/8,Penalty Shoot-Out Trivia
/miscellaneous/penaltiesarg.html,0/2,?
/miscellaneous/penaltiestour.html,0/1,?
/miscellaneous/penbe-intl.html,0/1,?
/miscellaneous/penedo-intl.html,0/3,?
/miscellaneous/penstats_doc.html,4/4,All time penalty shoot-out stats for national teams
/miscellaneous/penstats_res.html,0/1,?
/miscellaneous/penstats_stat.html,0/1,?
/miscellaneous/perea-intl.html,0/1,?
/miscellaneous/perner-intl.html,1/3,Antonín Perner - International Appearances
/miscellaneous/perrotta-intl.html,0/2,?
/miscellaneous/peru--yotun-intl.html,0/1,?
/miscellaneous/peru-advincula-intl.html,0/2,?
/miscellaneous/peru-cueva-intl.html,0/3,?
/miscellaneous/peru-farfan-intlg.html,0/2,?
/miscellaneous/peru-gallese-intl.html,0/3,?
/miscellaneous/peru-guerrero-intl.html,0/4,?
/miscellaneous/peru-pizarro-intlg.html,0/1,?
/miscellaneous/peru-recintlp.html,0/4,?
/miscellaneous/peru-yotun-intl.html,0/1,?
/miscellaneous/peru-youth-coach.html,0/2,?
/miscellaneous/peruzzi-intl.html,0/1,?
/miscellaneous/pessotto-intl.html,0/1,?
/miscellaneous/petrescu-intl.html,0/3,?
/miscellaneous/petrone-intlg.html,0/3,Petro Petrone - Goals in International Matches
/miscellaneous/petrosyan-intl.html,0/2,?
/miscellaneous/petschovschi-intl.html,0/2,?
/miscellaneous/peyrovani-intl.html,0/1,?
/miscellaneous/pezzey-intl.html,0/1,?
/miscellaneous/pfaff-intl.html,0/1,?
/miscellaneous/pfeifenberger-intl.html,0/1,?
/miscellaneous/pfister-cintl.html,0/2,?
/miscellaneous/pflipsen-intl.html,0/2,?
/miscellaneous/pfluegler-intl.html,0/1,?
/miscellaneous/pggarcia-intl.html,0/1,?
/miscellaneous/pgrosser-intl.html,0/2,?
/miscellaneous/phantom-intl.html,0/1,?
/miscellaneous/phaphouvanin-intlg.html,0/2,?
/miscellaneous/philippi-intl.html,0/2,?
/miscellaneous/phoutman-intlg.html,0/1,?
/miscellaneous/piantoni-intlg.html,0/1,?
/miscellaneous/piechniczek-cintl.html,0/2,?
/miscellaneous/piendibene-intlg.html,0/1,?
/miscellaneous/pigree-intlg.html,0/2,?
/miscellaneous/piiroja-intlg.html,0/4,?
/miscellaneous/pijs-intl.html,0/1,?
/miscellaneous/pilz-intl.html,0/1,?
/miscellaneous/pintilii-intl.html,0/1,?
/miscellaneous/piola-intlg.html,0/3,?
/miscellaneous/piontek-cintl.html,0/1,?
/miscellaneous/piontek-intl.html,0/2,?
/miscellaneous/piot-intl.html,0/1,?
/miscellaneous/pircalab-intl.html,0/1,?
/miscellaneous/pirlo-intlg.html,0/4,?
/miscellaneous/pirri-intl.html,0/2,?
/miscellaneous/pirrung-intl.html,0/2,?
/miscellaneous/pittas-intl.html,0/2,?
/miscellaneous/pitto-intl.html,0/2,Alfredo Pitto - International Appearances
/miscellaneous/pivarnik-intl.html,0/2,?
/miscellaneous/pizzi-intlg.html,0/2,?
/miscellaneous/pjanic-intl.html,0/4,?
/miscellaneous/pkeizer-intl.html,0/2,?
/miscellaneous/pkrom-intl.html,0/3,"Gerard ""Peer"" Krom - International Appearances"
/miscellaneous/placwc100.html,0/1,?
/miscellaneous/planicka-intl.html,0/1,?
/miscellaneous/plasil-intl.html,0/4,?
/miscellaneous/platini-intlg.html,0/4,?
/miscellaneous/platt-intlg.html,0/1,?
/miscellaneous/platzer-intl.html,0/3,?
/miscellaneous/player-records-various.html,0/2,?
/miscellaneous/player-trivia-ecups.html,0/7,?
/miscellaneous/plessers-intl.html,0/1,?
/miscellaneous/pletikosa-intl.html,0/4,?
/miscellaneous/pmdiop-intl.html,0/1,?
/miscellaneous/pnicolas-intlg.html,1/4,Paul Nicolas - Goals in International Matches
/miscellaneous/pnielsen-intlg.html,2/6,"Poul ""Tist"" Nielsen - Goals in International Matches"
/miscellaneous/poborsky-intl.html,0/4,?
/miscellaneous/podolski-intlg.html,0/6,?
/miscellaneous/poertgen-intl.html,0/2,?
/miscellaneous/poettinger-intl.html,0/3,Josef Pöttinger - Goals in International Matches
/miscellaneous/pogacnik-intl.html,0/2,?
/miscellaneous/pogatetz-intl.html,0/1,?
/miscellaneous/pol-coach.html,0/2,?
/miscellaneous/pol-glik-intl.html,0/4,?
/miscellaneous/pol-grosicki-intlg.html,0/4,?
/miscellaneous/pol-intlg.html,0/3,?
/miscellaneous/pol-krychowiak-intl.html,0/4,?
/miscellaneous/pol-recintlp.html,51/3,Poland - Record International Players
/miscellaneous/pol-zielinski-intl.html,0/4,?
/miscellaneous/polleunis-intlg.html,0/1,?
/miscellaneous/polster-intlg.html,0/7,?
/miscellaneous/poltopseur.html,0/2,?
/miscellaneous/poltopseurallt.html,0/2,?
/miscellaneous/polunin-intl.html,0/2,?
/miscellaneous/pommerenke-intl.html,0/1,?
/miscellaneous/poom-intl.html,0/4,?
/miscellaneous/poortvliet-intl.html,0/1,?
/miscellaneous/popescu-intl.html,0/4,?
/miscellaneous/popluhar-intl.html,0/2,?
/miscellaneous/por-moutinho-intl.html,0/4,?
/miscellaneous/por-nani-intlg.html,0/4,?
/miscellaneous/port-balves-intl.html,0/3,?
/miscellaneous/port-bernardo-intlg.html,0/4,?
/miscellaneous/port-coach-triv.html,0/2,?
/miscellaneous/port-deco-intl.html,0/1,?
/miscellaneous/port-jmvpinto-intlg.html,0/1,?
/miscellaneous/port-joaopinto-intl.html,0/1,?
/miscellaneous/port-matateu-intlg.html,0/2,?
/miscellaneous/port-meireles-intl.html,0/2,?
/miscellaneous/port-mendes-intl.html,0/2,?
/miscellaneous/port-nene-intlg.html,0/1,?
/miscellaneous/port-nuno-intlg.html,0/1,?
/miscellaneous/port-patricio-intl.html,0/4,?
/miscellaneous/port-pepe-intl.html,0/4,?
/miscellaneous/port-peyroteo-intlg.html,0/2,?
/miscellaneous/port-postiga-intlg.html,0/2,?
/miscellaneous/port-quaresma-intl.html,0/2,?
/miscellaneous/port-rcarvalho-intl.html,0/2,?
/miscellaneous/port-recintlp.html,30/5,Portugal - Record International Players
/miscellaneous/port-ricardo-intl.html,0/1,?
/miscellaneous/port-ruicosta-intlg.html,0/1,?
/miscellaneous/portpoy.html,1/2,Portugal - Footballer of the Year
/miscellaneous/posipal-intl.html,0/2,?
/miscellaneous/pospichal-intl.html,0/2,?
/miscellaneous/pound4pound.html,4/2,Pound for Pound World Championships
/miscellaneous/ppercin-intlg.html,0/1,?
/miscellaneous/pput-cintl.html,0/2,?
/miscellaneous/preetz-intl.html,0/3,?
/miscellaneous/preudhomme-intl.html,0/1,?
/miscellaneous/prico-ramos-intlg.html,0/2,?
/miscellaneous/prink-intl.html,0/2,?
/miscellaneous/prins-intl.html,0/1,?
/miscellaneous/priskin-intl.html,0/2,?
/miscellaneous/probst-intlg.html,0/1,?
/miscellaneous/prodan-intl.html,0/1,?
/miscellaneous/proedl-intl.html,0/1,?
/miscellaneous/promes-intlg.html,0/1,?
/miscellaneous/prosinecki-intl.html,0/3,?
/miscellaneous/prossi-intlg.html,0/2,?
/miscellaneous/protasov-intl.html,0/2,?
/miscellaneous/prutsers-intl.html,4/5,Hörburger Twins
/miscellaneous/pschrijvers-intl.html,0/2,?
/miscellaneous/psteiner-intl.html,0/2,?
/miscellaneous/pstoeger-intl.html,0/1,?
/miscellaneous/pstrik-intl.html,0/1,?
/miscellaneous/puc-intlg.html,0/4,?
/miscellaneous/pueon-intlg.html,0/4,?
/miscellaneous/puff-intl.html,0/1,?
/miscellaneous/puis-intl.html,0/1,?
/miscellaneous/pujolpons-intl.html,0/4,?
/miscellaneous/pukki-intlg.html,0/5,?
/miscellaneous/pulici-intl.html,0/1,?
/miscellaneous/puskas-intlg.html,0/5,?
/miscellaneous/puyol-intl.html,0/4,?
/miscellaneous/pvandenberg-intlg.html,0/1,?
/miscellaneous/pvermeulen-intl.html,0/1,?
/miscellaneous/pvrocha-intl.html,0/1,?
/miscellaneous/pwade-intl.html,0/1,?
/miscellaneous/pyatnitskyi-intlg.html,0/3,?
/miscellaneous/pyatov-intl.html,0/4,?
/miscellaneous/pzielinski-intl.html,0/2,?
/miscellaneous/qat-abdullah-intl.html,0/2,?
/miscellaneous/qat-abdulmajid-intl.html,0/3,?
/miscellaneous/qat-afif-intlg.html,0/3,?
/miscellaneous/qat-almoez-intlg.html,0/3,?
/miscellaneous/qat-boudiaf-intl.html,0/2,?
/miscellaneous/qat-bujaloof-intl.html,0/1,?
/miscellaneous/qat-coach.html,0/2,?
/miscellaneous/qat-fadlalla-intl.html,0/2,?
/miscellaneous/qat-haydos-intlg.html,0/4,?
/miscellaneous/qat-khoukhi-intlg.html,0/2,?
/miscellaneous/qat-muftah-intlg.html,0/2,?
/miscellaneous/qat-noubi-intlg.html,0/2,?
/miscellaneous/qat-pedro-intl.html,0/2,?
/miscellaneous/qat-recintlp.html,0/6,?
/miscellaneous/qat-sami-intl.html,0/1,?
/miscellaneous/qat-shammari-intl.html,0/1,?
/miscellaneous/qat-soufi-intlg.html,0/1,?
/miscellaneous/qat-tamimi-intl.html,0/1,?
/miscellaneous/qat-tsoliman-intl.html,2/3,Tarek Salman Soliman - Century of International Appearances
/miscellaneous/qflores-intl.html,0/2,?
/miscellaneous/qtimber-intl.html,0/2,?
/miscellaneous/quagliarella-intlg.html,0/2,?
/miscellaneous/quassem-intl.html,0/1,?
/miscellaneous/qubo-intlg.html,0/1,?
/miscellaneous/queiroz-cintl.html,0/1,?
/miscellaneous/quijano-intl.html,0/3,?
/miscellaneous/quini-intlg.html,0/2,?
/miscellaneous/quinn-intlg.html,0/1,?
/miscellaneous/raab-intlg.html,0/1,?
/miscellaneous/radamelfalcao-intlg.html,0/3,?
/miscellaneous/radchenko-intlg.html,0/3,?
/miscellaneous/radhi-intlg.html,0/5,?
/miscellaneous/radler-intl.html,0/2,?
/miscellaneous/radoi-intl.html,0/1,?
/miscellaneous/raducioiu-intlg.html,0/1,?
/miscellaneous/raftl-intl.html,0/2,?
/miscellaneous/rahn-intlg.html,0/2,?
/miscellaneous/raldes-intl.html,0/3,?
/miscellaneous/ramallets-intl.html,0/2,?
/miscellaneous/ramatlhakwane-intlg.html,0/2,?
/miscellaneous/ramcastillo-intl.html,0/1,?
/miscellaneous/ramelow-intl.html,0/2,?
/miscellaneous/ramirez-intl.html,0/3,?
/miscellaneous/ramsey-cintl.html,0/1,?
/miscellaneous/ramzy-intl.html,0/3,?
/miscellaneous/rangers-100trophies.html,1/2,Glasgow Rangers - 100 Trophies
/miscellaneous/ranocchia-intl.html,0/1,?
/miscellaneous/rantar-intlg.html,0/1,?
/miscellaneous/rasselnberg-intl.html,0/2,?
/miscellaneous/rats-intl.html,0/1,?
/miscellaneous/raul-intlg.html,0/5,?
/miscellaneous/rava-intl.html,0/1,?
/miscellaneous/ravanelli-intlg.html,0/2,?
/miscellaneous/ravelli-intl.html,0/4,?
/miscellaneous/rayala-intl.html,0/4,?
/miscellaneous/raynor-cintl.html,0/2,?
/miscellaneous/rayo-ec.html,0/2,?
/miscellaneous/rbaggio-intlg.html,0/2,?
/miscellaneous/rbenetti-intl.html,0/1,?
/miscellaneous/rberezovsky-intl.html,0/2,?
/miscellaneous/rbraine-intlg.html,3/4,Raymond Braine - Goals in International Matches
/miscellaneous/rbuck-intl.html,0/2,?
/miscellaneous/rbuerger-intl.html,0/1,?
/miscellaneous/rcarlos-intl.html,0/3,?
/miscellaneous/rcharles-intlg.html,0/3,?
/miscellaneous/rdeboer-intl.html,0/3,?
/miscellaneous/rdewit-intlg.html,0/1,?
/miscellaneous/rebeja-intl.html,0/2,?
/miscellaneous/rebrov-intl.html,0/2,?
/miscellaneous/recber-intl.html,0/4,?
/miscellaneous/recep-intl.html,0/1,?
/miscellaneous/reck-intl.html,0/1,?
/miscellaneous/recoba-intl.html,0/1,?
/miscellaneous/rednic-intl.html,0/1,?
/miscellaneous/region-argentina.html,1/2,Argentina - Regional Analysis
/miscellaneous/region-austria.html,1/2,Austria - Regional Analysis
/miscellaneous/region-england.html,1/2,England - Regional Analysis
/miscellaneous/region-france.html,1/2,France - Regional Analysis
/miscellaneous/region-germany.html,1/2,Germany - Regional Analysis
/miscellaneous/region-greece.html,1/2,Greece - Regional Analysis
/miscellaneous/region-italy.html,4/5,Italy - Regional Analysis
/miscellaneous/region-italy-cup.html,2/3,Italy - Coppa Italia - Regional Analysis
/miscellaneous/region-italy-sicily.html,7/4,Sicilian Clubs in Serie A
/miscellaneous/region-italy-sicily-b.html,3/4,Sicilian Clubs in Serie B
/miscellaneous/region-japan.html,1/2,Japan - Regional Analysis
/miscellaneous/region-netherlands.html,1/4,Netherlands - Regional Analysis
/miscellaneous/region-norway.html,1/2,Norway - Regional Analysis
/miscellaneous/region-pol-cuiavia.html,0/2,?
/miscellaneous/region-pol-lowersil.html,0/2,?
/miscellaneous/region-pol-mazovia.html,0/2,?
/miscellaneous/region-pol-minor.html,0/2,?
/miscellaneous/region-pol-podlasia.html,0/2,?
/miscellaneous/region-pol-polmajor.html,0/2,?
/miscellaneous/region-pol-pomerania.html,0/2,?
/miscellaneous/region-pol-uppersil.html,0/2,?
/miscellaneous/region-pol-warmiamazuria.html,0/2,?
/miscellaneous/region-pol-westpom.html,0/2,?
/miscellaneous/region-poland.html,11/2,Poland – Regional Analysis
/miscellaneous/region-spain.html,1/2,Spain - Regional Analysis
/miscellaneous/region-ussr.html,1/3,Former Soviet Union - Regional Analysis
/miscellaneous/region-yugoslavia.html,1/2,Former Yugoslavia - Regional Analysis
/miscellaneous/rehhagel-cintl.html,0/2,?
/miscellaneous/rehmer-intl.html,0/2,?
/miscellaneous/reim-intl.html,0/3,?
/miscellaneous/reinartz-intl.html,0/2,?
/miscellaneous/reiziger-intl.html,0/1,?
/miscellaneous/renard-cintl.html,0/1,?
/miscellaneous/renquin-intl.html,0/1,?
/miscellaneous/rensenbrink-intl.html,1/3,Rob Rensenbrink - International Appearances
/miscellaneous/rep-intl.html,0/1,?
/miscellaneous/repka-intl.html,0/2,?
/miscellaneous/reserves.html,6/6,Remarkable Reserves!
/miscellaneous/reu-fontaine-intlg.html,0/3,?
/miscellaneous/reuter-intl.html,0/2,?
/miscellaneous/rey-intl.html,0/3,?
/miscellaneous/reyna-intl.html,0/3,?
/miscellaneous/reynoso-intl.html,0/1,?
/miscellaneous/rferdinand-intl.html,0/1,?
/miscellaneous/rfernandez-intl.html,0/1,?
/miscellaneous/rferri-intl.html,0/1,?
/miscellaneous/rfloegel-intl.html,0/1,?
/miscellaneous/rgabor-intl.html,0/1,?
/miscellaneous/rgallego-intl.html,0/2,?
/miscellaneous/rgardner-intlg.html,0/3,?
/miscellaneous/rgomez-intlg.html,0/1,?
/miscellaneous/rhilbert-intl.html,0/2,?
/miscellaneous/rhofmann-intlg.html,0/3,Richard Hofmann - Goals in International Matches
/miscellaneous/ribery-intlg.html,0/1,?
/miscellaneous/ricken-intl.html,0/2,?
/miscellaneous/ricketts-intl.html,0/3,?
/miscellaneous/ricksen-intl.html,0/1,?
/miscellaneous/riediger-intlg.html,0/1,?
/miscellaneous/riedl-cintl.html,0/2,?
/miscellaneous/riedle-intl.html,0/2,?
/miscellaneous/rijkaard-intl.html,0/3,?
/miscellaneous/rijsbergen-intl.html,0/1,?
/miscellaneous/rijvers-intlg.html,0/4,?
/miscellaneous/rimba-intl.html,0/1,?
/miscellaneous/rincon-intl.html,0/1,?
/miscellaneous/rincon-intlg.html,0/2,?
/miscellaneous/ringel-intl.html,0/3,?
/miscellaneous/risdianto-intlg.html,0/1,?
/miscellaneous/risrael-intl.html,0/1,?
/miscellaneous/riva-intlg.html,0/3,?
/miscellaneous/rivaldo-intlg.html,0/2,?
/miscellaneous/rivas-intlg.html,0/1,?
/miscellaneous/rivellino-intlg.html,0/1,?
/miscellaneous/rivera-intlg.html,0/2,?
/miscellaneous/riwitschge-intl.html,0/3,?
/miscellaneous/rjaidi-intl.html,0/3,?
/miscellaneous/rkalaba-intlg.html,0/3,?
/miscellaneous/rklavan-intl.html,0/3,?
/miscellaneous/rkock-cintl.html,0/2,?
/miscellaneous/rkoeman-intl.html,0/4,?
/miscellaneous/rkoerner-intl.html,0/1,?
/miscellaneous/rkovac-intl.html,0/2,?
/miscellaneous/rkrause-intl.html,0/1,?
/miscellaneous/rlambert-intlg.html,0/1,?
/miscellaneous/rlukaku-intlg.html,0/6,?
/miscellaneous/rmamedov-intl.html,0/2,?
/miscellaneous/rmarquez-intl.html,0/3,?
/miscellaneous/rmaul-intl.html,0/2,?
/miscellaneous/rmnielsen-cintl.html,0/2,?
/miscellaneous/rmueller-intl.html,0/1,?
/miscellaneous/rnsensini-intl.html,0/2,?
/miscellaneous/robben-intl.html,0/4,?
/miscellaneous/robenke-intl.html,0/2,?
/miscellaneous/roberto-intl.html,0/2,?
/miscellaneous/robinho-intlg.html,0/3,?
/miscellaneous/robkeane-intlg.html,0/5,?
/miscellaneous/robotti-intl.html,0/1,?
/miscellaneous/roconnor-intlg.html,0/2,?
/miscellaneous/rodermond-intlg.html,0/1,?
/miscellaneous/rodionov-intl.html,0/1,?
/miscellaneous/rodriguez-intl.html,0/1,?
/miscellaneous/roem-coach-triv.html,0/2,?
/miscellaneous/roem-players-wc.html,0/3,?
/miscellaneous/roem-recintlp.html,116/9,Romania - Record International Players
/miscellaneous/roemhong-recintlp.html,0/5,?
/miscellaneous/roempoy.html,1/2,Romania - Player of the Year Awards
/miscellaneous/roepnack-intl.html,1/3,Hellmuth Adolph August 'Helmut' Röpnack - International Appearances
/miscellaneous/rogermilla-intlg.html,0/3,?
/miscellaneous/roggeveen-intlg.html,0/1,?
/miscellaneous/rogvi-intlg.html,0/3,?
/miscellaneous/rohde-intl.html,0/1,?
/miscellaneous/rolagarcia-intl.html,0/1,?
/miscellaneous/rolfes-intl.html,0/2,?
/miscellaneous/rolff-intl.html,0/2,?
/miscellaneous/romano-intl.html,0/2,Angel Romano - International Appearances
/miscellaneous/romario-intlg.html,0/3,?
/miscellaneous/romashchenko-intlg.html,0/3,?
/miscellaneous/rommedahl-intlg.html,0/4,?
/miscellaneous/romstedt-intl.html,0/1,?
/miscellaneous/ronaldinho-intlg.html,0/2,?
/miscellaneous/ronaldo-intlg.html,0/3,?
/miscellaneous/rooney-intlg.html,0/4,?
/miscellaneous/roosenburg-intl.html,0/2,?
/miscellaneous/rosetta-intl.html,1/4,Virginio Rosetta - International Appearances
/miscellaneous/roshan-parera-intlg.html,0/1,?
/miscellaneous/rosicky-intl.html,0/3,?
/miscellaneous/rost-intl.html,0/2,?
/miscellaneous/rotan-intl.html,0/4,?
/miscellaneous/rowitschge-intl.html,0/2,?
/miscellaneous/roy-intl.html,0/1,?
/miscellaneous/rozehnal-intl.html,0/2,?
/miscellaneous/rpaez-intl.html,0/1,?
/miscellaneous/rpeters-intl.html,0/2,?
/miscellaneous/rraklli-intlg.html,0/1,?
/miscellaneous/rrat-intl.html,0/3,?
/miscellaneous/rrosato-intl.html,0/1,?
/miscellaneous/rschneider-intl.html,0/2,?
/miscellaneous/rsigurdsson-intl.html,0/3,?
/miscellaneous/rsong-intl.html,0/3,?
/miscellaneous/rubendiaz-intl.html,0/1,?
/miscellaneous/rubins-intlg.html,0/4,?
/miscellaneous/ruchii.html,7/13,Minnows in Cup Finals
/miscellaneous/rudwaleit-intl.html,0/1,?
/miscellaneous/rueda-cintl.html,0/1,?
/miscellaneous/ruessmann-intl.html,0/2,?
/miscellaneous/rufer-intlg.html,0/1,?
/miscellaneous/ruffelse-intl.html,0/2,?
/miscellaneous/ruggeri-intl.html,0/3,?
/miscellaneous/rummenigge-intlg.html,0/5,?
/miscellaneous/rupec-intl.html,0/4,Rudolf Rupec - International Appearances
/miscellaneous/rupp-intl.html,0/3,?
/miscellaneous/rus-recintlp.html,55/5,Russia - Record International Players
/miscellaneous/rush-intlg.html,0/2,?
/miscellaneous/rutjes-intl.html,0/2,?
/miscellaneous/rvdgijp-intl.html,0/2,?
/miscellaneous/rvdkerkhof-intl.html,0/2,?
/miscellaneous/rvittek-intlg.html,0/2,?
/miscellaneous/rvvega-intl.html,0/1,?
/miscellaneous/rw-iranzi-intl.html,0/1,?
/miscellaneous/rw-mugiraneza-intl.html,0/1,?
/miscellaneous/rw-niyonzima-intl.html,0/3,?
/miscellaneous/rwallner-intl.html,0/1,?
/miscellaneous/rwan-recintlp.html,0/3,?
/miscellaneous/rwarzycha-intl.html,0/2,?
/miscellaneous/rweber-intl.html,0/2,?
/miscellaneous/rwohlfarth-intl.html,0/3,?
/miscellaneous/rydell-intlg.html,0/5,Sven Rydell - Goals in International Matches
/miscellaneous/s-isa-intlg.html,0/3,?
/miscellaneous/saar-recintlp.html,0/5,?
/miscellaneous/sabadell-ec.html,0/2,?
/miscellaneous/sabau-intl.html,0/1,?
/miscellaneous/sabbah-intl.html,0/3,?
/miscellaneous/sabeditsch-intl.html,0/2,?
/miscellaneous/saborio-intlg.html,0/3,?
/miscellaneous/sabry-intlg.html,0/1,?
/miscellaneous/sachse-intl.html,0/1,?
/miscellaneous/sadygov-intl.html,0/4,?
/miscellaneous/saenko-intl.html,0/2,?
/miscellaneous/saevarsson-intl.html,0/4,?
/miscellaneous/sala-intl.html,0/2,?
/miscellaneous/salas-intlg.html,0/2,?
/miscellaneous/salcido-intl.html,0/3,?
/miscellaneous/salenko-intlg.html,0/3,?
/miscellaneous/salgado-intl.html,0/2,?
/miscellaneous/salkalou-intlg.html,0/2,?
/miscellaneous/salnikov-intl.html,0/1,?
/miscellaneous/salvadore-intl.html,0/1,?
/miscellaneous/sam-eupoy.html,11/1,European Player and Team of the Year
/miscellaneous/sam-eupoy00.html,0/1,?
/miscellaneous/sam-eupoy01.html,0/1,?
/miscellaneous/sam-eupoy02.html,0/1,?
/miscellaneous/sam-eupoy03.html,0/1,?
/miscellaneous/sam-eupoy04.html,0/1,?
/miscellaneous/sam-eupoy05.html,0/1,?
/miscellaneous/sam-eupoy06.html,0/1,?
/miscellaneous/sam-eupoy07.html,0/1,?
/miscellaneous/sam-eupoy08.html,0/1,?
/miscellaneous/sam-eupoy99.html,0/1,?
/miscellaneous/sam-ff-toy.html,1/2,South American National Team of the Year
/miscellaneous/sam-poy.html,57/5,South American Coach and Player of the Year
/miscellaneous/sam-toy.html,2/2,South American Team of the Year
/miscellaneous/samcoy00.html,0/1,?
/miscellaneous/samcoy01.html,0/1,?
/miscellaneous/samcoy02.html,0/1,?
/miscellaneous/samcoy03.html,0/1,?
/miscellaneous/samcoy04.html,0/1,?
/miscellaneous/samcoy05.html,0/1,?
/miscellaneous/samcoy06.html,0/1,?
/miscellaneous/samcoy07.html,0/1,?
/miscellaneous/samcoy08.html,0/1,?
/miscellaneous/samcoy89.html,0/1,?
/miscellaneous/samcoy90.html,0/1,?
/miscellaneous/samcoy92.html,0/1,?
/miscellaneous/samcoy93.html,0/1,?
/miscellaneous/samcoy94.html,0/1,?
/miscellaneous/samcoy95.html,0/1,?
/miscellaneous/samcoy97.html,0/1,?
/miscellaneous/samcoy98.html,0/1,?
/miscellaneous/samcoy99.html,0/1,?
/miscellaneous/samgboot.html,3/2,South American Topscorers
/miscellaneous/sammer-intl.html,0/3,?
/miscellaneous/sampoy00.html,0/1,?
/miscellaneous/sampoy01.html,0/1,?
/miscellaneous/sampoy02.html,0/1,?
/miscellaneous/sampoy03.html,0/1,?
/miscellaneous/sampoy04.html,0/1,?
/miscellaneous/sampoy05.html,0/1,?
/miscellaneous/sampoy06.html,0/1,?
/miscellaneous/sampoy07.html,0/1,?
/miscellaneous/sampoy08.html,0/1,?
/miscellaneous/sampoy71.html,0/1,?
/miscellaneous/sampoy72.html,0/1,?
/miscellaneous/sampoy73.html,0/1,?
/miscellaneous/sampoy74.html,0/1,?
/miscellaneous/sampoy75.html,0/1,?
/miscellaneous/sampoy76.html,0/1,?
/miscellaneous/sampoy77.html,0/1,?
/miscellaneous/sampoy78.html,0/1,?
/miscellaneous/sampoy79.html,0/1,?
/miscellaneous/sampoy80.html,0/1,?
/miscellaneous/sampoy81.html,0/1,?
/miscellaneous/sampoy82.html,0/1,?
/miscellaneous/sampoy83.html,0/1,?
/miscellaneous/sampoy84.html,0/1,?
/miscellaneous/sampoy85.html,0/1,?
/miscellaneous/sampoy86.html,0/1,?
/miscellaneous/sampoy87.html,0/1,?
/miscellaneous/sampoy88.html,0/1,?
/miscellaneous/sampoy89.html,0/1,?
/miscellaneous/sampoy90.html,0/1,?
/miscellaneous/sampoy91.html,0/1,?
/miscellaneous/sampoy92.html,0/1,?
/miscellaneous/sampoy93.html,0/1,?
/miscellaneous/sampoy94.html,0/1,?
/miscellaneous/sampoy95.html,0/1,?
/miscellaneous/sampoy96.html,0/1,?
/miscellaneous/sampoy97.html,0/1,?
/miscellaneous/sampoy98.html,0/1,?
/miscellaneous/sampoy99.html,0/1,?
/miscellaneous/samuel-intl.html,0/1,?
/miscellaneous/sanchis-intl.html,0/1,?
/miscellaneous/sandy-intl.html,0/1,?
/miscellaneous/sanfilippo-intlg.html,0/2,?
/miscellaneous/sanli-intlg.html,0/1,?
/miscellaneous/sanm-recintlp.html,6/4,San Marino - Record International Players
/miscellaneous/sanm-stadiums.html,1/2,San Marino - Stadiums
/miscellaneous/sanm-vitaioli-intl.html,0/4,?
/miscellaneous/sanmrival.html,1/2,San Marino - Football rivalries
/miscellaneous/sanon-intlg.html,0/3,?
/miscellaneous/santacruz-intlg.html,0/3,?
/miscellaneous/santamaria-intl.html,0/3,?
/miscellaneous/santander-ec.html,0/2,?
/miscellaneous/santillana-intlg.html,0/2,?
/miscellaneous/saporiti-intl.html,0/1,?
/miscellaneous/saqua-intl.html,0/3,?
/miscellaneous/sara-intl.html,0/1,?
/miscellaneous/sarosi-intlg.html,0/4,?
/miscellaneous/sasante-intl.html,0/2,?
/miscellaneous/satmareanu1-intl.html,0/1,?
/miscellaneous/satmareanu2-intl.html,0/1,?
/miscellaneous/satrustegui-intl.html,0/2,?
/miscellaneous/satsias-intl.html,0/2,?
/miscellaneous/sau-amin-intl.html,0/1,?
/miscellaneous/sau-coach.html,0/2,?
/miscellaneous/sau-fmuwallad-intlg.html,0/1,?
/miscellaneous/sau-ghamdi-intl.html,0/1,?
/miscellaneous/sau-jdossari-intl.html,0/1,?
/miscellaneous/sau-mehalel-intlg.html,0/1,?
/miscellaneous/sau-montashari-intl.html,0/1,?
/miscellaneous/sau-owairan-intlg.html,0/1,?
/miscellaneous/sau-recintlp.html,0/4,?
/miscellaneous/sau-sahlawi-intlg.html,0/1,?
/miscellaneous/sau-sdosari-intlg.html,0/3,?
/miscellaneous/sau-sfaraj-intl.html,0/1,?
/miscellaneous/sau-shahrani-intlg.html,0/1,?
/miscellaneous/sau-shamrani-intlg.html,0/1,?
/miscellaneous/sau-shehri-intl.html,0/1,?
/miscellaneous/sau-tukar-intl.html,0/1,?
/miscellaneous/sau-tunayan-intlg.html,0/1,?
/miscellaneous/sau-walali-intl.html,0/1,?
/miscellaneous/sau-yshahrani-intl.html,0/1,?
/miscellaneous/savicevic-intlg.html,0/2,?
/miscellaneous/sawitzki-intl.html,0/2,?
/miscellaneous/sayed-intl.html,0/3,?
/miscellaneous/sb-ivanovic-intl.html,0/4,?
/miscellaneous/sb-kolarov-intl.html,0/2,?
/miscellaneous/sb-mitrovic-intlg.html,0/5,?
/miscellaneous/sb-rukavina-intl.html,0/1,?
/miscellaneous/sb-stojkovic-intl.html,0/2,?
/miscellaneous/sb-tadic-intlg.html,0/3,?
/miscellaneous/sb-tosic-intl.html,0/2,?
/miscellaneous/sb-vidic-intl.html,0/1,?
/miscellaneous/sb-zigic-intlg.html,0/1,?
/miscellaneous/sberghuis-intl.html,0/2,?
/miscellaneous/sbindea-intlg.html,0/1,?
/miscellaneous/scarone-intlg.html,0/4,Héctor Scarone - Goals in International Matches
/miscellaneous/schaap-intl.html,0/3,?
/miscellaneous/schaars-intl.html,0/2,?
/miscellaneous/schade-intl.html,0/1,?
/miscellaneous/schaffer-intlg.html,0/2,?
/miscellaneous/schanko-intl.html,0/2,?
/miscellaneous/scharner-intl.html,0/1,?
/miscellaneous/schellenberg-intl.html,0/1,?
/miscellaneous/scherbaum-intl.html,0/1,?
/miscellaneous/scherer-intl.html,0/1,?
/miscellaneous/schiaffino-intlg.html,0/2,?
/miscellaneous/schiavio-intlg.html,0/3,Angelo Schiavio - Goals in International Matches
/miscellaneous/schijvenaar-intl.html,1/2,Henk Schĳvenaar - International Appearances
/miscellaneous/schillaci-intlg.html,0/2,?
/miscellaneous/schlaudraff-intl.html,0/2,?
/miscellaneous/schlosser-intlg.html,2/5,Imre Schlosser-Lakatos - Goals in International Matches
/miscellaneous/schlutter-intl.html,0/1,?
/miscellaneous/schmaus-intl.html,0/3,?
/miscellaneous/schmeichel-intl.html,0/4,?
/miscellaneous/schneckerl-intl.html,1/2,Herbert Prohaska - International Appearances
/miscellaneous/schneider-intl.html,0/1,?
/miscellaneous/schnellinger-intl.html,0/1,?
/miscellaneous/schnittger-cintl.html,0/2,?
/miscellaneous/schnuphase-intlg.html,0/1,?
/miscellaneous/schoen-cintl.html,0/1,?
/miscellaneous/schoenaker-intl.html,0/1,?
/miscellaneous/schoettel-intl.html,0/2,?
/miscellaneous/schoko-intlg.html,0/1,?
/miscellaneous/scholes-intl.html,0/1,?
/miscellaneous/scholl-intl.html,0/3,?
/miscellaneous/scholz-intl.html,0/3,?
/miscellaneous/schopp-intl.html,0/1,?
/miscellaneous/schreier-intl.html,0/3,?
/miscellaneous/schroeter-intlg.html,0/1,?
/miscellaneous/schuerrle-intlg.html,0/2,?
/miscellaneous/schumacher-intl.html,0/2,?
/miscellaneous/schuster-intl.html,0/3,?
/miscellaneous/schwanke-intl.html,0/1,?
/miscellaneous/schwarzenbeck-intl.html,0/1,?
/miscellaneous/schweinsteiger-intlg.html,0/4,?
/miscellaneous/scifo-intl.html,0/1,?
/miscellaneous/scirea-intl.html,0/1,?
/miscellaneous/scolari-cintl.html,0/2,?
/miscellaneous/scot-coach.html,0/2,?
/miscellaneous/scot-doublecaps.html,0/2,?
/miscellaneous/scot-recintlp.html,5/4,Scotland - Record International Players
/miscellaneous/scotnick.html,1/3,Scotland - Club Nicknames
/miscellaneous/scotpoy.html,1/2,Scotland - Player of the Year
/miscellaneous/sdejong-intl.html,0/3,?
/miscellaneous/sdradu-intl.html,0/1,?
/miscellaneous/seaman-intl.html,0/1,?
/miscellaneous/sebescen-intl.html,0/2,?
/miscellaneous/seblarsson-intl.html,0/4,?
/miscellaneous/sedki-intl.html,0/1,?
/miscellaneous/sedloski-intl.html,0/4,?
/miscellaneous/seedorf-intl.html,0/4,?
/miscellaneous/seeler-intlg.html,0/5,?
/miscellaneous/segato-intl.html,0/2,?
/miscellaneous/seiderer-intl.html,0/1,?
/miscellaneous/selolwane-intlg.html,0/1,?
/miscellaneous/selymes-intl.html,0/1,?
/miscellaneous/semak-intl.html,0/1,?
/miscellaneous/semberas-intl.html,0/2,?
/miscellaneous/semler-intlg.html,0/2,Augustin Semler - Goals in International Matches
/miscellaneous/senamuang-intlg.html,0/5,?
/miscellaneous/sene-gueye-intl.html,0/2,?
/miscellaneous/sene-koulibaly-intl.html,2/3,Kalidou Koulibaly - Century of International Appearances
/miscellaneous/sene-mendy-intl.html,0/1,?
/miscellaneous/sene-recintlp.html,0/4,?
/miscellaneous/sengels-intl.html,0/2,?
/miscellaneous/senor-intl.html,0/2,?
/miscellaneous/sepi-intlg.html,0/1,?
/miscellaneous/serantoni-intl.html,0/1,?
/miscellaneous/serena-intlg.html,0/2,?
/miscellaneous/sergi-intl.html,0/2,?
/miscellaneous/servet-intl.html,0/2,?
/miscellaneous/sessegnon-intlg.html,0/2,?
/miscellaneous/sesta-intl.html,0/3,?
/miscellaneous/sey-recintlp.html,0/3,?
/miscellaneous/seykeita-intlg.html,0/3,?
/miscellaneous/sfiore-intl.html,0/2,?
/miscellaneous/sfreund-intl.html,0/2,?
/miscellaneous/shakes-intl.html,0/2,?
/miscellaneous/shakiri-intl.html,0/2,?
/miscellaneous/shalhoub-intl.html,0/3,?
/miscellaneous/shalimov-intl.html,0/3,?
/miscellaneous/shammari-intl.html,0/3,?
/miscellaneous/shatskikh-intlg.html,0/2,?
/miscellaneous/shawki-intl.html,0/1,?
/miscellaneous/shazly-intlg.html,0/3,?
/miscellaneous/shearer-intlg.html,0/2,?
/miscellaneous/sheld-intl.html,0/1,?
/miscellaneous/shelton-intlg.html,0/2,?
/miscellaneous/shengeliya-intlg.html,0/1,?
/miscellaneous/sheringham-intl.html,0/1,?
/miscellaneous/shevchenko-intlg.html,0/5,?
/miscellaneous/shilton-intl.html,0/3,?
/miscellaneous/shkapenko-intl.html,0/2,?
/miscellaneous/shmatovalenko-intl.html,0/3,?
/miscellaneous/shobair-intl.html,0/3,?
/miscellaneous/shovkovskyi-intl.html,0/2,?
/miscellaneous/shtaniuk-intl.html,0/2,?
/miscellaneous/shukurov-intl.html,0/2,?
/miscellaneous/shurta-coach.html,0/2,?
/miscellaneous/siaka-intl.html,0/3,?
/miscellaneous/siedl-intlg.html,0/3,?
/miscellaneous/sieloff-intl.html,0/2,?
/miscellaneous/siffling-intlg.html,0/2,?
/miscellaneous/sigmond-intl.html,0/2,Dick Sigmond - International Appearances
/miscellaneous/signori-intlg.html,0/2,?
/miscellaneous/silny-intl.html,0/1,?
/miscellaneous/silooy-intl.html,0/1,?
/miscellaneous/simantiris-intl.html,0/2,?
/miscellaneous/simao-intlg.html,0/2,?
/miscellaneous/simeone-intl.html,0/4,?
/miscellaneous/simetsreiter-intl.html,0/2,?
/miscellaneous/simoes-cintl.html,0/2,?
/miscellaneous/simonyan-intlg.html,0/1,?
/miscellaneous/simpepe-intl.html,0/2,?
/miscellaneous/simulambo-intl.html,0/1,?
/miscellaneous/simutenkov-intlg.html,0/2,?
/miscellaneous/simutowe-intlg.html,0/1,?
/miscellaneous/sing-baharudin-intl.html,0/3,?
/miscellaneous/sing-harun-intl.html,0/3,?
/miscellaneous/sing-mustafic-intl.html,0/1,?
/miscellaneous/sing-nawaz-intl.html,0/1,?
/miscellaneous/sing-recintlp.html,0/3,?
/miscellaneous/sing-sunny-intl.html,0/3,?
/miscellaneous/sinkiewicz-intl.html,0/2,?
/miscellaneous/siovan-intl.html,0/1,?
/miscellaneous/sipos-intl.html,0/2,?
/miscellaneous/siriwong-intl.html,0/1,?
/miscellaneous/sivok-intl.html,0/2,?
/miscellaneous/sivori-intlg.html,0/2,?
/miscellaneous/sjhosseini-intl.html,0/3,?
/miscellaneous/sjokanovic-intl.html,0/2,?
/miscellaneous/skaba-intl.html,0/1,?
/miscellaneous/skarbalius-intl.html,0/2,?
/miscellaneous/skchan-intlg.html,0/1,?
/miscellaneous/skela-intlg.html,0/1,?
/miscellaneous/skerla-intl.html,0/2,?
/miscellaneous/skor-cho-yj-intl.html,0/3,?
/miscellaneous/skor-kim-hk-intl.html,0/3,?
/miscellaneous/skor-kim-jh-intlg.html,0/2,?
/miscellaneous/skor-kim-yg-intl.html,0/3,?
/miscellaneous/skor-lee-js-intlg.html,0/3,?
/miscellaneous/skor-park-lc-intlg.html,0/3,?
/miscellaneous/skor-park-sh-intlg.html,0/3,?
/miscellaneous/skor-poy.html,1/2,South Korea - K-League Awards
/miscellaneous/skor-recintlp.html,0/3,?
/miscellaneous/skor-son-hm-intlg.html,0/4,?
/miscellaneous/skoumal-intl.html,0/2,?
/miscellaneous/skrtel-intl.html,0/4,?
/miscellaneous/skrypnyk-intl.html,0/2,?
/miscellaneous/skuhravy-intl.html,0/1,?
/miscellaneous/slainer-intl.html,0/1,?
/miscellaneous/slory-intl.html,0/2,?
/miscellaneous/slov-jokic-intl.html,0/4,?
/miscellaneous/slov-kurtic-intl.html,0/3,?
/miscellaneous/slov-recintlp.html,12/4,Slovenia - Record International Players
/miscellaneous/slow-coach.html,0/2,?
/miscellaneous/slow-poy.html,2/3,Slovakia - Player of the Year
/miscellaneous/slow-recintlp.html,21/4,Slovakia - Record International Players
/miscellaneous/smatrai-intl.html,0/1,?
/miscellaneous/smertin-intl.html,0/1,?
/miscellaneous/smicer-intl.html,0/1,?
/miscellaneous/smihajlovic-intl.html,0/2,?
/miscellaneous/smit-intlg.html,0/4,?
/miscellaneous/smolarek-intl.html,0/2,?
/miscellaneous/smrahmati-intl.html,0/1,?
/miscellaneous/sneijder-intl.html,0/4,?
/miscellaneous/snethlage-intlg.html,7/7,Edu Snethlage – Goals in International Matches
/miscellaneous/snielsen-intlg.html,1/3,"Sophus ""Krølben"" Nielsen - Goals in International Matches"
/miscellaneous/snoek-intl.html,0/2,?
/miscellaneous/snouckhurgronje-intl.html,0/3,Albert Snouck Hurgronje – International Appearances
/miscellaneous/sobek-intl.html,0/2,?
/miscellaneous/sobotka-intl.html,0/1,?
/miscellaneous/socrates-intlg.html,0/1,?
/miscellaneous/soed-mtahir-intlg.html,0/1,?
/miscellaneous/soed-mustafa-intl.html,0/3,?
/miscellaneous/soed-recintlp.html,0/3,?
/miscellaneous/soentoro-intlg.html,0/2,?
/miscellaneous/sofoluwe-intl.html,0/1,?
/miscellaneous/soh-intl.html,0/3,?
/miscellaneous/sol-intl.html,2/3,Eetje Sol - International Appearances
/miscellaneous/solano-intl.html,0/2,?
/miscellaneous/solis-intl.html,0/3,?
/miscellaneous/solomatin-intl.html,0/2,?
/miscellaneous/solorzano-intl.html,0/1,?
/miscellaneous/sonck-intlg.html,0/1,?
/miscellaneous/sonejee-intl.html,0/4,?
/miscellaneous/southall-intl.html,0/2,?
/miscellaneous/southgate-intl.html,0/1,?
/miscellaneous/spahic-intl.html,0/2,?
/miscellaneous/spain-ec.html,11/1,Spanish Clubs in European Cups
/miscellaneous/span-coach-triv.html,0/2,?
/miscellaneous/span-morata-intlg.html,0/3,?
/miscellaneous/span-recintlp.html,94/6,Spain - Record International Players
/miscellaneous/spanpoy.html,1/2,Spain - Footballer of the Year
/miscellaneous/sparwasser-intlg.html,0/1,?
/miscellaneous/spearce-intl.html,0/1,?
/miscellaneous/spelbos-intl.html,0/1,?
/miscellaneous/spfreier-intl.html,0/2,?
/miscellaneous/spickenagel-intl.html,0/1,?
/miscellaneous/spielmannsarvari-intl.html,0/2,?
/miscellaneous/spinosi-intl.html,0/2,?
/miscellaneous/spopov-intl.html,0/1,?
/miscellaneous/sramos-intlg.html,0/4,?
/miscellaneous/sredojevic-cintl.html,0/2,?
/miscellaneous/srila-recintlp.html,0/3,?
/miscellaneous/srna-intlg.html,0/4,?
/miscellaneous/srnicek-intl.html,0/1,?
/miscellaneous/ssa.html,1/1,The Worst Team in the World?
/miscellaneous/ssames-intl.html,0/1,?
/miscellaneous/ssamuel-intlg.html,0/2,?
/miscellaneous/sszefer-intl.html,0/1,?
/miscellaneous/stabile-cintl.html,0/1,?
/miscellaneous/stacho-intl.html,0/2,?
/miscellaneous/staelens-intl.html,0/1,?
/miscellaneous/stahmann-intl.html,0/1,?
/miscellaneous/stalteri-intlg.html,0/1,?
/miscellaneous/stam-intl.html,0/2,?
/miscellaneous/stambachr-intl.html,0/2,?
/miscellaneous/stanciu-intl.html,0/1,?
/miscellaneous/stancu-intl.html,0/1,?
/miscellaneous/stange-cintl.html,0/2,?
/miscellaneous/stankevicius-intl.html,0/1,?
/miscellaneous/starkovs-cintl.html,0/2,?
/miscellaneous/stauce-intl.html,0/2,?
/miscellaneous/staunton-intl.html,0/4,?
/miscellaneous/steeman-intl.html,0/2,Henk Steeman – International Appearances
/miscellaneous/stefanescu-intl.html,0/1,?
/miscellaneous/steiger-intl.html,0/1,?
/miscellaneous/stein-intl.html,0/1,?
/miscellaneous/steinbach-intl.html,0/1,?
/miscellaneous/steinmann-intl.html,0/1,?
/miscellaneous/stekelenburg-intl.html,0/2,?
/miscellaneous/stelea-intl.html,0/1,?
/miscellaneous/stepanovs-intl.html,0/4,?
/miscellaneous/stewart-intl.html,0/3,?
/miscellaneous/stfleur-intlg.html,0/2,?
/miscellaneous/stielike-intl.html,0/1,?
/miscellaneous/stmaarten-glake-intlg.html,0/3,?
/miscellaneous/stmartin-bellechasse-intl.html,0/3,?
/miscellaneous/stoffelen-intl.html,0/1,?
/miscellaneous/stoichkov-intlg.html,0/3,?
/miscellaneous/stojaspal-intlg.html,0/1,?
/miscellaneous/stollenwerk-intl.html,0/2,?
/miscellaneous/stom-intl.html,5/5,"Bertus ""Jos"" Stom - International Appearances"
/miscellaneous/stp-stadiums.html,1/2,São Tomé e Príncipe - Stadiums
/miscellaneous/stpetrov-intlg.html,0/3,?
/miscellaneous/stprival.html,1/2,São Tomé e Príncipe - Football rivalries
/miscellaneous/strack-intl.html,0/2,?
/miscellaneous/straeszer-intl.html,0/1,?
/miscellaneous/strakosha-intl.html,0/2,?
/miscellaneous/stranzl-intl.html,0/1,?
/miscellaneous/strasser-intl.html,0/3,?
/miscellaneous/streich-intl.html,0/4,?
/miscellaneous/streitle-intl.html,0/2,?
/miscellaneous/stroecktorok-intl.html,0/2,Albert Török - International Appearances
/miscellaneous/stroh-intl.html,0/3,?
/miscellaneous/strootman-intl.html,0/1,?
/miscellaneous/strunz-intl.html,0/2,?
/miscellaneous/struway-intl.html,0/1,?
/miscellaneous/stubb-intl.html,0/2,?
/miscellaneous/studnicka-intlg.html,4/2,Jan Studnicka - International Goals
/miscellaneous/stuebner-intl.html,0/1,?
/miscellaneous/stuhlfauth-intl.html,0/2,Heinrich 'Heiner' Stuhlfauth - International Appearances
/miscellaneous/sturmberger-intl.html,0/1,?
/miscellaneous/stvin-recintlp.html,0/3,?
/miscellaneous/suarez-intl.html,0/3,?
/miscellaneous/subramani-intl.html,0/3,?
/miscellaneous/suchoparek-intl.html,0/1,?
/miscellaneous/suker-intlg.html,0/5,?
/miscellaneous/sukur-intlg.html,0/5,?
/miscellaneous/sulakvelidze-intl.html,0/1,?
/miscellaneous/sulimani-intl.html,0/3,?
/miscellaneous/sulley-intlg.html,0/1,?
/miscellaneous/sumner-intl.html,0/1,?
/miscellaneous/sunjihai-intl.html,0/1,?
/miscellaneous/supleagcuprec.html,6/4,Domestic Super and League Cups Trivia
/miscellaneous/suri-recintlp.html,1/3,Surinam - Record International Players
/miscellaneous/suurbier-intl.html,0/2,?
/miscellaneous/suvrijn-intl.html,0/1,?
/miscellaneous/svdelst-intl.html,0/1,?
/miscellaneous/svenssen-intl.html,0/3,?
/miscellaneous/svk-durica-intl.html,0/2,?
/miscellaneous/svk-kucka-intl.html,0/4,?
/miscellaneous/svkoehler-intl.html,0/1,?
/miscellaneous/svoboda-intl.html,0/1,?
/miscellaneous/swagner-intlg.html,0/2,?
/miscellaneous/swart-intl.html,0/2,?
/miscellaneous/swartenbroeks-intl.html,4/3,Armand Swartenbroeks - International Appearances
/miscellaneous/swatosch-intlg.html,0/1,?
/miscellaneous/swierczewski-intl.html,0/2,?
/miscellaneous/sychov-intlg.html,0/2,?
/miscellaneous/syr-alma-intl.html,0/1,?
/miscellaneous/syr-bairouti-intl.html,0/1,?
/miscellaneous/syr-coach.html,0/2,?
/miscellaneous/syr-dyab-intl.html,0/2,?
/miscellaneous/syr-jabban-intl.html,0/1,?
/miscellaneous/syr-kardagli-intl.html,0/1,?
/miscellaneous/syr-khouri-intl.html,0/1,?
/miscellaneous/syr-khrbin-intlg.html,1/2,Omar Khrbin - Goals in International Matches
/miscellaneous/syr-mawas-intlg.html,0/2,?
/miscellaneous/syr-rafe-intlg.html,0/2,?
/miscellaneous/syr-recintlp.html,0/4,?
/miscellaneous/syr-salih-intl.html,0/1,?
/miscellaneous/szaniszlo-intl.html,0/2,?
/miscellaneous/szarmach-intlg.html,0/3,?
/miscellaneous/szepan-intl.html,0/2,?
/miscellaneous/szymaniak-intl.html,0/1,?
/miscellaneous/szymanowski-intl.html,0/2,?
/miscellaneous/tabarez-cintl.html,0/1,?
/miscellaneous/taenzertancos-intl.html,0/3,Mihai Tänzer - International Appearances
/miscellaneous/taffarel-intl.html,0/3,?
/miscellaneous/tahamata-intl.html,0/3,?
/miscellaneous/taiwan-chen-pl-intlg.html,0/2,?
/miscellaneous/taji-recintlp.html,0/4,?
/miscellaneous/talyani-intl.html,0/4,?
/miscellaneous/tanz-erasto-intl.html,0/3,?
/miscellaneous/tanz-msuva-intlg.html,2/3,Simon Happygod Msuva - Century of International Appearances
/miscellaneous/tanz-yondani-intl.html,0/2,?
/miscellaneous/tapia-intl.html,0/1,?
/miscellaneous/tappen-intl.html,0/1,?
/miscellaneous/tarasiewicz-intl.html,0/2,?
/miscellaneous/tardelli-intl.html,0/1,?
/miscellaneous/tare-intlg.html,0/1,?
/miscellaneous/tasci-intl.html,0/2,?
/miscellaneous/tasfaout-intlg.html,0/2,?
/miscellaneous/tatarasanu-intl.html,0/1,?
/miscellaneous/tatarchuk-intl.html,0/2,?
/miscellaneous/taument-intl.html,0/1,?
/miscellaneous/tcguel-intlg.html,0/1,?
/miscellaneous/tdecler-intl.html,0/1,?
/miscellaneous/tdhiab-intlg.html,0/1,?
/miscellaneous/tebak-intl.html,0/1,?
/miscellaneous/teleki-intl.html,0/1,?
/miscellaneous/telsaid-intl.html,0/1,?
/miscellaneous/temizkanoglu-intl.html,0/2,?
/miscellaneous/tenhagen-intl.html,0/2,?
/miscellaneous/terehov-intl.html,0/2,?
/miscellaneous/tereskinas-intl.html,0/2,?
/miscellaneous/terim-intl.html,0/1,?
/miscellaneous/terlouw-intl.html,0/2,?
/miscellaneous/tetradze-intl.html,0/3,?
/miscellaneous/tevez-intlg.html,0/2,?
/miscellaneous/teymourian-intl.html,0/3,?
/miscellaneous/tfloegel-intl.html,0/1,?
/miscellaneous/tg-romao-intl.html,0/2,?
/miscellaneous/tga-uele-intl.html,0/2,?
/miscellaneous/thai-recintlp.html,0/3,?
/miscellaneous/thallofs-intl.html,0/3,?
/miscellaneous/thazard-intl.html,0/1,?
/miscellaneous/thdejong-intl.html,0/1,?
/miscellaneous/theobald-intl.html,0/1,?
/miscellaneous/thhoerster-intl.html,0/2,?
/miscellaneous/thiagomotta-intl.html,0/3,?
/miscellaneous/thiagosilva-intl.html,0/3,?
/miscellaneous/thielen-intl.html,0/2,?
/miscellaneous/thkroth-intl.html,0/2,?
/miscellaneous/thmueller-intlg.html,0/5,?
/miscellaneous/thom-intlg.html,0/3,?
/miscellaneous/thomee-intlg.html,6/5,Jan Thomée - Goals in International Matches
/miscellaneous/thon-intl.html,0/2,?
/miscellaneous/thorstvedt-intl.html,0/1,?
/miscellaneous/thritter-intl.html,0/2,?
/miscellaneous/thsoerensen-intl.html,0/4,?
/miscellaneous/thuram-intl.html,0/2,?
/miscellaneous/thwagner-intlg.html,0/1,?
/miscellaneous/thwolter-intl.html,0/2,?
/miscellaneous/tichy-intlg.html,0/4,?
/miscellaneous/ticleanu-intl.html,0/1,?
/miscellaneous/ticotico-intlg.html,0/2,?
/miscellaneous/tiebreakeffect.html,1/2,Increased Likelihood of Drawing Lots at World Cup
/miscellaneous/tiendalli-intl.html,0/2,?
/miscellaneous/tilkowski-intl.html,0/2,?
/miscellaneous/timbertwins-intl.html,0/1,?
/miscellaneous/timmer-intl.html,0/1,?
/miscellaneous/timmermans-intl.html,0/2,?
/miscellaneous/tirnanic-cintl.html,0/2,?
/miscellaneous/tj-nazarov-intl.html,0/2,?
/miscellaneous/tjassam-intl.html,0/3,?
/miscellaneous/tkessler-intl.html,0/3,?
/miscellaneous/tkraus-intl.html,0/1,?
/miscellaneous/tlucic-intl.html,0/2,?
/miscellaneous/tmsylva-intl.html,0/1,?
/miscellaneous/tobin-intl.html,0/1,?
/miscellaneous/togo-recintlp.html,0/3,?
/miscellaneous/toldo-intl.html,0/2,?
/miscellaneous/tomaschek-intl.html,0/2,?
/miscellaneous/tomasson-intlg.html,0/5,?
/miscellaneous/tomaszewski-intl.html,0/2,?
/miscellaneous/tomklos-intl.html,0/2,?
/miscellaneous/tommasi-intl.html,0/1,?
/miscellaneous/toni-intlg.html,0/1,?
/miscellaneous/tonono-intl.html,0/2,?
/miscellaneous/torales-intl.html,0/1,?
/miscellaneous/torosidis-intl.html,0/4,?
/miscellaneous/torrado-intl.html,0/3,?
/miscellaneous/torre-afr-best.html,6/6,The best clubs of Africa
/miscellaneous/torre-alg-best.html,1/1,Algeria national ranking
/miscellaneous/torre-ango-best.html,1/1,Angola national ranking
/miscellaneous/torre-arg-best.html,1/1,Argentina national ranking
/miscellaneous/torre-asia-best.html,6/6,The best clubs of Asia
/miscellaneous/torre-aus-best.html,1/1,Australia national ranking
/miscellaneous/torre-belg-best.html,1/2,Belgium national ranking
/miscellaneous/torre-bol-best.html,1/1,Bolivia clubs national rankings
/miscellaneous/torre-braz-best.html,1/2,Brazil national ranking
/miscellaneous/torre-bulg-best.html,1/1,Bulgaria national ranking
/miscellaneous/torre-cam-best.html,6/6,The best clubs of Central and North America
/miscellaneous/torre-chile-best.html,1/1,Chile national ranking
/miscellaneous/torre-china-best.html,1/1,China national ranking
/miscellaneous/torre-col-best.html,1/1,Colombia national ranking
/miscellaneous/torre-congo-best.html,1/1,Congo national ranking
/miscellaneous/torre-cos-best.html,1/1,Costa Rica national ranking
/miscellaneous/torre-cyp-best.html,1/1,Cyprus national ranking
/miscellaneous/torre-den-best.html,1/1,Denmark national ranking
/miscellaneous/torre-duit-best.html,1/2,Germany national ranking
/miscellaneous/torre-ec-best.html,6/6,The best clubs of Europe
/miscellaneous/torre-ecua-best.html,1/1,Ecuador clubs national ranking
/miscellaneous/torre-egy-best.html,1/1,Egypt national ranking
/miscellaneous/torre-eng-best.html,1/2,England national ranking
/miscellaneous/torre-fin-best.html,1/1,Finland national ranking
/miscellaneous/torre-fran-best.html,1/2,France national ranking
/miscellaneous/torre-ghan-best.html,1/1,Ghana national ranking
/miscellaneous/torre-grk-best.html,1/1,Greece national ranking
/miscellaneous/torre-guat-best.html,1/1,Guatemala national ranking
/miscellaneous/torre-hond-best.html,1/1,Honduras national ranking
/miscellaneous/torre-hong-best.html,1/1,Hungary national ranking
/miscellaneous/torre-ier-best.html,1/1,Republic of Ireland national ranking
/miscellaneous/torre-ijs-best.html,1/1,Iceland national ranking
/miscellaneous/torre-isra-best.html,1/1,ISRAEL
/miscellaneous/torre-ital-best.html,1/2,Italy national ranking
/miscellaneous/torre-ivoc-best.html,1/1,IVORY COAST
/miscellaneous/torre-jap-best.html,1/1,Japan national ranking
/miscellaneous/torre-joeg-best.html,1/1,Serbia-Montenegro national ranking
/miscellaneous/torre-kam-best.html,1/1,Cameroon national ranking
/miscellaneous/torre-kroa-best.html,1/1,Croatia national ranking
/miscellaneous/torre-latv-best.html,1/1,Latvia national ranking
/miscellaneous/torre-litu-best.html,1/1,Lithuania national ranking
/miscellaneous/torre-madrid.html,5/4,Official International Matches of Real Madrid since 1955
/miscellaneous/torre-mali-best.html,1/1,Mali national ranking
/miscellaneous/torre-mex-best.html,1/1,Mexico club national ranking
/miscellaneous/torre-mor-best.html,1/1,Morocco national ranking
/miscellaneous/torre-ned-best.html,1/2,Netherlands national ranking
/miscellaneous/torre-nig-best.html,1/1,Nigeria national ranking
/miscellaneous/torre-nor-best.html,1/1,Norway national ranking
/miscellaneous/torre-ocean-best.html,6/5,The best clubs of Oceania
/miscellaneous/torre-oekr-best.html,1/1,Ukraine national ranking
/miscellaneous/torre-oost-best.html,1/1,Austria national ranking
/miscellaneous/torre-para-best.html,1/1,Paraguay national ranking
/miscellaneous/torre-peru-best.html,1/1,Peru national ranking
/miscellaneous/torre-pol-best.html,1/1,Poland national ranking
/miscellaneous/torre-port-best.html,1/2,Portugal national ranking
/miscellaneous/torre-qat-best.html,1/1,Qatar national ranking
/miscellaneous/torre-roem-best.html,1/1,Romania national ranking
/miscellaneous/torre-rus-best.html,1/1,Russia national ranking
/miscellaneous/torre-sac-best.html,1/7,The best clubs of South America
/miscellaneous/torre-salv-best.html,1/1,El Salvador clubs national rankings
/miscellaneous/torre-sau-best.html,1/1,Saudi Arabia national ranking
/miscellaneous/torre-scot-best.html,1/2,Scotland national ranking
/miscellaneous/torre-seneg-best.html,1/1,Senegal national ranking
/miscellaneous/torre-skor-best.html,1/1,South Korea national ranking
/miscellaneous/torre-slov-best.html,1/1,Slovenia national ranking
/miscellaneous/torre-slow-best.html,1/1,Slovakia national ranking
/miscellaneous/torre-soua-best.html,1/1,South Africa national ranking
/miscellaneous/torre-span-best.html,1/2,Spain national ranking
/miscellaneous/torre-tsje-best.html,1/1,Czech republic national ranking
/miscellaneous/torre-tun-best.html,1/1,Tunisia national ranking
/miscellaneous/torre-tur-best.html,1/2,Turkey national ranking
/miscellaneous/torre-uae-best.html,1/1,United Arab Emirates national ranking
/miscellaneous/torre-uru-best.html,1/1,Uruguay national ranking
/miscellaneous/torre-usa-best.html,1/1,United States national ranking
/miscellaneous/torre-venez-best.html,1/1,Venezuela clubs national ranking
/miscellaneous/torre-zwed-best.html,1/1,Sweden clubs national ranking
/miscellaneous/torre-zwit-best.html,1/1,SWITZERLAND
/miscellaneous/tostao-intlg.html,0/2,?
/miscellaneous/totchtawan-intlg.html,0/3,?
/miscellaneous/totti-intl.html,0/2,?
/miscellaneous/tpronk-intl.html,0/1,?
/miscellaneous/trapattoni-cintl.html,0/2,?
/miscellaneous/trapattoni-intl.html,0/2,?
/miscellaneous/treijnders-intl.html,0/1,?
/miscellaneous/trelles-cintl.html,0/1,?
/miscellaneous/trezeguet-intl.html,0/1,?
/miscellaneous/trimhold-intl.html,0/2,?
/miscellaneous/trin-jjones-intl.html,0/2,?
/miscellaneous/trin-recintlp.html,0/6,?
/miscellaneous/triplecrown.html,4/3,"The ""Triple Crown"""
/miscellaneous/trnka-intl.html,0/1,?
/miscellaneous/trochowski-intl.html,0/2,?
/miscellaneous/troeger-intlg.html,0/1,?
/miscellaneous/troussier-cintl.html,0/2,?
/miscellaneous/trsteven-intl.html,0/1,?
/miscellaneous/trucco-intl.html,0/1,?
/miscellaneous/tshabalala-intlg.html,0/1,?
/miscellaneous/tshkadadze-intl.html,0/3,?
/miscellaneous/tsimons-intl.html,0/2,?
/miscellaneous/tsj-darida-intl.html,0/2,?
/miscellaneous/tsje-coach.html,0/2,?
/miscellaneous/tsje-poy.html,2/3,Czech Republic - Player of the Year
/miscellaneous/tsje-recintlp.html,95/5,Czechoslovakia/Czech Republic - Record International Players
/miscellaneous/tsjsl-coach.html,0/2,?
/miscellaneous/tsjsl-poy.html,3/4,Czechoslovakia - Player of the Year
/miscellaneous/tsunami-intl.html,0/1,?
/miscellaneous/tsveiba-intl.html,0/2,?
/miscellaneous/tsymbalar-intl.html,0/3,?
/miscellaneous/tturek-intl.html,0/2,?
/miscellaneous/tugsbayar-intlg.html,0/1,?
/miscellaneous/tun-coach.html,0/2,?
/miscellaneous/tun-elouaer-intl.html,0/1,?
/miscellaneous/tun-ghodhbane-intl.html,0/1,?
/miscellaneous/tun-msakni-intlg.html,0/3,?
/miscellaneous/tun-recintlp.html,0/6,?
/miscellaneous/tun-sassi-intl.html,2/3,Ferjani Sassi - Century of International Appearances
/miscellaneous/tun-yahia-intl.html,0/2,?
/miscellaneous/tur-coach.html,0/2,?
/miscellaneous/tur-recintlp.html,34/6,Turkey - Record International Players
/miscellaneous/turanarda-intlg.html,0/4,?
/miscellaneous/turk-balta-intl.html,0/1,?
/miscellaneous/turk-burak-intlg.html,0/3,?
/miscellaneous/turk-calhanoglu-intlg.html,0/4,?
/miscellaneous/turk-gonul-intl.html,0/1,?
/miscellaneous/turk-nuri-intl.html,0/1,?
/miscellaneous/turk-selcuk-intl.html,0/1,?
/miscellaneous/turk-topal-intl.html,0/1,?
/miscellaneous/turkm-recintlp.html,0/3,?
/miscellaneous/turkscaicos-recintlp.html,0/3,?
/miscellaneous/turkyilmaz-intlg.html,0/3,?
/miscellaneous/turnick.html,0/2,?
/miscellaneous/tuv-iosua-intl.html,0/3,?
/miscellaneous/tuvalu-recintlp.html,0/2,?
/miscellaneous/tuvalu-stadiums.html,1/2,Tuvalu - Stadiums
/miscellaneous/tvidmar-intl.html,0/1,?
/miscellaneous/twest-intl.html,0/1,?
/miscellaneous/twiese-intl.html,0/2,?
/miscellaneous/txema-intl.html,0/2,?
/miscellaneous/tymoschuk-intl.html,0/4,?
/miscellaneous/uae-coach.html,0/2,?
/miscellaneous/ubein-intl.html,0/3,?
/miscellaneous/uchida-intl.html,0/1,?
/miscellaneous/uefa.html,10/8,UEFA Cup/Europa League Trivia
/miscellaneous/uefa-awards.html,1/2,UEFA Awards
/miscellaneous/uemanuelson-intl.html,0/1,?
/miscellaneous/ugarte-intlg.html,0/1,?
/miscellaneous/ugi-intl.html,1/3,Camillo Ugi - International Appearances
/miscellaneous/uhoeness-intl.html,0/2,?
/miscellaneous/ujfalusi-intl.html,0/2,?
/miscellaneous/ulsasz-intl.html,0/2,?
/miscellaneous/unb-abahani-34.html,0/1,?
/miscellaneous/unb-ahed-run.html,0/1,?
/miscellaneous/unb-ahly-45.html,0/2,?
/miscellaneous/unb-ahly-71.html,0/1,?
/miscellaneous/unb-ajax-52.html,0/1,?
/miscellaneous/unb-ajax-ecc-14.html,0/1,?
/miscellaneous/unb-ajax-ecl-14.html,0/2,?
/miscellaneous/unb-ajax-euro-18.html,0/1,?
/miscellaneous/unb-ajax-euro-19.html,0/1,?
/miscellaneous/unb-ajax-euro-away-14.html,0/1,?
/miscellaneous/unb-ajax-euro-home-37.html,0/2,?
/miscellaneous/unb-ajax-eurocc-away-14.html,0/1,?
/miscellaneous/unb-alg-run.html,0/1,?
/miscellaneous/unb-algeria-win-10.html,0/1,?
/miscellaneous/unb-anorthosis-38b.html,0/1,?
/miscellaneous/unb-anorthosis38.html,0/1,?
/miscellaneous/unb-arg-31.html,0/1,?
/miscellaneous/unb-arg-run.html,0/1,?
/miscellaneous/unb-arkadag-rum.html,1/2,Arkadag's ongoing series of 102 matches unbeaten (all won!) in the Ýokary Liga
/miscellaneous/unb-arsenal-49.html,0/1,?
/miscellaneous/unb-arsenal-euro-away-12.html,0/1,?
/miscellaneous/unb-arsenal-eurocc-home-27.html,0/1,?
/miscellaneous/unb-asec-108.html,0/2,?
/miscellaneous/unb-atalanta-euro-away-14.html,0/2,?
/miscellaneous/unb-austr-20.html,0/1,?
/miscellaneous/unb-barca-ecl-14.html,0/2,?
/miscellaneous/unb-barca-ecl-15.html,0/2,?
/miscellaneous/unb-barca-ecl-16a.html,0/2,?
/miscellaneous/unb-barca-ecl-16b.html,0/2,?
/miscellaneous/unb-barca-euro-17.html,0/1,?
/miscellaneous/unb-barca-euro-away-10.html,0/1,?
/miscellaneous/unb-barca-euro-away-12.html,0/1,?
/miscellaneous/unb-barca-eurocc-away-10.html,0/1,?
/miscellaneous/unb-barca-eurocc-away-11.html,0/1,?
/miscellaneous/unb-barca-eurocc-home-38.html,0/1,?
/miscellaneous/unb-barry-51.html,0/1,?
/miscellaneous/unb-bayern-ecc-19.html,0/1,?
/miscellaneous/unb-bayern-ecl-19.html,0/2,?
/miscellaneous/unb-bayern-euro-home-35.html,0/2,?
/miscellaneous/unb-bayern-euro-home-36.html,0/2,?
/miscellaneous/unb-bayern-eurocc-away-10.html,0/1,?
/miscellaneous/unb-bayern-eurocc-away-22.html,0/1,?
/miscellaneous/unb-bayern-eurocc-home-31.html,0/1,?
/miscellaneous/unb-bayern-eurocc-home-43.html,0/1,?
/miscellaneous/unb-benfica-32.html,0/2,?
/miscellaneous/unb-benfica-56.html,0/2,?
/miscellaneous/unb-benfica-eurocc-away-10.html,0/1,?
/miscellaneous/unb-besiktas-48.html,0/1,?
/miscellaneous/unb-bmg-euro-17-1.html,0/1,?
/miscellaneous/unb-bmg-euro-17-2.html,0/1,?
/miscellaneous/unb-bmg-euro-home-54.html,0/2,?
/miscellaneous/unb-boca-40.html,0/1,?
/miscellaneous/unb-boca-59.html,0/2,?
/miscellaneous/unb-brazil-21a.html,0/1,?
/miscellaneous/unb-brazil-21b.html,0/1,?
/miscellaneous/unb-brazil-23a.html,0/1,?
/miscellaneous/unb-brazil-23b.html,0/1,?
/miscellaneous/unb-brazil-24.html,0/1,?
/miscellaneous/unb-brazil-29.html,0/1,?
/miscellaneous/unb-brazil-36.html,0/1,?
/miscellaneous/unb-bunyodkor-51.html,0/1,?
/miscellaneous/unb-celtic-37.html,0/1,?
/miscellaneous/unb-celtic-38.html,0/1,?
/miscellaneous/unb-celtic-62.html,0/1,?
/miscellaneous/unb-celtic-euro-home-34.html,0/2,?
/miscellaneous/unb-celtic-eurocc-home-29.html,0/1,?
/miscellaneous/unb-centre-chiefs-37.html,0/1,?
/miscellaneous/unb-chelsea-40.html,0/1,?
/miscellaneous/unb-chelsea-ecl-14.html,0/2,?
/miscellaneous/unb-chelsea-euro-away-10.html,0/1,?
/miscellaneous/unb-chelsea-euro-home-33.html,0/2,?
/miscellaneous/unb-colomb-27.html,0/1,?
/miscellaneous/unb-costarica-win-11a.html,0/1,?
/miscellaneous/unb-costarica-win-11b.html,0/1,?
/miscellaneous/unb-crvena-zvezda-run21.html,0/1,?
/miscellaneous/unb-crvena-zvezda-run24.html,0/1,?
/miscellaneous/unb-crvena-zvezda33.html,0/2,?
/miscellaneous/unb-crvena-zvezda42.html,0/1,?
/miscellaneous/unb-crvena-zvezda51.html,0/1,?
/miscellaneous/unb-crvena-zvezda51b.html,0/2,?
/miscellaneous/unb-crvena-zvezda57.html,0/2,?
/miscellaneous/unb-crvzv-ecc-17.html,0/1,?
/miscellaneous/unb-crzv-home1.html,0/2,?
/miscellaneous/unb-crzv-home2.html,0/2,?
/miscellaneous/unb-cska-33.html,0/1,?
/miscellaneous/unb-cssr-23.html,0/1,?
/miscellaneous/unb-dalian-55.html,0/1,?
/miscellaneous/unb-ddr-win-12.html,0/1,?
/miscellaneous/unb-defensor-32.html,0/1,?
/miscellaneous/unb-denmark-win-11.html,0/1,?
/miscellaneous/unb-dinamob-47.html,0/1,?
/miscellaneous/unb-dinamom-10.html,0/1,?
/miscellaneous/unb-dinamot-38.html,0/2,?
/miscellaneous/unb-domzale-32.html,0/1,?
/miscellaneous/unb-dtazim-yoho.html,3/2,Johor Darul Ta'zim FC's ongoing series of 112 matches unbeaten in the Liga Super
/miscellaneous/unb-dunaferr-40.html,0/1,?
/miscellaneous/unb-dvina-35.html,0/1,?
/miscellaneous/unb-dynamokyiv-32.html,0/1,?
/miscellaneous/unb-dynamokyiv-33.html,0/1,?
/miscellaneous/unb-dynamokyiv-33b.html,0/1,?
/miscellaneous/unb-ecl-winning.html,0/3,?
/miscellaneous/unb-empire-55.html,0/1,?
/miscellaneous/unb-england-18-am.html,0/1,?
/miscellaneous/unb-england-20.html,0/1,?
/miscellaneous/unb-escom-run.html,0/1,?
/miscellaneous/unb-espanyol-euro-26.html,0/2,?
/miscellaneous/unb-esperance-85.html,0/1,?
/miscellaneous/unb-esteli-38.html,0/1,?
/miscellaneous/unb-eurocups-winning.html,0/3,?
/miscellaneous/unb-fiorentina-40.html,0/1,?
/miscellaneous/unb-flora-37.html,0/1,?
/miscellaneous/unb-forest-42.html,0/2,?
/miscellaneous/unb-france-23.html,0/1,?
/miscellaneous/unb-france-30.html,0/1,?
/miscellaneous/unb-france-win-12.html,0/1,?
/miscellaneous/unb-france-win-14.html,0/1,?
/miscellaneous/unb-gala1-euro-away-10.html,0/1,?
/miscellaneous/unb-gala2-euro-away-10.html,0/1,?
/miscellaneous/unb-germany-22.html,0/1,?
/miscellaneous/unb-germany-23.html,0/1,?
/miscellaneous/unb-germany-win-10.html,0/1,?
/miscellaneous/unb-ghana-24.html,0/1,?
/miscellaneous/unb-greece-15.html,0/1,?
/miscellaneous/unb-heartsoak-44.html,0/1,?
/miscellaneous/unb-hilal-35.html,0/1,?
/miscellaneous/unb-hilal-40.html,0/2,?
/miscellaneous/unb-hilal-run.html,0/1,?
/miscellaneous/unb-hsv-36.html,0/1,?
/miscellaneous/unb-hungary-29.html,0/1,?
/miscellaneous/unb-ier-17.html,0/1,?
/miscellaneous/unb-inter-33.html,0/1,?
/miscellaneous/unb-inter-eurocc-home-31.html,0/1,?
/miscellaneous/unb-italy-19.html,0/1,?
/miscellaneous/unb-italy-25.html,0/1,?
/miscellaneous/unb-italy-run.html,0/1,?
/miscellaneous/unb-ittihad-35.html,0/1,?
/miscellaneous/unb-juve-euro-away-10.html,0/1,?
/miscellaneous/unb-juve-eurocc-home-23.html,0/1,?
/miscellaneous/unb-juve-eurocc-home-29.html,0/1,?
/miscellaneous/unb-juventus-euro-18.html,0/1,?
/miscellaneous/unb-juventus-euro-20.html,0/1,?
/miscellaneous/unb-karama-48.html,0/1,?
/miscellaneous/unb-kareda-48.html,0/1,?
/miscellaneous/unb-koln-ecc-15.html,0/1,?
/miscellaneous/unb-krl-32.html,0/2,?
/miscellaneous/unb-kuwait-32.html,0/2,?
/miscellaneous/unb-lautoka-34.html,0/1,?
/miscellaneous/unb-lazio-euro-17.html,0/1,?
/miscellaneous/unb-lazio-euro-away-15.html,0/1,?
/miscellaneous/unb-lebanon-16.html,0/2,?
/miscellaneous/unb-leeds-34.html,0/1,?
/miscellaneous/unb-leeds-euro-away-11.html,0/1,?
/miscellaneous/unb-legia-33.html,0/2,?
/miscellaneous/unb-levadia-49.html,0/1,?
/miscellaneous/unb-levadia-61.html,0/1,?
/miscellaneous/unb-lpl-ecc-14.html,0/1,?
/miscellaneous/unb-lpl-euro-away-13.html,0/1,?
/miscellaneous/unb-lpl-euro-home-38.html,0/2,?
/miscellaneous/unb-lpl-eurocc-home-31.html,0/1,?
/miscellaneous/unb-lyon-ecl-14.html,0/2,?
/miscellaneous/unb-machaifa-46.html,0/1,?
/miscellaneous/unb-madrid-ecl-14.html,0/2,?
/miscellaneous/unb-madrid-ecl-15.html,0/2,?
/miscellaneous/unb-madrid-euro-home-34.html,0/2,?
/miscellaneous/unb-madrid-eurocc-away-11.html,0/1,?
/miscellaneous/unb-madrid-eurocc-home-32.html,0/1,?
/miscellaneous/unb-madrid-home-121.html,0/2,?
/miscellaneous/unb-mancity-ecl-26.html,0/2,?
/miscellaneous/unb-mancity-eurocc-away-10.html,0/1,?
/miscellaneous/unb-mancity-eurocc-away-12.html,0/1,?
/miscellaneous/unb-mancity-eurocc-home-35.html,0/2,?
/miscellaneous/unb-manutd-ecc-18.html,0/1,?
/miscellaneous/unb-manutd-ecc-25.html,0/1,?
/miscellaneous/unb-manutd-euro-home-56.html,0/1,?
/miscellaneous/unb-manutd-eurocc-away-16.html,0/1,?
/miscellaneous/unb-manutd-eurocc-home-24.html,0/1,?
/miscellaneous/unb-manutd-eurocc-home-26.html,0/1,?
/miscellaneous/unb-merreikh-run.html,0/1,?
/miscellaneous/unb-mexico-21.html,0/1,?
/miscellaneous/unb-mexico-win-11.html,0/1,?
/miscellaneous/unb-mexico-win-12.html,0/1,?
/miscellaneous/unb-milan-58.html,0/1,?
/miscellaneous/unb-milan-euro-17.html,0/1,?
/miscellaneous/unb-milan-euro-away-10.html,0/1,?
/miscellaneous/unb-milan-euro-home-45.html,0/2,?
/miscellaneous/unb-milan-eurocc-away-10.html,0/1,?
/miscellaneous/unb-milan-eurocc-home-23.html,0/1,?
/miscellaneous/unb-millonarios-29.html,0/1,?
/miscellaneous/unb-nantes-32.html,0/1,?
/miscellaneous/unb-nasr-32.html,0/2,?
/miscellaneous/unb-nepalpolice-run.html,0/1,?
/miscellaneous/unb-neth-25.html,1/2,The Netherlands' series of 25 matches unbeaten
/miscellaneous/unb-obilic-47.html,0/1,?
/miscellaneous/unb-oly-home-70.html,0/2,?
/miscellaneous/unb-olympiakos-58.html,0/2,?
/miscellaneous/unb-olympiakos-cup5667.html,0/2,?
/miscellaneous/unb-olympiakos-playoffs.html,0/2,?
/miscellaneous/unb-pakhtakor-53.html,0/1,?
/miscellaneous/unb-panathinaikos-33a.html,0/2,?
/miscellaneous/unb-panathinaikos-33b.html,0/2,?
/miscellaneous/unb-panathinaikos-playoffs.html,0/1,?
/miscellaneous/unb-pao-home-85.html,0/2,?
/miscellaneous/unb-para-16.html,0/1,?
/miscellaneous/unb-partizan-45.html,0/1,?
/miscellaneous/unb-partizanb-run.html,0/1,?
/miscellaneous/unb-penarol-40.html,0/2,?
/miscellaneous/unb-penarol-56.html,0/2,?
/miscellaneous/unb-perspolis-43.html,0/2,?
/miscellaneous/unb-perugia-37.html,0/1,?
/miscellaneous/unb-pirouzi-33.html,0/1,?
/miscellaneous/unb-porto-53.html,0/1,?
/miscellaneous/unb-principat-54.html,0/1,?
/miscellaneous/unb-psg-euro-home-33.html,0/2,?
/miscellaneous/unb-psv-32.html,0/1,?
/miscellaneous/unb-psv-35a.html,0/1,?
/miscellaneous/unb-psv-35b.html,0/1,?
/miscellaneous/unb-psv-35c.html,0/1,?
/miscellaneous/unb-psv-home-93.html,0/1,?
/miscellaneous/unb-pyunik-41.html,0/1,?
/miscellaneous/unb-pyunik-59.html,0/1,?
/miscellaneous/unb-qaf-34.html,0/1,?
/miscellaneous/unb-racing-39.html,0/2,?
/miscellaneous/unb-racing-51.html,0/2,?
/miscellaneous/unb-rbk-euro-away-10.html,0/1,?
/miscellaneous/unb-rbs-euro-19.html,0/1,?
/miscellaneous/unb-rbs-euro-away-10.html,0/1,?
/miscellaneous/unb-romania-16.html,0/1,?
/miscellaneous/unb-rsca-euro-home-44.html,0/2,?
/miscellaneous/unb-sanlorenzo-48.html,0/2,?
/miscellaneous/unb-saudiarabia-win-11.html,0/1,?
/miscellaneous/unb-scot-22.html,0/1,?
/miscellaneous/unb-senegal-win-11.html,0/1,?
/miscellaneous/unb-serif-37.html,0/1,?
/miscellaneous/unb-serif-63.html,0/1,?
/miscellaneous/unb-shakhtar-55.html,0/1,?
/miscellaneous/unb-shan-century.html,0/1,?
/miscellaneous/unb-sileks-53.html,0/1,?
/miscellaneous/unb-skonto-47.html,0/1,?
/miscellaneous/unb-skonto-58.html,0/1,?
/miscellaneous/unb-skor-28.html,0/2,?
/miscellaneous/unb-skor-win-10.html,0/2,?
/miscellaneous/unb-spain-26.html,0/1,?
/miscellaneous/unb-spain-31.html,0/1,?
/miscellaneous/unb-spain-35.html,0/1,?
/miscellaneous/unb-sparta-32.html,0/1,?
/miscellaneous/unb-sparta-praha-44win.html,0/2,?
/miscellaneous/unb-spartap-run.html,0/1,?
/miscellaneous/unb-sportclub-41.html,0/1,?
/miscellaneous/unb-spurs-euro-home-42.html,0/2,?
/miscellaneous/unb-steaua-104.html,0/1,?
/miscellaneous/unb-sweden-win-11.html,0/1,?
/miscellaneous/unb-torino-home-88.html,0/2,?
/miscellaneous/unb-trnava-home-89.html,0/2,?
/miscellaneous/unb-tsje-20.html,0/1,?
/miscellaneous/unb-uchile33.html,0/1,?
/miscellaneous/unb-union-60.html,0/2,?
/miscellaneous/unb-universitario36.html,0/1,?
/miscellaneous/unb-uru-18.html,0/1,?
/miscellaneous/unb-usa-16.html,0/1,?
/miscellaneous/unb-usa-win-12.html,0/1,?
/miscellaneous/unb-ussr-20.html,0/1,?
/miscellaneous/unb-valencia-euro-18.html,0/2,?
/miscellaneous/unb-vardar-32.html,0/2,?
/miscellaneous/unb-villa-32.html,0/1,?
/miscellaneous/unb-villarreal-euro-away-11.html,0/1,?
/miscellaneous/unb-viola-euro-away-12.html,0/1,?
/miscellaneous/unb-wales-10.html,0/1,?
/miscellaneous/unb-werder-euro-away-11.html,0/1,?
/miscellaneous/unb-westham-euro-17.html,0/2,?
/miscellaneous/unb-widzew-37.html,0/1,?
/miscellaneous/unb-wisla-38.html,0/1,?
/miscellaneous/unb-yugo-win-10.html,0/1,?
/miscellaneous/unb-zamalek-52.html,0/1,?
/miscellaneous/unb-zanaco-40.html,0/1,?
/miscellaneous/unbeaten.html,278/6,Unbeaten
/miscellaneous/unbeaten-arg.html,0/3,?
/miscellaneous/ungureanu-intl.html,0/1,?
/miscellaneous/unoff-wc.html,1/6,Unofficial World Championship
/miscellaneous/unoff-wc-wom.html,1/3,Unofficial World Championship for Women
/miscellaneous/urahn-intlg.html,0/3,?
/miscellaneous/urban-intl.html,0/2,?
/miscellaneous/urban-intlg.html,0/2,?
/miscellaneous/urbanczyk-intl.html,0/1,?
/miscellaneous/urbanek-intl.html,0/3,?
/miscellaneous/ureinders-intl.html,0/2,?
/miscellaneous/uridil-intlg.html,0/1,?
/miscellaneous/uroesler-intl.html,0/1,?
/miscellaneous/uru-apereira-intl.html,0/1,?
/miscellaneous/uru-arevalo-intl.html,0/1,?
/miscellaneous/uru-caceres-intl.html,0/3,?
/miscellaneous/uru-jgimenez-intl.html,1/2,José María Giménez - International Appearances
/miscellaneous/uru-recintlp.html,0/4,?
/miscellaneous/uru-squad-wc.html,0/2,?
/miscellaneous/uruital-recintlp.html,0/3,?
/miscellaneous/urzaiz-intl.html,0/2,?
/miscellaneous/us-pulisic-intlg.html,0/2,?
/miscellaneous/usa-coach-triv.html,0/2,?
/miscellaneous/usa-recintlp.html,0/3,?
/miscellaneous/usapoy.html,1/2,"USA - Footballer of the Year, NASL and MLS Awards"
/miscellaneous/ussr-coach-triv.html,0/2,?
/miscellaneous/ussr-recintlp.html,0/3,?
/miscellaneous/ussrpoy.html,1/2,Soviet Union - Player of the Year Awards
/miscellaneous/ustein-intl.html,0/2,?
/miscellaneous/utina-intl.html,0/1,?
/miscellaneous/vae-amoodi-intl.html,0/1,?
/miscellaneous/vae-baloshi-intl.html,0/2,?
/miscellaneous/vae-bilalsaeed-intl.html,0/2,?
/miscellaneous/vae-hammadi-intlg.html,0/3,?
/miscellaneous/vae-khalil-intlg.html,0/4,?
/miscellaneous/vae-marzooq-intl.html,0/1,?
/miscellaneous/vae-mbalooshi-intl.html,0/1,?
/miscellaneous/vae-recintlp.html,0/5,?
/miscellaneous/vae-shaddadi-intlg.html,0/1,?
/miscellaneous/vae-smubarak-intlg.html,0/1,?
/miscellaneous/valckx-intl.html,0/1,?
/miscellaneous/valderrama-intl.html,0/3,?
/miscellaneous/valke-intl.html,0/1,?
/miscellaneous/valladares-intl.html,0/3,?
/miscellaneous/valladolid-ec.html,0/2,?
/miscellaneous/vallenilla-intl.html,0/1,?
/miscellaneous/vanaerle-intl.html,0/1,?
/miscellaneous/vanbasten-intlg.html,1/3,Marco van Basten - Goals in International Matches
/miscellaneous/vancant-intlg.html,0/2,?
/miscellaneous/vanczak-intl.html,0/2,?
/miscellaneous/vandenbergh-intlg.html,0/2,?
/miscellaneous/vandeneynde-intlg.html,0/2,?
/miscellaneous/vandereycken-intl.html,0/1,?
/miscellaneous/vanderkuijlen-intl.html,0/2,?
/miscellaneous/vandersar-intl.html,0/5,?
/miscellaneous/vandijk-intl.html,0/2,?
/miscellaneous/vanenburg-intl.html,0/2,?
/miscellaneous/vangobbel-intl.html,0/2,?
/miscellaneous/vanhalme-intl.html,0/3,Florimond Vanhalme - International Appearances
/miscellaneous/vanheel-intl.html,0/4,Puck van Heel - International Appearances
/miscellaneous/vanhimst-intlg.html,6/4,Paul Van Himst - Goals in International Matches
/miscellaneous/vanhoorden-intl.html,0/2,?
/miscellaneous/vanik-intlg.html,2/3,Jan Vaník - International Appearances
/miscellaneous/vanins-intl.html,0/4,?
/miscellaneous/vankol-intl.html,0/2,Dolf van Kol - International Appearances
/miscellaneous/vanlinge-intl.html,0/3,Evert van Linge – International Appearances
/miscellaneous/vanmelis-intlg.html,0/1,?
/miscellaneous/vannellen-intl.html,0/2,?
/miscellaneous/vannucci-intl.html,0/2,?
/miscellaneous/vanrun-intl.html,0/2,Sjef van Run - International Appearances
/miscellaneous/vanuatu-stadiums.html,1/2,Vanuatu - Stadiums
/miscellaneous/vardanyan-intl.html,0/2,?
/miscellaneous/varlamov-intl.html,0/2,?
/miscellaneous/vashchuk-intl.html,0/1,?
/miscellaneous/vasiliou-intl.html,0/2,?
/miscellaneous/vastic-intl.html,0/1,?
/miscellaneous/vata-intl.html,0/2,?
/miscellaneous/vbaar-intlg.html,0/5,?
/miscellaneous/vberezutskiy-intl.html,0/4,?
/miscellaneous/vbeveren-intl.html,0/1,?
/miscellaneous/vbommel-intl.html,0/2,?
/miscellaneous/vboxtel-intl.html,0/2,Piet van Boxtel - International Appearances
/miscellaneous/vbredakolff-intl.html,2/3,Jan van Breda Kolff – International Appearances
/miscellaneous/vbreukelen-intl.html,0/2,?
/miscellaneous/vbronckhorst-intl.html,0/6,?
/miscellaneous/vbun-intl.html,0/1,?
/miscellaneous/vbuyten-intl.html,0/1,?
/miscellaneous/vdemirel-intl.html,0/2,?
/miscellaneous/vdkorput-intl.html,0/1,?
/miscellaneous/vdkuil-intl.html,0/2,?
/miscellaneous/vdlinden-intlg.html,0/1,?
/miscellaneous/vdmeyde-intl.html,0/1,?
/miscellaneous/vdtuyn-intl.html,0/1,?
/miscellaneous/vdvaart-intl.html,0/4,?
/miscellaneous/vdvinne-intl.html,0/3,?
/miscellaneous/vdwiel-intl.html,0/1,?
/miscellaneous/vecernji-pocentury.html,1/1,Vecernji Player of the Century
/miscellaneous/vecernjipoy.html,2/2,"""Vecernji list"" Player of the Year"
/miscellaneous/veldhoen-intl.html,0/1,?
/miscellaneous/venez-recintlp.html,0/3,?
/miscellaneous/venez-rincon-intl.html,0/3,?
/miscellaneous/venez-rondon-intlg.html,0/4,?
/miscellaneous/venez-rosales-intl.html,0/1,?
/miscellaneous/venglos-cintl.html,0/2,?
/miscellaneous/vennelink-intl.html,0/1,?
/miscellaneous/vente-intlg.html,0/2,?
/miscellaneous/verbeeck-intl.html,1/4,Oscar Verbeeck - International Appearances
/miscellaneous/verbruggen-intl.html,0/1,?
/miscellaneous/vercauteren-intl.html,0/1,?
/miscellaneous/verheyen-intl.html,0/1,?
/miscellaneous/verlegh-intl.html,0/2,"Antoon ""Rat"" Verlegh - International Appearances"
/miscellaneous/vermaelen-intl.html,0/2,?
/miscellaneous/verpakovskis-intlg.html,0/4,?
/miscellaneous/versyp-intl.html,0/2,Louis Versyp - International Appearances
/miscellaneous/vertonghen-intl.html,0/4,?
/miscellaneous/verweij-intl.html,0/5,Ben Verweij – International Appearances
/miscellaneous/vesely-intl.html,0/2,?
/miscellaneous/vgendt-intlg.html,0/1,?
/miscellaneous/vgergely-intl.html,0/1,?
/miscellaneous/vgonsalves-intl.html,2/3,Vic. Gonsalves - International Appearances
/miscellaneous/vgrosz-intl.html,0/2,?
/miscellaneous/vhanegem-intl.html,0/2,?
/miscellaneous/vhooijdonk-intl.html,0/3,?
/miscellaneous/vialli-intlg.html,0/2,?
/miscellaneous/vicelich-intl.html,0/1,?
/miscellaneous/victor-intl.html,0/2,?
/miscellaneous/vieira-intl.html,0/2,?
/miscellaneous/vielma-intl.html,0/1,?
/miscellaneous/vierchowod-intl.html,0/1,?
/miscellaneous/vieri-intlg.html,0/2,?
/miscellaneous/viikmae-intl.html,0/4,?
/miscellaneous/viktor-intl.html,0/1,?
/miscellaneous/villar-intl.html,0/2,?
/miscellaneous/villarreal-ec.html,0/2,?
/miscellaneous/vin-andrews-intl.html,0/1,?
/miscellaneous/vin-hamlet-intl.html,0/1,?
/miscellaneous/vin-richards-intl.html,0/1,?
/miscellaneous/vin-velox-intl.html,0/1,?
/miscellaneous/virtualwc.html,3/5,Virtual World Championships
/miscellaneous/vizek-intlg.html,0/2,?
/miscellaneous/vjanssen-intlg.html,0/1,?
/miscellaneous/vkraay-intl.html,0/1,?
/miscellaneous/vlaar-intl.html,0/1,?
/miscellaneous/vladoiu-intl.html,0/1,?
/miscellaneous/vlsoria-intl.html,0/1,?
/miscellaneous/vmarwijk-cintl.html,0/2,?
/miscellaneous/vmees-intl.html,0/2,?
/miscellaneous/vmontella-intl.html,0/2,?
/miscellaneous/voeller-intlg.html,0/5,?
/miscellaneous/vogel-intl.html,0/1,?
/miscellaneous/vogts-cintl.html,0/1,?
/miscellaneous/vogts-intl.html,0/3,?
/miscellaneous/vollmar-intlg.html,0/3,?
/miscellaneous/vongchiengkham-intlg.html,0/1,?
/miscellaneous/voorhoof-intlg.html,0/6,Bernard Voorhoof - Goals in International Matches
/miscellaneous/vorm-intl.html,0/1,?
/miscellaneous/vorobei-intlg.html,0/1,?
/miscellaneous/voronin-intl.html,0/2,?
/miscellaneous/votava-intl.html,0/2,?
/miscellaneous/vpersie-intl.html,0/6,?
/miscellaneous/vrappard-intl.html,0/3,Oscar van Rappard - International Appearances
/miscellaneous/vschijndel-intl.html,0/1,?
/miscellaneous/vspaandonck-intl.html,0/2,?
/miscellaneous/vtiggelen-intl.html,0/1,?
/miscellaneous/vtilburg-intl.html,0/1,?
/miscellaneous/vtschip-intl.html,0/2,?
/miscellaneous/vvossen-intl.html,0/1,?
/miscellaneous/vwissen-intl.html,0/1,?
/miscellaneous/waas-intl.html,0/2,?
/miscellaneous/waddle-intl.html,0/1,?
/miscellaneous/waetzlich-intl.html,0/1,?
/miscellaneous/wagenhaus-intl.html,0/1,?
/miscellaneous/wahl-intl.html,0/1,?
/miscellaneous/wal-davies-intl.html,0/4,?
/miscellaneous/wal-recintlp.html,8/4,Wales - Record International Players
/miscellaneous/waldoch-intl.html,0/2,?
/miscellaneous/walnick.html,1/2,Wales - Club Nicknames
/miscellaneous/walusimbi-intl.html,0/3,?
/miscellaneous/wamsteker-intl.html,0/2,?
/miscellaneous/wanchope-intlg.html,0/3,?
/miscellaneous/waterreus-intl.html,0/1,?
/miscellaneous/wayovi-intl.html,0/3,?
/miscellaneous/wbusch-intl.html,0/2,?
/miscellaneous/wcu17winners.html,0/1,?
/miscellaneous/wcwinners.html,1/4,World Cup Champions Squads 1930 - 2026
/miscellaneous/wdowczyk-intl.html,0/2,?
/miscellaneous/weah-intlg.html,0/1,?
/miscellaneous/weber-intlg.html,0/1,?
/miscellaneous/webo-intlg.html,0/1,?
/miscellaneous/wegele-intl.html,1/3,Karl Wegele - International Appearances
/miscellaneous/weghorst-intl.html,0/1,?
/miscellaneous/weidenfeller-intl.html,0/2,?
/miscellaneous/weilandt-intl.html,0/1,?
/miscellaneous/weis-intl.html,0/2,?
/miscellaneous/welcker-intl.html,3/4,Jan Herman Welcker - International Appearances
/miscellaneous/wels-intl.html,0/2,?
/miscellaneous/welzel-intl.html,0/1,?
/miscellaneous/welzl-intl.html,0/2,?
/miscellaneous/wery-intl.html,0/1,?
/miscellaneous/wesanrizik-intl.html,0/3,?
/miscellaneous/weselik-intlg.html,0/1,?
/miscellaneous/wessely-intlg.html,0/1,?
/miscellaneous/westermann-intl.html,0/2,?
/miscellaneous/westerveld-intl.html,0/1,?
/miscellaneous/wetzer-intlg.html,0/2,Rudolf Wetzer - Goals in International Matches
/miscellaneous/wewers-intl.html,0/2,?
/miscellaneous/wfunkel-intl.html,0/2,?
/miscellaneous/wgomaa-intl.html,0/3,?
/miscellaneous/wgroebner-intl.html,0/1,?
/miscellaneous/whannes-intl.html,0/2,?
/miscellaneous/wheine-intl.html,0/1,?
/miscellaneous/whennessey-intl.html,0/4,?
/miscellaneous/whitmore-intl.html,0/3,?
/miscellaneous/wichniarek-intl.html,0/3,?
/miscellaneous/widodo-intl.html,0/1,?
/miscellaneous/wiersma-intl.html,0/2,?
/miscellaneous/wijnaldum-intl.html,0/3,?
/miscellaneous/wijnstekers-intl.html,0/1,?
/miscellaneous/wijnveldt-intl.html,2/3,David Wijnveldt – International Appearances
/miscellaneous/wildschut-intl.html,0/1,?
/miscellaneous/wilimowski-intlg.html,0/5,?
/miscellaneous/wilkes-intlg.html,8/6,Faas Wilkes - Goals in International Matches
/miscellaneous/wilkshire-intl.html,0/1,?
/miscellaneous/wilmots-intlg.html,0/1,?
/miscellaneous/wiltord-intlg.html,0/1,?
/miscellaneous/winning.html,13/8,Beyond Trebles
/miscellaneous/winning-arg.html,2/2,Argentina - Series of consecutive wins in League Matches
/miscellaneous/winterbottom-cintl.html,0/1,?
/miscellaneous/wirth-intlg.html,0/1,?
/miscellaneous/wislakrakow-ec.html,2/2,Wisła Kraków- games in european cups
/miscellaneous/wislaplock-ec.html,2/2,Wisła Płock- games in european cups
/miscellaneous/witr-recintlp.html,11/4,Belarus - Record International Players
/miscellaneous/witschges-intl.html,0/1,?
/miscellaneous/witsel-intl.html,0/4,?
/miscellaneous/wjansen-intl.html,0/2,?
/miscellaneous/wjumah-intl.html,0/3,?
/miscellaneous/wkraemer-intl.html,0/2,?
/miscellaneous/wkress-intl.html,0/2,?
/miscellaneous/wkreuz-intl.html,0/1,?
/miscellaneous/wlandman-intl.html,0/2,?
/miscellaneous/wliebrich-intl.html,0/2,?
/miscellaneous/wloewe-intlg.html,0/1,?
/miscellaneous/wmartinez-intl.html,0/1,?
/miscellaneous/woerns-intl.html,0/2,?
/miscellaneous/wohlfahrt-intl.html,0/1,?
/miscellaneous/wolfhagen-intlg.html,1/3,Vilhelm Wolfhagen - Goals in International Matches
/miscellaneous/womdoublecrown.html,4/1,"The Women's ""Double Crown"""
/miscellaneous/wome-intl.html,0/1,?
/miscellaneous/woodcock-intl.html,0/1,?
/miscellaneous/woodward-intl.html,1/5,Vivian John Woodward - International Appearances
/miscellaneous/worldtops.html,1/4,World League Topscorers
/miscellaneous/worm-intlg.html,0/3,?
/miscellaneous/worpitzky-intl.html,1/3,Willi Worpitzky - Goals in International Matches
/miscellaneous/wosz-intl.html,0/3,?
/miscellaneous/wouters-intl.html,0/2,?
/miscellaneous/wpalacios-intl.html,0/2,?
/miscellaneous/wpfeifer-intl.html,0/1,?
/miscellaneous/wright-intl.html,0/3,?
/miscellaneous/wrldallt.html,3/2,World All-Time Teams
/miscellaneous/wschaefer-cintl.html,0/2,?
/miscellaneous/wschroeder-intl.html,0/2,?
/miscellaneous/wschulz-intl.html,0/1,?
/miscellaneous/wsoc-awards.html,38/3,"""World Soccer"" Awards"
/miscellaneous/wsoc00.html,0/1,?
/miscellaneous/wsoc01.html,0/1,?
/miscellaneous/wsoc02.html,0/1,?
/miscellaneous/wsoc03.html,0/1,?
/miscellaneous/wsoc04.html,0/1,?
/miscellaneous/wsoc05.html,0/1,?
/miscellaneous/wsoc06.html,0/1,?
/miscellaneous/wsoc07.html,0/1,?
/miscellaneous/wsoc08.html,0/1,?
/miscellaneous/wsoc09.html,0/1,?
/miscellaneous/wsoc2010.html,0/1,?
/miscellaneous/wsoc2011.html,0/1,?
/miscellaneous/wsoc2012.html,0/1,?
/miscellaneous/wsoc2013.html,0/1,?
/miscellaneous/wsoc2014.html,0/1,?
/miscellaneous/wsoc2015.html,0/1,?
/miscellaneous/wsoc2016.html,0/1,?
/miscellaneous/wsoc2017.html,0/1,?
/miscellaneous/wsoc2021.html,0/1,?
/miscellaneous/wsoc82.html,0/1,?
/miscellaneous/wsoc83.html,0/1,?
/miscellaneous/wsoc84.html,0/1,?
/miscellaneous/wsoc85.html,0/1,?
/miscellaneous/wsoc86.html,0/1,?
/miscellaneous/wsoc87.html,0/1,?
/miscellaneous/wsoc88.html,0/1,?
/miscellaneous/wsoc89.html,0/1,?
/miscellaneous/wsoc90.html,0/1,?
/miscellaneous/wsoc91.html,0/1,?
/miscellaneous/wsoc92.html,0/1,?
/miscellaneous/wsoc93.html,0/1,?
/miscellaneous/wsoc94.html,0/1,?
/miscellaneous/wsoc95.html,0/1,?
/miscellaneous/wsoc96.html,0/1,?
/miscellaneous/wsoc97.html,0/1,?
/miscellaneous/wsoc98.html,0/1,?
/miscellaneous/wsoc99.html,0/1,?
/miscellaneous/wtap-intlg.html,0/5,Wim Tap - Goals in International Matches
/miscellaneous/wtatr.html,1/2,Worldwide Historical Ranking of Clubs
/miscellaneous/wuttke-intl.html,0/2,?
/miscellaneous/wvanmoer-intl.html,0/1,?
/miscellaneous/wvdgijp-intl.html,0/3,?
/miscellaneous/wvdkerkhof-intl.html,0/3,?
/miscellaneous/wveenstra-intl.html,0/1,?
/miscellaneous/wvelazquez-intlg.html,0/2,?
/miscellaneous/wweber-intl.html,0/1,?
/miscellaneous/wycwinners.html,0/1,?
/miscellaneous/wynalda-intl.html,0/3,?
/miscellaneous/xabialonso-intlg.html,0/4,?
/miscellaneous/xavi-intlg.html,0/4,?
/miscellaneous/xsimons-intl.html,0/1,?
/miscellaneous/yacoub-intlg.html,0/2,?
/miscellaneous/yankov-intl.html,0/1,?
/miscellaneous/yarmolenko-intlg.html,0/5,?
/miscellaneous/yashin-intl.html,0/1,?
/miscellaneous/yashkin-intl.html,0/2,?
/miscellaneous/yassin-intl.html,0/2,?
/miscellaneous/ybek-intl.html,0/2,Ivan Bek - International Appearances
/miscellaneous/yekini-intlg.html,0/2,?
/miscellaneous/yemen-recintlp.html,0/4,?
/miscellaneous/yemen-sasi-intl.html,0/2,?
/miscellaneous/yendo-intl.html,0/3,?
/miscellaneous/yepes-intl.html,0/3,?
/miscellaneous/ygavrilov-intl.html,0/1,?
/miscellaneous/yiangoudakis-intl.html,0/2,?
/miscellaneous/yiasemakis-intl.html,0/2,?
/miscellaneous/ymahmoud-intlg.html,0/4,?
/miscellaneous/ymarquez-intl.html,0/3,?
/miscellaneous/ymaxymov-intl.html,0/3,?
/miscellaneous/ymulder-intl.html,0/3,?
/miscellaneous/yobo-intl.html,0/3,?
/miscellaneous/yoo-intl.html,0/3,?
/miscellaneous/yorke-intlg.html,0/1,?
/miscellaneous/younghusband-intlg.html,0/5,?
/miscellaneous/yradwan-intl.html,0/1,?
/miscellaneous/ytoure-intlg.html,0/3,?
/miscellaneous/yuran-intl.html,0/3,?
/miscellaneous/zaccardo-intl.html,0/2,?
/miscellaneous/zaccarelli-intl.html,0/2,?
/miscellaneous/zaczyk-intl.html,0/2,?
/miscellaneous/zaf-coach-triv.html,0/2,?
/miscellaneous/zaf-recintlp.html,0/4,?
/miscellaneous/zafpoy.html,2/1,South Africa - Player of the Year
/miscellaneous/zagallo-cintl.html,0/2,?
/miscellaneous/zagorakis-intl.html,0/4,?
/miscellaneous/zague-intlg.html,0/2,?
/miscellaneous/zahovic-intlg.html,0/3,?
/miscellaneous/zam-recintlp.html,0/5,?
/miscellaneous/zam-sunzu-intl.html,0/1,?
/miscellaneous/zambpoy.html,2/2,Zambia - Player of the Year
/miscellaneous/zambrotta-intl.html,0/3,?
/miscellaneous/zamora-intl.html,0/4,Ricardo Zamora - International Appearances
/miscellaneous/zamorano-intlg.html,0/2,?
/miscellaneous/zanetti-intl.html,0/4,?
/miscellaneous/zarincheh-intl.html,0/1,?
/miscellaneous/zarra-intl.html,0/2,?
/miscellaneous/zaza-intl.html,0/2,?
/miscellaneous/zcrisan-intl.html,0/1,?
/miscellaneous/zebec-intlg.html,0/2,?
/miscellaneous/zecajkovski-intl.html,0/2,?
/miscellaneous/zelinski-intlg.html,0/4,?
/miscellaneous/zeman-intl.html,0/1,?
/miscellaneous/zemlinskis-intlg.html,0/4,?
/miscellaneous/zenden-intl.html,0/1,?
/miscellaneous/zenga-intl.html,0/1,?
/miscellaneous/zeroberto-intl.html,0/1,?
/miscellaneous/zewe-intl.html,0/2,?
/miscellaneous/zgera-intlg.html,0/3,?
/miscellaneous/zh-haojunmin-intl.html,0/2,?
/miscellaneous/zh-jiaxq-intlg.html,1/1,Jia Xiuquan - Goals in International Matches
/miscellaneous/zh-wulei-intlg.html,0/3,?
/miscellaneous/zh-wuxi-intl.html,0/1,?
/miscellaneous/zh-zhaoxuri-intl.html,0/1,?
/miscellaneous/zhanglp-intl.html,0/3,?
/miscellaneous/zhengzhi-intlg.html,0/3,?
/miscellaneous/zhirkov-intl.html,0/4,?
/miscellaneous/zhubo-intl.html,0/3,?
/miscellaneous/zickler-intl.html,0/2,?
/miscellaneous/zico-intlg.html,0/3,?
/miscellaneous/zidane-intl.html,0/3,?
/miscellaneous/ziege-intl.html,0/1,?
/miscellaneous/zim-jphiri-intl.html,0/1,?
/miscellaneous/zim-mpofu-intl.html,0/1,?
/miscellaneous/zim-ndunduma-intl.html,0/1,?
/miscellaneous/zim-nyandoro-intl.html,0/1,?
/miscellaneous/zim-shonhayi-intl.html,0/1,?
/miscellaneous/zimb-recintlp.html,0/3,?
/miscellaneous/zimbpoy.html,1/2,Zimbabwe - Player of the Year
/miscellaneous/ziober-intl.html,0/2,?
/miscellaneous/zischek-intlg.html,0/1,?
/miscellaneous/zizinho-intlg.html,0/2,?
/miscellaneous/zlcajkovski-intl.html,0/3,?
/miscellaneous/zlvujovic-intlg.html,0/2,?
/miscellaneous/zmirkovic-intl.html,0/2,?
/miscellaneous/zmuda-intl.html,0/2,?
/miscellaneous/zoet-intl.html,0/1,?
/miscellaneous/zoetzsche-intlg.html,0/1,?
/miscellaneous/zoff-intl.html,0/4,?
/miscellaneous/zokora-intl.html,0/3,?
/miscellaneous/zola-intlg.html,0/2,?
/miscellaneous/zorc-intl.html,0/3,?
/miscellaneous/zovujovic-intl.html,0/2,?
/miscellaneous/zsak-intl.html,0/1,?
/miscellaneous/zsengeller-intlg.html,0/3,?
/miscellaneous/zubizarreta-intl.html,0/4,?
/miscellaneous/zubromawi-intl.html,0/3,?
/miscellaneous/zuidpool.html,2/2,Antarctica - football/soccer matches
/miscellaneous/zulkowski-intl.html,0/1,?
/miscellaneous/zuma-intlg.html,0/1,?
/miscellaneous/zurawski-intlg.html,0/2,?
/miscellaneous/zvirgzdauskas-intl.html,0/1,?
/miscellaneous/zwed-coach-triv.html,0/2,?
/miscellaneous/zwed-recintlp.html,22/4,Sweden - Record International Players
/miscellaneous/zwedpoy.html,1/2,Sweden - Footballer of the Year
/miscellaneous/zwit-players-in-ec.html,1/3,Swiss Clubs' Players in European Cups 1955-2001
/miscellaneous/zwit-recintlp.html,20/4,Switzerland - Record International Players
/miscellaneous/zwitgkoy.html,1/2,Switzerland - Goalkeeper of the Year
/miscellaneous/zwitpoy.html,1/2,Switzerland - Footballer of the Year
/miscellaneous/zygmantovich-intl.html,0/2,?
