path,links,title
/tablesb/b1903-sutour63.html,1/2,B 1903 (Copenhagen) tour of Soviet Union 1963
/tablesb/b1903indo78.html,3/4,Boldklubben 1903 (Denmark) tour of Indonesia 1978
/tablesb/b1909-asiatour65.html,2/3,B 1909 (Odense) tour of Asia 1965
/tablesb/b1909-egytour60.html,1/2,B 1909 (Odense) tour of Egypt 1960
/tablesb/b1909-tour51.html,2/2,B 1909 (Odense) tour of the Far East 1951
/tablesb/b1913-asiatour65.html,2/3,B 1913 (Odense) tour of Asia 1965
/tablesb/b1913-tuntour68.html,1/2,B 1913 (Odense) tour of Tunisia 1968
/tablesb/ba-nztrip77.html,2/2,Ba's visit to New Zealand 1977
/tablesb/bachviet06.html,1/1,Bach Viet Cup 2006 (Ho Chi Minh City)
/tablesb/badkissingen22.html,2/3,Turnier in Bad Kissingen 1922
/tablesb/badkissingen23.html,3/4,Turnier in Bad Kissingen 1923
/tablesb/badkissingen28.html,2/3,Internationales Fußballturnier in Bad Kissingen 1928
/tablesb/badminton-arg33.html,1/4,Argentinian Trip of Badminton (Chile) 1933
/tablesb/badragaz-u16.html,1/2,International Swiss U-16 Cup (Switzerland)
/tablesb/badragaz-wom02.html,1/1,Frauen Turnier in Bad Ragaz (Switzerland) 2002
/tablesb/bah-3nat09.html,1/1,Bahrain 3-Nation Tournament 2009
/tablesb/bah-4nat02.html,4/4,Kingdom of Bahrain International Soccer Tournament 2002 (Manama)
/tablesb/bah-4nat03.html,4/4,Bahrain - Prime Minister's Cup 2003 (Manama)
/tablesb/bah-4nat04.html,3/3,Bahrain - Prime Minister's Cup 2004 (Manama)
/tablesb/bah-intres.html,1/2,Bahrain International Matches
/tablesb/bah-intshoot02.html,3/3,Bahrain Shoot Soccer Tournament 2002 (Manama)
/tablesb/bah-singmalay82.html,1/2,Bahrain national team tour of Singapore and Malaysia 1982
/tablesb/bah-wom04.html,3/1,Bahrain (Women) 2003/04
/tablesb/bah-wom05.html,4/3,Bahrain (Women) 2004/05
/tablesb/bah-wom07.html,4/2,Bahrain (Women) 2006/07
/tablesb/bah-wom2011.html,4/3,Bahrain (Women) 2010/11
/tablesb/bah-wom2013.html,4/4,Bahrain (Women) 2013
/tablesb/bah-wom2014.html,4/3,Bahrain (Women) 2013/14
/tablesb/bah-wom2015.html,4/3,Bahrain (Women) 2014
/tablesb/bah-wom2015a.html,4/3,Bahrain (Women) 2014/15
/tablesb/bah-wom2016.html,4/4,Bahrain (Women) 2015/16
/tablesb/bah-wom2017.html,4/4,Bahrain (Women) 2016/17
/tablesb/bah-wom2018.html,4/3,Bahrain (Women) 2017/18
/tablesb/bah-wom2019.html,4/4,Bahrain (Women) 2019
/tablesb/bah-wom2022.html,3/3,Bahrain (Women) 2021/22
/tablesb/bah-womchamp.html,12/15,Bahrain - List of Women Champions
/tablesb/bah00.html,5/5,Bahrain 1999/2000
/tablesb/bah01.html,5/4,Bahrain 2000/01
/tablesb/bah02.html,5/5,Bahrain 2002
/tablesb/bah03.html,5/5,Bahrain 2002/03
/tablesb/bah04.html,5/5,Bahrain 2004
/tablesb/bah05.html,5/5,Bahrain 2004/05
/tablesb/bah06.html,5/5,Bahrain 2005/06
/tablesb/bah07.html,5/5,Bahrain 2006/07
/tablesb/bah08.html,5/5,Bahrain 2007/08
/tablesb/bah09.html,5/5,Bahrain 2008/09
/tablesb/bah2010.html,5/5,Bahrain 2009/10
/tablesb/bah2011.html,5/5,Bahrain 2010/11
/tablesb/bah2012.html,5/5,Bahrain 2011/12
/tablesb/bah2013.html,5/5,Bahrain 2012/13
/tablesb/bah2014.html,5/5,Bahrain 2013/14
/tablesb/bah2015.html,5/5,Bahrain 2014/15
/tablesb/bah2016.html,5/5,Bahrain 2015/16
/tablesb/bah2017.html,5/5,Bahrain 2016/17
/tablesb/bah2018.html,5/5,Bahrain 2017/18
/tablesb/bah2019.html,5/5,Bahrain 2018/19
/tablesb/bah2020.html,5/5,Bahrain 2019/20
/tablesb/bah2021.html,5/5,Bahrain 2020/21
/tablesb/bah2022.html,5/5,Bahrain 2021/22
/tablesb/bah2023.html,5/5,Bahrain 2022/23
/tablesb/bah2024.html,5/5,Bahrain 2023/24
/tablesb/bah2025.html,5/5,Bahrain 2024/25
/tablesb/bah2026.html,4/6,Bahrain 2025/26
/tablesb/bah2champ.html,1/2,Bahrain - List of Second Level Champions
/tablesb/bah84.html,5/5,Bahrain 1983/84
/tablesb/bah85.html,6/6,Bahrain 1984/85
/tablesb/bah89.html,6/3,Bahrain 1988/89
/tablesb/bah95.html,5/4,Bahrain 1994/95
/tablesb/bah96.html,6/5,Bahrain 1995/96
/tablesb/bah98.html,6/7,Bahrain 1997/98
/tablesb/bah99.html,5/5,Bahrain 1998/99
/tablesb/bahajam65.html,1/2,Bahamas national team tour to Jamaica 1965
/tablesb/bahama-intres.html,1/2,Bahamas - List of International Matches
/tablesb/bahama-wom01.html,4/3,Bahamas (Women) 2000/01
/tablesb/bahama-wom02.html,4/3,Bahamas (Women) 2001/02
/tablesb/bahama-wom03.html,4/3,Bahamas (Women) 2002/03
/tablesb/bahama-wom04.html,4/3,Bahamas (Women) 2003/04
/tablesb/bahama-wom05.html,4/2,Bahamas (Women) 2004/05
/tablesb/bahama-wom06.html,4/3,Bahamas (Women) 2005/06
/tablesb/bahama-wom2016.html,4/3,Bahamas (Women) 2016
/tablesb/bahama-wom2023.html,4/4,Bahamas (Women) 2023
/tablesb/bahama-wom2024.html,4/4,Bahamas (Women) 2023/24
/tablesb/bahama-wom2025.html,3/3,Bahamas (Women) 2024/25
/tablesb/bahama-wom93.html,3/2,Bahamas (Women) 1992/93
/tablesb/bahama-womchamp.html,11/12,Bahamas - List of Women Champions
/tablesb/bahama00.html,5/4,Bahamas 1999/2000
/tablesb/bahama01.html,5/5,Bahamas 2000/01
/tablesb/bahama02.html,5/4,Bahamas 2001/02
/tablesb/bahama03.html,5/5,Bahamas 2002/03
/tablesb/bahama04.html,5/4,Bahamas 2003/04
/tablesb/bahama05.html,5/3,Bahamas 2005
/tablesb/bahama06.html,5/5,Bahamas 2005/06
/tablesb/bahama07.html,5/4,Bahamas 2006/07
/tablesb/bahama08.html,5/3,Bahamas 2007/08
/tablesb/bahama09.html,5/5,Bahamas 2008/09
/tablesb/bahama2010.html,5/5,Bahamas 2009/10
/tablesb/bahama2011.html,5/5,Bahamas 2010/11
/tablesb/bahama2012.html,5/4,Bahamas 2011/12
/tablesb/bahama2013.html,5/4,Bahamas 2013
/tablesb/bahama2014.html,5/3,Bahamas 2013/14
/tablesb/bahama2015.html,5/3,Bahamas 2014/15
/tablesb/bahama2016.html,5/4,Bahamas 2015/16
/tablesb/bahama2017.html,5/3,Bahamas 2016/17
/tablesb/bahama2018.html,5/5,Bahamas 2017/18
/tablesb/bahama2019.html,5/4,Bahamas 2018/19
/tablesb/bahama2020.html,5/4,Bahamas 2020
/tablesb/bahama2023.html,5/5,Bahamas 2022/23
/tablesb/bahama2024.html,5/4,Bahamas 2023/24
/tablesb/bahama2025.html,5/5,Bahamas 2024/25
/tablesb/bahama2026.html,4/6,Bahamas 2025/26
/tablesb/bahama73.html,4/4,Bahamas 1972/73
/tablesb/bahama74.html,5/4,Bahamas 1973/74
/tablesb/bahama92.html,5/3,Bahamas 1991/92
/tablesb/bahama93.html,5/3,Bahamas 1992/93
/tablesb/bahama96.html,5/4,Bahamas 1995/96
/tablesb/bahama99.html,5/3,Bahamas 1998/99
/tablesb/bahamachamp.html,32/34,Bahamas - List of Champions
/tablesb/bahamacup07.html,4/1,Bahamas Cups 2006/07
/tablesb/bahamacuphist.html,19/33,Bahamas - List of Cup Winners
/tablesb/bahamafound.html,1/2,Bahamas - List of Foundation Dates Clubs
/tablesb/bahchamp.html,35/36,Bahrain - List of Champions
/tablesb/bahcup97.html,5/3,Bahrain Cup 1996/97
/tablesb/bahcuphist.html,34/37,Bahrain - List of Cup Winners
/tablesb/bahfound.html,1/2,Bahrain - List of Foundation Dates
/tablesb/bahia00.html,6/4,Brazil - Bahia State League 2000
/tablesb/bahia1905.html,4/2,Brazil - Bahia State League 1905
/tablesb/bahia1906.html,5/3,Brazil - Bahia State League 1906
/tablesb/bahia1907.html,5/3,Brazil - Bahia State League 1907
/tablesb/bahia1908.html,5/3,Brazil - Bahia State League 1908
/tablesb/bahia1909.html,5/3,Brazil - Bahia State League 1909
/tablesb/bahia1910.html,5/3,Brazil - Bahia State League 1910
/tablesb/bahia1911.html,5/3,Brazil - Bahia State League 1911
/tablesb/bahia1912.html,5/3,Brazil - Bahia State League 1912
/tablesb/bahia1913.html,5/3,Brazil - Bahia State League 1913
/tablesb/bahia2-00.html,6/3,Brazil - Bahia State Second Level 2000
/tablesb/bahia2-97.html,5/3,Brazil - Bahia State League Second Level 1997
/tablesb/bahia2-99.html,6/4,Brazil - Bahia State League Second Level 1999
/tablesb/bahia3-00.html,6/3,Brazil - Bahia State Third Level 2000 (Torneio Seletivo)
/tablesb/bahia77.html,5/3,Brazil - Bahia State League 1977
/tablesb/bahia96.html,5/3,Brazil - Bahia State League 1996
/tablesb/bahia97.html,6/4,Brazil - Bahia State League 1997
/tablesb/bahia98.html,5/3,Brazil - Bahia State League 1998
/tablesb/bahia99.html,7/7,Brazil - Bahia State League 1999
/tablesb/bahiacartagena.html,1/2,Trofeo Bahía de Cartagena (Spain)
/tablesb/bahiachamp.html,1/21,Brazil - Bahia State League - List of Champions
/tablesb/bahiacup99.html,5/3,Brazil - Bahia Cup 1999
/tablesb/bahiahist.html,2/23,Brazil - Bahia State League 1914-1993
/tablesb/bahiraqres.html,1/2,Iraq-Bahrain matches
/tablesb/bahprimmincup.html,5/5,Bahrain - Prime Minister's Cup
/tablesb/bahuaeres.html,1/1,Bahrain-United Arab Emirates matches 1972-1997
/tablesb/baiamadjer07.html,1/1,"""Match of the Champions"" (Porto) 2007"
/tablesb/baires-sivori94.html,1/2,Copa Sivori 1994 (Buenos Aires)
/tablesb/baires55.html,2/3,Torneo Cuadrangular de Buenos Aires 1955
/tablesb/baires55det.html,3/5,Torneo Cuadrangular de Buenos Aires 1955 - Match Details
/tablesb/bajio57.html,1/2,Torneo Triangular del Bajío 1957
/tablesb/bajio98.html,1/3,Copa Bajío
/tablesb/balbays-jam68.html,1/2,Baltimore Bays (USA) tour of Jamaica 1968
/tablesb/baldrighi04.html,1/1,Memorial Baldrighi (Fiorenzuola) 2004
/tablesb/balkan-club.html,7/6,Balkan Cup
/tablesb/balkan-u1517.html,2/2,Balkan Youth Championships (U-15 and U-17)
/tablesb/balkan-u18.html,2/3,Balkan Junior Championship (U-18) 1978-1996
/tablesb/balkan-u23.html,1/2,Balkan Youth Championship 1968-1981
/tablesb/balkanclub60s.html,6/5,Balkan Cup 1960-69
/tablesb/balkanclub63.html,2/2,2nd Balkan Cup 1961/63
/tablesb/balkanclub70s.html,4/4,Balkan Cup 1970-79
/tablesb/balkanclub80s.html,5/4,Balkan Cup 1980-94
/tablesb/balkancup.html,5/5,Balkan Cup (for Nations)
/tablesb/balkancup29.html,3/3,Balkan Cup (for Nations) 1929/31
/tablesb/balkancup31.html,3/3,Balkan Cup (for Nations) 1931
/tablesb/ballymena-u16.html,1/2,Ballymena U-16 Tournament
/tablesb/balonplata76.html,2/3,Torneo Balón de Plata 1976
/tablesb/balt-club.html,11/12,Baltic Club Competitions - Overview
/tablesb/balt06.html,4/3,Baltic Champions Cup 2006
/tablesb/balt90.html,8/6,Baltic League 1990
/tablesb/balt93.html,4/3,Baltic League 1993/94
/tablesb/baltic-indoor-93.html,1/2,Baltic (Indoor) Cup 1993
/tablesb/baltic-overview.html,23/25,Baltic Cup Overview
/tablesb/baltic-women.html,1/4,Baltic Cup - Women Tournaments
/tablesb/baltic-womleag2017.html,1/2,Women's Baltic Football League 2017
/tablesb/baltic-youth.html,1/2,Baltic Youth Cup
/tablesb/baltic01.html,4/4,Baltic Cup 2001
/tablesb/baltic03.html,4/4,Baltic Cup 2003
/tablesb/baltic05.html,4/3,Baltic Cup 2005
/tablesb/baltic07.html,4/3,Baltic League 2007
/tablesb/baltic08.html,4/3,Baltic Cup 2008
/tablesb/baltic2010.html,4/3,Baltic Cup 2010
/tablesb/baltic2012.html,4/3,Baltic Cup 2012
/tablesb/baltic2014.html,4/3,Baltic Cup 2014
/tablesb/baltic2016.html,4/3,Baltic Cup 2016
/tablesb/baltic2018.html,4/3,Baltic Cup 2018
/tablesb/baltic2021.html,4/3,Baltic Cup 2021
/tablesb/baltic2022.html,4/3,Baltic Cup 2022
/tablesb/baltic2024.html,4/3,Baltic Cup 2024
/tablesb/baltic2026.html,3/3,Baltic Cup 2026
/tablesb/baltic91.html,3/2,Baltic Cup 1991
/tablesb/baltic92.html,4/5,Baltic Cup 1992
/tablesb/baltic93.html,4/4,Baltic Cup 1993
/tablesb/baltic94.html,4/4,Baltic Cup 1994
/tablesb/baltic95.html,4/5,Baltic Cup 1995
/tablesb/baltic96.html,4/4,Baltic Cup 1996
/tablesb/baltic97.html,4/4,Baltic Cup 1997
/tablesb/baltic98.html,4/5,Baltic Cup 1998
/tablesb/balticcc2011.html,3/5,Baltic Champions Cup 2011
/tablesb/balticgames14.html,1/2,Baltic Games 1914 (Malmö)
/tablesb/balticleag08.html,4/3,Baltic League 2008
/tablesb/balticleag2010.html,4/3,Baltic League 2009/10
/tablesb/balticleag2011.html,4/4,Baltic League 2010/11
/tablesb/balticsea-youth03.html,1/1,3rd Baltic Sea Youth Games 2003
/tablesb/baltimoretempete.html,1/2,Baltimore SC vs Tempête FC (Saint-Marc Derby) Head-to-Head
/tablesb/bamako01.html,1/2,Bamako Tournament (Mali) 2001
/tablesb/bandes.html,1/3,Copa Bandes
/tablesb/banfield-mextour52.html,2/2,Mexican Tour of CA Banfield (Buenos Aires) 1952
/tablesb/banfield-trip52.html,2/3,American Trip of CA Banfield 1951/52
/tablesb/banfield-trip65.html,1/2,American Trip of CA Banfield 1964/65
/tablesb/bang-intres.html,1/2,Bangladesh - List of International Matches
/tablesb/bang-reg03.html,7/5,Bangladesh Regional Competitions 2003/04
/tablesb/bang-reg04.html,7/5,Bangladesh Regional Competitions 2004/05
/tablesb/bang-reg05.html,5/3,Bangladesh Regional Competitions 2005/06
/tablesb/bang-wom04.html,3/2,Bangladesh (Women) 2004
/tablesb/bang-wom06.html,4/3,Bangladesh (Women) 2006
/tablesb/bang-wom07.html,4/3,Bangladesh (Women) 2007
/tablesb/bang-wom09.html,4/4,Bangladesh (Women) 2009
/tablesb/bang-wom2011.html,4/3,Bangladesh (Women) 2011
/tablesb/bang-wom2012.html,4/3,Bangladesh (Women) 2012
/tablesb/bang-wom2013.html,4/3,Bangladesh (Women) 2013
/tablesb/bang-wom2014.html,4/3,Bangladesh (Women) 2014
/tablesb/bang-wom2015.html,4/3,Bangladesh (Women) 2015/16
/tablesb/bang-wom2020.html,4/3,Bangladesh (Women) 2020/21
/tablesb/bang-wom2021.html,4/3,Bangladesh (Women) 2021
/tablesb/bang-wom2022.html,4/4,Bangladesh (Women) 2022
/tablesb/bang-wom2024.html,4/4,Bangladesh (Women) 2023/24
/tablesb/bang-wom2026.html,3/3,Bangladesh (Women) 2025/26
/tablesb/bang-womchamp.html,14/16,Bangladesh - List of Women Champions
/tablesb/bang00.html,5/5,Bangladesh 2000
/tablesb/bang01.html,4/5,Bangladesh 2001/02
/tablesb/bang02.html,5/6,Bangladesh 2002
/tablesb/bang03.html,6/6,Bangladesh 2003
/tablesb/bang04.html,7/7,Bangladesh 2004
/tablesb/bang05.html,8/7,Bangladesh 2005/06
/tablesb/bang07.html,8/6,Bangladesh 2007
/tablesb/bang09.html,6/4,Bangladesh 2008/09
/tablesb/bang2010.html,5/5,Bangladesh 2009/10
/tablesb/bang2011.html,5/5,Bangladesh 2010/11
/tablesb/bang2012.html,5/5,Bangladesh 2011/12
/tablesb/bang2013.html,5/5,Bangladesh 2012/13
/tablesb/bang2014.html,5/5,Bangladesh 2013/14
/tablesb/bang2015.html,5/5,Bangladesh 2015
/tablesb/bang2016.html,5/5,Bangladesh 2016
/tablesb/bang2017.html,5/5,Bangladesh 2017/18
/tablesb/bang2019.html,5/5,Bangladesh 2018/19
/tablesb/bang2020.html,5/5,Bangladesh 2019/20
/tablesb/bang2021.html,5/5,Bangladesh 2020/21
/tablesb/bang2022.html,5/5,Bangladesh 2021/22
/tablesb/bang2023.html,5/5,Bangladesh 2022/23
/tablesb/bang2024.html,5/6,Bangladesh 2023/24
/tablesb/bang2025.html,5/6,Bangladesh 2024/25
/tablesb/bang2026.html,4/4,Bangladesh 2025/26
/tablesb/bang48.html,4/2,East Pakistan 1948
/tablesb/bang75.html,5/4,Bangladesh 1975
/tablesb/bang84.html,6/6,Bangladesh 1984
/tablesb/bang85.html,6/6,Bangladesh 1985
/tablesb/bang86.html,5/5,Bangladesh 1986
/tablesb/bang89.html,5/6,Bangladesh 1988/89
/tablesb/bang90.html,4/5,Bangladesh 1989/90
/tablesb/bang92.html,6/5,Bangladesh 1992
/tablesb/bang93.html,4/4,Bangladesh 1993
/tablesb/bang94.html,4/5,Bangladesh 1994
/tablesb/bang95.html,4/5,Bangladesh 1995
/tablesb/bang96.html,5/5,Bangladesh 1996
/tablesb/bang98.html,5/5,Bangladesh 1997/98
/tablesb/bang99.html,4/5,Bangladesh 1999
/tablesb/bangabandhu.html,7/12,Bangabandhu Cup
/tablesb/bangabandhu2015.html,4/3,Bangabandhu Gold Cup 2015
/tablesb/bangabandhu2016.html,4/3,Bangabandhu Gold Cup 2016
/tablesb/bangabandhu2018.html,4/3,Bangabandhu Cup 2018
/tablesb/bangabandhu2020.html,3/2,Bangabandhu Gold Cup 2020
/tablesb/bangabandhu97.html,3/2,Bangabandhu Cup 1996/97
/tablesb/bangabandhu99.html,4/5,Bangabandhu Cup 1999
/tablesb/bangchamp.html,41/50,Bangladesh - List of Champions
/tablesb/bangcup06.html,4/3,Bangladesh Cups 2006
/tablesb/bangcup08.html,5/3,Bangladesh Cups 2008
/tablesb/bangcup87.html,4/7,Bangladesh 1987
/tablesb/bangcup91.html,4/3,Bangladesh Cups 1991
/tablesb/bangcup97.html,4/3,Bangladesh Cups 1997
/tablesb/bangcuphist.html,35/38,Bangladesh - List of Cup Winners
/tablesb/bangfound.html,1/2,Bangladesh - List of Foundation Dates
/tablesb/bangkokbanksmalaya61.html,1/2,Bangkok Combined Banks (Thailand) tour of Malaya and Singapore 1961
/tablesb/bangu-argtrip64.html,2/5,Bangu AC trip to Argentina 1964
/tablesb/bangu-chiltrip50.html,1/2,Bangu AC Trip to Chile 1950
/tablesb/bangu-mextour53.html,1/2,Mexican Trip of Bangu Atlético Clube (Rio de Janeiro) 1953
/tablesb/banikostrava-satrip64.html,2/3,South American Trip of FC Baník Ostrava 1964
/tablesb/bankanthony63.html,1/3,Sir Mobolaji Bank-Anthony Cup 1963
/tablesb/barb-daily89.html,3/4,Barbados Daily Nation Newspaper Trophy 1989
/tablesb/barb-intres.html,2/3,Barbados - List of International Matches
/tablesb/barb-intres-detwcq.html,2/2,Barbados - Details of World Cup Qualifiers
/tablesb/barb-wom00.html,3/1,Barbados (Women) 2000
/tablesb/barb-wom05.html,4/2,Barbados (Women) 2005
/tablesb/barb-wom07.html,4/3,Barbados (Women) 2007
/tablesb/barb-wom08.html,4/3,Barbados (Women) 2008
/tablesb/barb-wom09.html,4/3,Barbados (Women) 2009
/tablesb/barb-wom2010.html,4/3,Barbados (Women) 2010
/tablesb/barb-wom2012.html,4/3,Barbados (Women) 2012
/tablesb/barb-wom2013.html,4/4,Barbados (Women) 2013
/tablesb/barb-wom2014.html,4/4,Barbados (Women) 2014
/tablesb/barb-wom2015.html,4/3,Barbados (Women) 2015
/tablesb/barb-wom2016.html,4/4,Barbados (Women) 2016
/tablesb/barb-wom2017.html,4/4,Barbados (Women) 2017
/tablesb/barb-wom2018.html,4/3,Barbados (Women) 2018
/tablesb/barb-wom2022.html,4/3,Barbados (Women) 2022
/tablesb/barb-wom2023.html,4/5,Barbados (Women) 2023
/tablesb/barb-wom2025.html,3/3,Barbados (Women) 2025
/tablesb/barb-womchamp.html,15/17,Barbados - List of Women Champions
/tablesb/barb00.html,5/4,Barbados 2000
/tablesb/barb01.html,5/5,Barbados 2001
/tablesb/barb02.html,5/5,Barbados 2002
/tablesb/barb03.html,5/5,Barbados 2003
/tablesb/barb04.html,5/4,Barbados 2004
/tablesb/barb05.html,5/5,Barbados 2005
/tablesb/barb06.html,5/5,Barbados 2006
/tablesb/barb07.html,5/5,Barbados 2007
/tablesb/barb08.html,5/5,Barbados 2008
/tablesb/barb09.html,5/5,Barbados 2009
/tablesb/barb1910.html,4/2,Barbados 1910
/tablesb/barb1915.html,5/3,Barbados 1915
/tablesb/barb2010.html,5/5,Barbados 2010
/tablesb/barb2011.html,5/5,Barbados 2011
/tablesb/barb2012.html,5/5,Barbados 2012
/tablesb/barb2013.html,5/4,Barbados 2013
/tablesb/barb2014.html,5/5,Barbados 2014
/tablesb/barb2015.html,5/5,Barbados 2015
/tablesb/barb2016.html,5/5,Barbados 2016
/tablesb/barb2017.html,5/5,Barbados 2017
/tablesb/barb2018.html,5/5,Barbados 2018
/tablesb/barb2019.html,5/5,Barbados 2018/19
/tablesb/barb2020.html,5/4,Barbados 2020
/tablesb/barb2022.html,5/3,Barbados 2022
/tablesb/barb2023.html,5/5,Barbados 2023
/tablesb/barb2024.html,5/5,Barbados 2024
/tablesb/barb2025.html,5/5,Barbados 2025
/tablesb/barb2026.html,4/6,Barbados 2026
/tablesb/barb34.html,5/3,Barbados 1934
/tablesb/barb38.html,5/3,Barbados 1937/38
/tablesb/barb40.html,5/4,Barbados 1939/40
/tablesb/barb48.html,5/4,Barbados 1947/48
/tablesb/barb49.html,5/4,Barbados 1949
/tablesb/barb50.html,5/5,Barbados 1950
/tablesb/barb51.html,5/6,Barbados 1951
/tablesb/barb52.html,5/5,Barbados 1952
/tablesb/barb59.html,5/4,Barbados 1959
/tablesb/barb60.html,5/3,Barbados 1960
/tablesb/barb61.html,5/5,Barbados 1961
/tablesb/barb62.html,5/5,Barbados 1962
/tablesb/barb63.html,5/5,Barbados 1963
/tablesb/barb64.html,5/5,Barbados 1964
/tablesb/barb65.html,5/5,Barbados 1965
/tablesb/barb66.html,5/5,Barbados 1966
/tablesb/barb67.html,5/5,Barbados 1967
/tablesb/barb68.html,5/5,Barbados 1968
/tablesb/barb69.html,5/5,Barbados 1969
/tablesb/barb70.html,5/5,Barbados 1970
/tablesb/barb97.html,5/5,Barbados 1997
/tablesb/barb98.html,5/5,Barbados 1998
/tablesb/barb99.html,5/5,Barbados 1999
/tablesb/barbchamp.html,49/54,Barbados - List of Champions
/tablesb/barbcuphist.html,44/56,Barbados - List of Cup Winners
/tablesb/barbfound.html,1/2,Barbados - List of Foundation Dates
/tablesb/barblowchamp.html,18/2,Barbados - List of Lower Division Champions
/tablesb/barca-argtrip64.html,2/3,FC Barcelona Trip to Argentina 1964
/tablesb/barca-international.html,1/2,FC Barcelona - Complete International Record
/tablesb/barca-mextour37.html,1/2,Mexican Trip of FC Barcelona (Spain) 1937
/tablesb/barca-mextour63.html,1/2,Mexican Trip of FC Barcelona (Spain) 1963
/tablesb/barca-mextour64.html,1/2,Mexican Trip of FC Barcelona (Spain) 1964
/tablesb/barca-trip28.html,2/4,South American Trip of FC Barcelona 1928
/tablesb/barca100-99.html,2/3,Centenary of FC Barcelona 1999
/tablesb/barca50-49.html,2/3,Trofeig Noces d'Or del FC Barcelona 1949
/tablesb/barcamadrid.html,1/2,FC Barcelona vs Real Madrid CF since 1902
/tablesb/barcelona-satrip63.html,2/2,FC Barcelona Trip to Río de la Plata 1963
/tablesb/barcemelec.html,1/2,Barcelona vs. Emelec
/tablesb/baretti.html,4/6,Memorial Pier Cesare Baretti
/tablesb/barilla86.html,1/2,Trofeo Barilla 1986
/tablesb/barmysea62.html,1/2,British Army representative team tour of South East Asia 1962
/tablesb/barracas-braz17.html,1/3,Sportivo Barracas Trip to Brazil 1917
/tablesb/barracas-zeur29.html,1/5,Sportivo Barracas Trip to Brazil and Europe 1929
/tablesb/barranquilla-u23-68.html,1/2,Triangular de Barranquilla 1968 (U-23)
/tablesb/barthallinord-wom2014.html,1/1,Coupe de l'Alliance des Îles du Nord (Women) 2014
/tablesb/basel-indoor.html,1/2,Indoor Tournament in Basel
/tablesb/basel1903.html,1/2,Internationales Turnier Basel 1903
/tablesb/basel20.html,1/2,Sommerturnier Basel 1920
/tablesb/basel51.html,1/2,Stadium Inauguration of FC Basel - 1951
/tablesb/basel89.html,1/2,Basel Tournament 1989
/tablesb/baselticino58.html,1/2,Freundschaftcup Basel - Tessin 1958 (Switzerland)
/tablesb/bask-intres.html,8/7,Basque Country (Euskadi) Autonomous Team Matches
/tablesb/bask-mextour37.html,3/4,Mexican Trip of Basque Selection 1937/38
/tablesb/bask-mextour38.html,4/4,Mexican Trip of Basque Selection 1938
/tablesb/bask-txapelketa.html,1/2,Spain - Basque Country - Euskal Herriko Futbol Txapelketa
/tablesb/bask-womcuphist.html,1/2,Spain - Basque Country - List of Copa Euskal Herria de Fútbol Femenino Winners
/tablesb/basra2013.html,1/2,Basra International Stadium Inauguration 2013
/tablesb/bassano03.html,1/1,Triangolare di Bassano del Grappa 2003 (Italy)
/tablesb/bavaria-oostafr65.html,1/2,Bavaria Amateur XI tour of East Africa 1965
/tablesb/bavaria-trip82.html,1/2,Bavarian All-Stars tour of South East Asia 1982
/tablesb/bayern-pfingst50.html,1/2,Pfingstturnier in Bayern 1950
/tablesb/bayern-trip66.html,1/3,South American Trip of FC Bayern München 1966
/tablesb/bblanca-cent28.html,1/3,Copa Centenario de Bahía Blanca 1928
/tablesb/bceltic-usa49.html,2/2,Belfast Celtic's Tour of the USA 1949
/tablesb/beachamericas.html,1/2,Beach Soccer - Copa America / Torneio das Americas
/tablesb/beachepbsc.html,1/2,Euro Pro Beach Soccer Cup
/tablesb/beachepbsl.html,1/2,European Pro Beach Soccer League (EPBSL)
/tablesb/beachlatina.html,1/2,Beach Soccer - Copa Latina
/tablesb/beachmercosur.html,1/2,Beach Soccer - Copa Mercosur
/tablesb/beachmundialito.html,1/2,Mundialito de Futebol de Praia
/tablesb/beachpbst.html,1/2,Pro Beach Soccer Tour (PBST)
/tablesb/beachsanluis2014.html,1/1,BSWW Tour Copa San Luis 2014
/tablesb/beachwk.html,20/22,Beach Soccer World Cup - Overview
/tablesb/beachwk00.html,4/3,Beach Soccer World Cup 2000
/tablesb/beachwk01.html,4/3,Beach Soccer World Cup 2001
/tablesb/beachwk02.html,4/3,Beach Soccer World Cup 2002
/tablesb/beachwk03.html,4/3,Beach Soccer World Cup 2003
/tablesb/beachwk04.html,4/4,Beach Soccer World Cup 2004
/tablesb/beachwk95.html,3/2,Beach Soccer World Cup 1995
/tablesb/beachwk96.html,4/3,Beach Soccer World Cup 1996
/tablesb/beachwk97.html,4/3,Beach Soccer World Cup 1997
/tablesb/beachwk98.html,4/3,Beach Soccer World Cup 1998
/tablesb/beachwk99.html,4/3,Beach Soccer World Cup 1999
/tablesb/beccarvarela-braztrip37.html,1/3,Brazilian trip of Beccar Varela Combined 1937
/tablesb/beerschot05-21.html,1/2,Easter Tournaments Beerschot 1905-1921
/tablesb/beerschot20.html,1/2,Tournoi du Beerschot AC 1920
/tablesb/beijing-friend.html,3/7,Beijing International Friendship Tournaments 1977-1982
/tablesb/beijing-tourn59.html,1/2,Three Nations Tournament (Beijing) 1959
/tablesb/beijing-youth86.html,1/2,Beijing Youth Tournament 1986
/tablesb/beijingmarse2012.html,1/1,China Cup 2012 – Beijing
/tablesb/beira50-57.html,1/2,City of Beira's 50th Anniversary 1957
/tablesb/beiramar-veneztrip76.html,1/2,Beira-Mar Trip to Venezuela 1976
/tablesb/beirario25-94.html,1/2,Torneio Internacional 25 anos do Estádio Beira-Rio 1994
/tablesb/belenenses85-04.html,1/1,"CF ""os Belenenses"" 85th Aniversary 2004"
/tablesb/belengres.html,9/3,Poirot's Puzzle: Belgium-England matches
/tablesb/belfrares.html,6/7,"""Le match sympathique"""
/tablesb/belg-4nat-u16.html,1/3,U-16/U-17 Belgium Tournament
/tablesb/belg-ec.html,1/2,Belgian Clubs in European Cups
/tablesb/belg-ec-wom.html,1/2,Belgian Women's Clubs in European Cups
/tablesb/belg-efc.html,1/2,Belgian Futsal Clubs in European Cups
/tablesb/belg-eindrondehist.html,1/2,Belgium - Eindronde History
/tablesb/belg-ewc.html,1/2,Belgian Women's Clubs in European Cups
/tablesb/belg-intres.html,6/7,Belgium - List of International Matches
/tablesb/belg-names.html,1/2,Belgium - Name Changes
/tablesb/belg-wktrip30.html,2/3,World Cup Trip of Belgium 1930
/tablesb/belg-wom00.html,5/4,Belgium (Women) 1999/00
/tablesb/belg-wom02.html,5/4,Belgium (Women) 2001/02
/tablesb/belg-wom03.html,5/5,Belgium (Women) 2002/03
/tablesb/belg-wom04.html,5/5,Belgium (Women) 2003/04
/tablesb/belg-wom05.html,5/5,Belgium (Women) 2004/05
/tablesb/belg-wom06.html,5/5,Belgium (Women) 2005/06
/tablesb/belg-wom07.html,5/5,Belgium (Women) 2006/07
/tablesb/belg-wom08.html,5/5,Belgium (Women) 2007/08
/tablesb/belg-wom09.html,5/5,Belgium (Women) 2008/09
/tablesb/belg-wom2010.html,5/5,Belgium (Women) 2009/10
/tablesb/belg-wom2011.html,5/5,Belgium (Women) 2010/11
/tablesb/belg-wom2012.html,5/5,Belgium (Women) 2011/12
/tablesb/belg-wom2016.html,5/5,Belgium (Women) 2015/16
/tablesb/belg-wom2017.html,5/5,Belgium (Women) 2016/17
/tablesb/belg-wom2018.html,5/5,Belgium (Women) 2017/18
/tablesb/belg-wom2019.html,5/5,Belgium (Women) 2018/19
/tablesb/belg-wom2020.html,5/5,Belgium (Women) 2019/20
/tablesb/belg-wom2021.html,5/4,Belgium (Women) 2020/21
/tablesb/belg-wom2022.html,5/5,Belgium (Women) 2021/22
/tablesb/belg-wom2023.html,5/5,Belgium (Women) 2022/23
/tablesb/belg-wom2024.html,4/5,Belgium (Women) 2023/24
/tablesb/belg-wom23.html,5/1,Belgium (Women) 1922/23
/tablesb/belg-wom24.html,6/5,Belgium (Women) 1923/24
/tablesb/belg-wom25.html,6/5,Belgium (Women) 1924/25
/tablesb/belg-wom26.html,6/5,Belgium (Women) 1925/26
/tablesb/belg-wom27.html,6/5,Belgium (Women) 1926/27
/tablesb/belg-wom28.html,6/5,Belgium (Women) 1927/28
/tablesb/belg-wom99.html,5/2,Belgium (Women) 1998/99
/tablesb/belg-womchamp.html,30/33,Belgium - List of Women Champions
/tablesb/belg-womcuphist.html,22/33,Belgium - List of Women Cup Finals
/tablesb/belg00.html,10/8,Belgium National Levels (First to Fourth) 1999/2000
/tablesb/belg01.html,11/8,Belgium 2000/01
/tablesb/belg02.html,12/8,Belgium 2001/02
/tablesb/belg03.html,12/7,Belgium 2002/03
/tablesb/belg04.html,10/6,Belgium 2003/04
/tablesb/belg05.html,10/5,Belgium 2004/05
/tablesb/belg06.html,10/5,Belgium 2005/06
/tablesb/belg07.html,10/5,Belgium 2006/07
/tablesb/belg08.html,10/5,Belgium 2007/08
/tablesb/belg09.html,10/4,Belgium 2008/09
/tablesb/belg2010.html,10/6,Belgium 2009/10
/tablesb/belg2011.html,10/5,Belgium 2010/11
/tablesb/belg2012.html,10/5,Belgium 2011/12
/tablesb/belg2013.html,10/5,Belgium 2012/13
/tablesb/belg2014.html,10/5,Belgium 2013/14
/tablesb/belg2015.html,10/5,Belgium 2014/15
/tablesb/belg2016.html,10/5,Belgium 2015/16
/tablesb/belg2017.html,10/5,Belgium 2016/17
/tablesb/belg2018.html,10/5,Belgium 2017/18
/tablesb/belg2019.html,10/5,Belgium 2018/19
/tablesb/belg2020.html,10/5,Belgium 2019/20
/tablesb/belg2021.html,10/5,Belgium 2020/21
/tablesb/belg2022.html,10/5,Belgium 2021/22
/tablesb/belg2023.html,10/5,Belgium 2022/23
/tablesb/belg2024.html,10/5,Belgium 2023/24
/tablesb/belg2025.html,10/5,Belgium 2024/25
/tablesb/belg2026.html,9/6,Belgium 2025/26
/tablesb/belg2champ.html,1/2,Belgium - List of Second Level Champions
/tablesb/belg3champ.html,1/3,Belgium - List of Third Level Champions
/tablesb/belg3hist.html,2/92,Belgium - Third Level History 1952-2000
/tablesb/belg4champ.html,1/2,Belgium - Fourth Level Champions
/tablesb/belg93.html,9/5,Belgium 1992/93
/tablesb/belg94.html,9/5,Belgium 1993/94
/tablesb/belg95.html,9/5,Belgium 1994/95
/tablesb/belg96.html,9/5,Belgium 1995/96
/tablesb/belg97.html,9/8,Belgium 1996/97
/tablesb/belg98.html,9/6,Belgium 1997/98
/tablesb/belg99.html,9/7,Belgium 1998/99
/tablesb/belgalltime.html,1/91,Belgium - All-Time Table 1945-1998
/tablesb/belgchamp.html,37/90,Belgium - List of Champions
/tablesb/belgcup00.html,8/2,Belgium Cups 1999/2000
/tablesb/belgcup01.html,8/2,Belgium Cups 2000/01
/tablesb/belgcup02.html,8/2,Belgium Cup 2001/02
/tablesb/belgcup03.html,8/2,Belgium Cup 2002/03
/tablesb/belgcup04.html,8/2,Belgium Cup 2003/04
/tablesb/belgcup05.html,9/2,Belgium Cup 2004/05
/tablesb/belgcup06.html,9/2,Belgium Cup 2005/06
/tablesb/belgcup07.html,9/2,Belgium Cup 2006/07
/tablesb/belgcup08.html,8/2,Belgium Cup 1907/08
/tablesb/belgcup09.html,9/3,Belgium Cup 1908/09
/tablesb/belgcup12.html,9/3,Belgium Cup 1911/12
/tablesb/belgcup13.html,9/3,Belgium Cup 1912/13
/tablesb/belgcup14.html,9/3,Belgium Cup 1913/14
/tablesb/belgcup2008.html,9/2,Belgium Cup 2007/08
/tablesb/belgcup2009.html,9/2,Belgium Cup 2008/09
/tablesb/belgcup27.html,9/3,Belgium Cup 1926/27
/tablesb/belgcup35.html,9/3,Belgium Cup 1934/35
/tablesb/belgcup54.html,9/3,Belgium Cup 1953/54
/tablesb/belgcup55.html,9/3,Belgium Cup 1954/55
/tablesb/belgcup56.html,9/3,Belgium Cup 1955/56
/tablesb/belgcup64.html,9/3,Belgium Cup 1963/64
/tablesb/belgcup65.html,9/3,Belgium Cup 1964/65
/tablesb/belgcup66.html,9/3,Belgium Cup 1965/66
/tablesb/belgcup67.html,9/3,Belgium Cup 1966/67
/tablesb/belgcup68.html,9/3,Belgium Cup 1967/68
/tablesb/belgcup69.html,9/3,Belgium Cup 1968/69
/tablesb/belgcup70.html,9/3,Belgium Cup 1969/70
/tablesb/belgcup71.html,9/3,Belgium Cup 1970/71
/tablesb/belgcup72.html,9/3,Belgium Cup 1971/72
/tablesb/belgcup73.html,9/3,Belgium Cup 1972/73
/tablesb/belgcup74.html,9/3,Belgium Cup 1973/74
/tablesb/belgcup75.html,9/3,Belgium Cup 1974/75
/tablesb/belgcup76.html,9/3,Belgium Cup 1975/76
/tablesb/belgcup77.html,9/3,Belgium Cup 1976/77
/tablesb/belgcup78.html,9/3,Belgium Cup 1977/78
/tablesb/belgcup79.html,9/3,Belgium Cup 1978/79
/tablesb/belgcup80.html,9/3,Belgium Cup 1979/80
/tablesb/belgcup81.html,9/3,Belgium Cup 1980/81
/tablesb/belgcup82.html,9/3,Belgium Cup 1981/82
/tablesb/belgcup83.html,9/3,Belgium Cup 1982/83
/tablesb/belgcup84.html,9/3,Belgium Cup 1983/84
/tablesb/belgcup85.html,9/3,Belgium Cup 1984/85
/tablesb/belgcup86.html,9/3,Belgium Cup 1985/86
/tablesb/belgcup87.html,9/3,Belgium Cup 1986/87
/tablesb/belgcup88.html,9/3,Belgium Cup 1987/88
/tablesb/belgcup89.html,9/3,Belgium Cup 1988/89
/tablesb/belgcup90.html,9/3,Belgium Cup 1989/90
/tablesb/belgcup91.html,9/3,Belgium Cup 1990/91
/tablesb/belgcup92.html,9/3,Belgium Cup 1991/92
/tablesb/belgcup98.html,9/2,Belgium Cups 1997/98
/tablesb/belgcup99.html,9/2,Belgium Cups 1998/99
/tablesb/belgcuphist.html,74/93,Belgium - List of Cup Finals
/tablesb/belgfound.html,2/2,Belgium - List of Foundation Dates
/tablesb/belghist.html,1/93,Belgium - Final Tables 1895-2008
/tablesb/belgned-ec.html,1/2,Belgian vs Netherlands in European Cups
/tablesb/belgprov00.html,10/1,Belgium Provincial Levels (Fifth to Eighth) 1999/2000
/tablesb/belgprov01.html,10/3,Belgium Provincial Levels (Fifth to Eighth) 2000/01
/tablesb/belgprov02.html,11/3,Belgium Provincial Levels (Fifth to Eighth) 2001/02
/tablesb/belgprov03.html,11/1,Belgium Provincial Levels (Fifth to Eighth) 2002/03
/tablesb/belgscot-4nat-u18.html,1/3,U-18 Four Nations Tournament
/tablesb/belgsupcuphist.html,1/34,Belgium - List of Super Cup Finals
/tablesb/belgtops.html,1/91,Belgium - List of Topscorers
/tablesb/belgtops-allt.html,1/3,Belgium - All-Time Topscorers
/tablesb/belier95.html,1/3,Tournoi Belier d'Afrique 1995
/tablesb/belize-intres.html,1/2,Belize - List of International Matches
/tablesb/belize-wom01.html,2/1,Belize Women 2000/01
/tablesb/belize-wom03.html,3/2,Belize (Women) 2002/03
/tablesb/belize-wom04.html,3/2,Belize (Women) 2003/04
/tablesb/belize-wom05.html,3/2,Belize (Women) 2005
/tablesb/belize-wom07.html,3/2,Belize (Women) 2006/07
/tablesb/belize-wom08.html,3/3,Belize (Women) 2008
/tablesb/belize-wom09.html,3/2,Belize (Women) 2009
/tablesb/belize-wom2010.html,3/2,Belize (Women) 2010
/tablesb/belize-wom2011.html,3/2,Belize (Women) 2011
/tablesb/belize-wom2012.html,3/2,Belize (Women) 2012
/tablesb/belize-wom2013.html,3/2,Belize (Women) 2013
/tablesb/belize-wom2014.html,3/2,Belize (Women) 2014
/tablesb/belize-wom2015.html,3/2,Belize (Women) 2015
/tablesb/belize-wom2017.html,3/2,Belize (Women) 2017
/tablesb/belize-wom2018.html,3/2,Belize (Women) 2018
/tablesb/belize-wom2019.html,3/2,Belize (Women) 2018/19
/tablesb/belize-wom2020.html,3/2,Belize (Women) 2019/20
/tablesb/belize-wom2022.html,3/2,Belize (Women) 2021/22
/tablesb/belize-wom2024.html,3/2,Belize (Women) 2023/24
/tablesb/belize-wom2025.html,2/2,Belize (Women) 2025
/tablesb/belize00.html,4/4,Belize 1999/2000
/tablesb/belize01.html,4/4,Belize 2000/01
/tablesb/belize02.html,4/4,Belize 2001/02
/tablesb/belize03.html,4/4,Belize 2002/03
/tablesb/belize04.html,5/4,Belize 2003/04
/tablesb/belize04a.html,5/4,Belize 2004
/tablesb/belize05.html,5/3,Belize 2005
/tablesb/belize06.html,6/3,Belize 2005/06
/tablesb/belize06a.html,6/4,Belize 2006
/tablesb/belize07.html,6/3,Belize 2006/07
/tablesb/belize07a.html,6/4,Belize 2007
/tablesb/belize08.html,6/4,Belize 2007/08
/tablesb/belize09.html,6/4,Belize 2008/09
/tablesb/belize09a.html,6/4,Belize 2009
/tablesb/belize2010.html,6/4,Belize 2010
/tablesb/belize2011.html,6/4,Belize 2011
/tablesb/belize2012.html,6/5,Belize 2012
/tablesb/belize2013.html,6/3,Belize 2013
/tablesb/belize2014.html,6/4,Belize 2013/14
/tablesb/belize2015.html,6/4,Belize 2014/15
/tablesb/belize2016.html,6/4,Belize 2015/16
/tablesb/belize2017.html,6/4,Belize 2016/17
/tablesb/belize2018.html,6/4,Belize 2017/18
/tablesb/belize2019.html,6/4,Belize 2018/19
/tablesb/belize2020.html,6/4,Belize 2019/20
/tablesb/belize2022.html,6/4,Belize 2021/22
/tablesb/belize2023.html,6/4,Belize 2022/23
/tablesb/belize2024.html,6/4,Belize 2023/24
/tablesb/belize2025.html,6/4,Belize 2024/25
/tablesb/belize2026.html,6/4,Belize 2025/26
/tablesb/belize2027.html,5/4,Belize 2026/27
/tablesb/belize21.html,3/2,British Honduras 1920/21
/tablesb/belize60.html,4/2,British Honduras 1959/60
/tablesb/belize61.html,4/2,British Honduras 1960/61
/tablesb/belize62.html,4/2,British Honduras 1961/62
/tablesb/belize63.html,4/3,British Honduras 1962/63
/tablesb/belize65.html,4/3,Belize 1964/65
/tablesb/belize67.html,4/3,British Honduras 1966/67
/tablesb/belize70.html,4/3,British Honduras 1969/70
/tablesb/belize71.html,4/3,British Honduras 1970/71
/tablesb/belize72.html,4/3,British Honduras 1972/73
/tablesb/belize74.html,4/3,Belize 1973/74
/tablesb/belize75.html,4/3,Belize 1974/75
/tablesb/belize76.html,4/3,Belize 1975/76
/tablesb/belize77.html,4/3,Belize 1976/77
/tablesb/belize78.html,4/3,Belize 1977/78
/tablesb/belize80.html,4/3,Belize 1979/80
/tablesb/belize89.html,4/3,Belize 1988/89
/tablesb/belize91.html,4/3,Belize 1991
/tablesb/belize96.html,4/5,Belize 1995/96
/tablesb/belize97.html,4/3,Belize 1996/97
/tablesb/belize98.html,4/4,Belize 1997/98
/tablesb/belize99.html,4/4,Belize 1998/99
/tablesb/belizechamp.html,51/55,Belize - List of Champions
/tablesb/belizeclub.html,1/28,Belize - Club Directory
/tablesb/belizecup07.html,5/1,Belize Cups 2006/07
/tablesb/belizefound.html,1/2,Belize - List of Foundation Dates
/tablesb/belizetops.html,1/30,Belize - List of Topscorers
/tablesb/bellavista-cr72.html,1/2,Costa Rican Trip of Bella Vista 1972
/tablesb/bellavista-mextour31.html,1/2,Mexican trip of CA Bella Vista (URU) 1931
/tablesb/bellinzona.html,1/5,"Torneo Internazionale U-19/U-20 di Bellinzona (Ticino, Switzerland)"
/tablesb/bellinzona76.html,1/2,Tournoi des Néo-promus 1976 (Bellinzona)
/tablesb/belnedres.html,23/14,"The ""Derby der Lage Landen"""
/tablesb/belohorizonte-u20-99.html,1/1,Taça Belo Horizonte 1999
/tablesb/belohorizonte66.html,2/3,Torneio Internacional João Havelange (MG) 1966 (Belo Horizonte)
/tablesb/ben-villamarin60.html,1/2,Trofeo Benito Villamarín 1960
/tablesb/benavente.html,1/2,Trofeo Ciudad de Benavente
/tablesb/bene-wom2013.html,8/8,Belgium/Netherlands (Women) 2012/13
/tablesb/bene-wom2014.html,7/7,Belgium/Netherlands (Women) 2013/14
/tablesb/bene-wom2015.html,8/7,Belgium/Netherlands (Women) 2014/15
/tablesb/benelux.html,4/6,Benelux Friendship Cups
/tablesb/benelux-friendship58.html,3/3,Benelux Friendship Cup 1957/58
/tablesb/benelux-friendship59.html,4/3,Benelux Friendship Cup 1958/59
/tablesb/benelux61.html,3/3,Benelux Cup 1959-61
/tablesb/benfica-tour-nam07.html,1/1,Benfica tour in North-America 2007
/tablesb/benin-intres.html,1/2,Benin (formerly Dahomey) - List of International Matches
/tablesb/benin-wom02.html,4/1,Benin (Women) 2002
/tablesb/benin-wom04.html,5/2,Benin (Women) 2004
/tablesb/benin-wom06.html,5/2,Benin (Women) 2005/06
/tablesb/benin-wom07.html,5/2,Benin (Women) 2006/07
/tablesb/benin-wom09.html,5/2,Benin (Women) 2008/09
/tablesb/benin-wom2011.html,5/2,Benin (Women) 2011
/tablesb/benin-wom2012.html,5/3,Benin (Women) 2012
/tablesb/benin-wom2014.html,5/2,Benin (Women) 2013/14
/tablesb/benin-wom2015.html,5/2,Benin (Women) 2014/15
/tablesb/benin-wom2016.html,5/2,Benin (Women) 2015/16
/tablesb/benin-wom2018.html,5/2,Benin (Women) 2017/18
/tablesb/benin-wom2019.html,5/2,Benin (Women) 2019
/tablesb/benin-wom2020.html,5/2,Benin (Women) 2020
/tablesb/benin-wom2021.html,5/3,Benin (Women) 2021
/tablesb/benin-wom2022.html,5/3,Benin (Women) 2021/22
/tablesb/benin-wom2023.html,5/3,Benin (Women) 2022/23
/tablesb/benin-wom2024.html,4/2,Benin (Women) 2023/24
/tablesb/benin00.html,5/5,Benin 2000
/tablesb/benin01.html,5/4,Benin 2000/01
/tablesb/benin02.html,5/7,Benin 2001/02
/tablesb/benin03.html,5/5,Benin 2003
/tablesb/benin04.html,5/6,Benin 2004
/tablesb/benin05.html,5/4,Benin 2005/06
/tablesb/benin07.html,5/4,Benin 2007
/tablesb/benin08.html,5/5,Benin 2008/09
/tablesb/benin2010.html,5/4,Benin 2009/10
/tablesb/benin2011.html,5/4,Benin 2010/11
/tablesb/benin2012.html,5/4,Benin 2011/12
/tablesb/benin2013.html,5/4,Benin 2012/13
/tablesb/benin2014.html,5/5,Benin 2013/14
/tablesb/benin2015.html,5/3,Benin 2014/15
/tablesb/benin2016.html,5/4,Benin 2016
/tablesb/benin2017.html,5/4,Benin 2017
/tablesb/benin2019.html,5/6,Benin 2018/19
/tablesb/benin2020.html,5/5,Benin 2019/20
/tablesb/benin2021.html,5/4,Benin 2021
/tablesb/benin2022.html,5/4,Benin 2021/22
/tablesb/benin2023.html,5/4,Benin 2022/23
/tablesb/benin2024.html,5/4,Benin 2023/24
/tablesb/benin2025.html,5/4,Benin 2024/25
/tablesb/benin2026.html,4/4,Benin 2025/26
/tablesb/benin2champ.html,1/2,Benin - List of Second Level Champions
/tablesb/benin82.html,5/3,Benin 1982
/tablesb/benin96.html,5/3,Benin 1996
/tablesb/benin97.html,5/4,Benin 1997
/tablesb/benin98.html,5/3,Benin 1998
/tablesb/benin99.html,5/4,Benin 1999
/tablesb/beninchamp.html,33/51,Benin - List of Champions
/tablesb/benincuphist.html,17/52,Benin - List of Cup Winners
/tablesb/beninfound.html,1/2,Benin - List of Foundation Dates
/tablesb/bensemann-juniors.html,1/3,Trophée Walter Bensemann - Juniors
/tablesb/beograd80.html,1/2,Beograd Tournament 1980
/tablesb/bercy-indoor.html,1/2,Tournoi Indoor de Paris-Bercy
/tablesb/berlin-oster34.html,2/3,Osterturnier in Berlin 1934
/tablesb/berlin-oster39.html,2/3,Osterturnier in Berlin 1939
/tablesb/berlin28.html,1/2,Sommerturnier in Berlin 1928
/tablesb/berlinoster60.html,1/2,Osterturnier 1960 (Ost-Berlin)
/tablesb/berlinviktoria14.html,1/2,Jubileum Berliner TuFC Viktoria Berlin 1914
/tablesb/berm-intres.html,1/2,Bermuda - List of International Matches
/tablesb/berm-phil55.html,1/2,Bermuda Football League Tour to Philadelphia 1955
/tablesb/berm-u16-02.html,1/2,U-16 Tournament in Bermuda 2002
/tablesb/berm-wom00.html,5/3,Bermuda Women 1999/2000
/tablesb/berm-wom01.html,5/3,Bermuda Women 2000/01
/tablesb/berm-wom02.html,5/4,Bermuda Women 2001/02
/tablesb/berm-wom03.html,5/4,Bermuda Women 2002/03
/tablesb/berm-wom04.html,5/4,Bermuda Women 2003/04
/tablesb/berm-wom05.html,5/4,Bermuda Women 2004/05
/tablesb/berm-wom06.html,5/4,Bermuda Women 2005/06
/tablesb/berm-wom07.html,5/4,Bermuda Women 2006/07
/tablesb/berm-wom08.html,5/5,Bermuda Women 2007/08
/tablesb/berm-wom09.html,5/5,Bermuda Women 2008/09
/tablesb/berm-wom2010.html,5/4,Bermuda Women 2009/10
/tablesb/berm-wom2011.html,5/5,Bermuda Women 2010/11
/tablesb/berm-wom2012.html,5/3,Bermuda Women 2012
/tablesb/berm-wom2016.html,5/3,Bermuda Women 2016
/tablesb/berm-wom2018.html,5/3,Bermuda Women 2018
/tablesb/berm-wom2022.html,5/4,Bermuda Women 2022
/tablesb/berm-wom2023.html,5/3,Bermuda Women 2023
/tablesb/berm-wom2024.html,5/4,Bermuda Women 2024
/tablesb/berm-wom2025.html,4/3,Bermuda Women 2025
/tablesb/berm-wom36.html,4/1,Bermuda Women 1936
/tablesb/berm-wom64.html,5/2,Bermuda Women 1964
/tablesb/berm-wom90.html,5/3,Bermuda Women 1989/90
/tablesb/berm-wom99.html,5/3,Bermuda Women 1998/99
/tablesb/berm-womchamp.html,20/25,Bermuda - List of Women Champions
/tablesb/berm-womcuphist.html,13/24,Bermuda - List of Women Cup Winners
/tablesb/berm00.html,5/5,Bermuda 1999/2000
/tablesb/berm01.html,5/4,Bermuda 2000/01
/tablesb/berm02.html,5/5,Bermuda 2001/02
/tablesb/berm03.html,5/5,Bermuda 2002/03
/tablesb/berm04.html,5/5,Bermuda 2003/04
/tablesb/berm05.html,5/4,Bermuda 2004/05
/tablesb/berm06.html,5/5,Bermuda 2005/06
/tablesb/berm07.html,5/5,Bermuda 2006/07
/tablesb/berm08.html,5/5,Bermuda 2007/08
/tablesb/berm09.html,5/5,Bermuda 2008/09
/tablesb/berm2010.html,5/5,Bermuda 2009/10
/tablesb/berm2011.html,5/5,Bermuda 2010/11
/tablesb/berm2012.html,5/5,Bermuda 2011/12
/tablesb/berm2013.html,5/5,Bermuda 2012/13
/tablesb/berm2014.html,5/5,Bermuda 2013/14
/tablesb/berm2015.html,5/5,Bermuda 2014/15
/tablesb/berm2016.html,5/5,Bermuda 2015/16
/tablesb/berm2017.html,5/5,Bermuda 2016/17
/tablesb/berm2018.html,5/5,Bermuda 2017/18
/tablesb/berm2019.html,5/5,Bermuda 2018/19
/tablesb/berm2020.html,5/5,Bermuda 2019/20
/tablesb/berm2021.html,5/5,Bermuda 2020/21
/tablesb/berm2022.html,5/5,Bermuda 2021/22
/tablesb/berm2023.html,5/5,Bermuda 2022/23
/tablesb/berm2024.html,5/5,Bermuda 2023/24
/tablesb/berm2025.html,5/5,Bermuda 2024/25
/tablesb/berm2026.html,4/6,Bermuda 2025/26
/tablesb/berm28.html,5/4,Bermuda 1927/28
/tablesb/berm29.html,5/4,Bermuda 1928/29
/tablesb/berm30.html,5/4,Bermuda 1929/30
/tablesb/berm31.html,5/4,Bermuda 1930/31
/tablesb/berm32.html,5/4,Bermuda 1931/32
/tablesb/berm33.html,5/4,Bermuda 1932/33
/tablesb/berm34.html,5/4,Bermuda 1933/34
/tablesb/berm36.html,5/6,Bermuda 1935/36
/tablesb/berm37.html,5/4,Bermuda 1936/37
/tablesb/berm38.html,5/4,Bermuda 1937/38
/tablesb/berm39.html,5/4,Bermuda 1938/39
/tablesb/berm40.html,6/4,Bermuda 1939/40
/tablesb/berm41.html,5/6,Bermuda 1940/41
/tablesb/berm42.html,5/4,Bermuda 1941/42
/tablesb/berm43.html,5/4,Bermuda 1943/44
/tablesb/berm43a.html,5/4,Bermuda 1942/43
/tablesb/berm45.html,5/4,Bermuda 1944/45
/tablesb/berm46.html,5/4,Bermuda 1945/46
/tablesb/berm47.html,5/4,Bermuda 1946/47
/tablesb/berm48.html,5/4,Bermuda 1947/48
/tablesb/berm49.html,5/4,Bermuda 1948/49
/tablesb/berm50.html,5/4,Bermuda 1949/50
/tablesb/berm51.html,5/4,Bermuda 1950/51
/tablesb/berm52.html,5/4,Bermuda 1951/52
/tablesb/berm53.html,5/4,Bermuda 1952/53
/tablesb/berm54.html,5/4,Bermuda 1953/54
/tablesb/berm55.html,5/6,Bermuda 1954/55
/tablesb/berm57.html,5/4,Bermuda 1956/57
/tablesb/berm58.html,5/4,Bermuda 1957/58
/tablesb/berm59.html,5/4,Bermuda 1958/59
/tablesb/berm60.html,5/4,Bermuda 1959/60
/tablesb/berm61.html,5/4,Bermuda 1960/61
/tablesb/berm62.html,5/4,Bermuda 1961/62
/tablesb/berm63.html,5/4,Bermuda 1962/63
/tablesb/berm64.html,5/4,Bermuda 1963/64
/tablesb/berm65.html,5/4,Bermuda 1964/65
/tablesb/berm66.html,5/4,Bermuda 1965/66
/tablesb/berm67.html,5/4,Bermuda 1966/67
/tablesb/berm68.html,5/3,Bermuda 1967/68
/tablesb/berm69.html,5/3,Bermuda 1968/69
/tablesb/berm70.html,5/3,Bermuda 1969/70
/tablesb/berm71.html,5/4,Bermuda 1970/71
/tablesb/berm73.html,5/4,Bermuda 1972/73
/tablesb/berm74.html,5/4,Bermuda 1973/74
/tablesb/berm75.html,5/4,Bermuda 1974/75
/tablesb/berm77.html,5/5,Bermuda 1976/77
/tablesb/berm78.html,5/2,Bermuda 1977/78
/tablesb/berm93.html,5/3,Bermuda 1992/93
/tablesb/berm94.html,5/3,Bermuda 1993/94
/tablesb/berm96.html,5/5,Bermuda 1995/96
/tablesb/berm97.html,5/6,Bermuda 1996/97
/tablesb/berm98.html,5/5,Bermuda 1997/98
/tablesb/berm99.html,5/5,Bermuda 1998/99
/tablesb/bermchamp.html,79/99,Bermuda - List of Champions
/tablesb/bermcup14.html,4/2,Bermuda 1913/14
/tablesb/bermcup15.html,5/3,Bermuda 1914/15
/tablesb/bermcup16.html,5/3,Bermuda 1915/16
/tablesb/bermcup17.html,5/3,Bermuda 1916/17
/tablesb/bermcup18.html,5/3,Bermuda 1917/18
/tablesb/bermcup19.html,5/3,Bermuda 1918/19
/tablesb/bermcup20.html,5/3,Bermuda 1919/20
/tablesb/bermcup21.html,5/3,Bermuda 1920/21
/tablesb/bermcup22.html,5/3,Bermuda 1921/22
/tablesb/bermcup23.html,5/3,Bermuda 1922/23
/tablesb/bermcup24.html,5/3,Bermuda 1923/24
/tablesb/bermcup25.html,5/3,Bermuda 1924/25
/tablesb/bermcup26.html,5/3,Bermuda 1925/26
/tablesb/bermcup27.html,5/3,Bermuda 1926/27
/tablesb/bermcup35.html,5/4,Bermuda 1934/35
/tablesb/bermcup56.html,6/5,Bermuda 1955/56
/tablesb/bermcuphist.html,96/101,Bermuda - List of Cup Winners
/tablesb/bermfound.html,1/2,Bermuda - List of Foundation Dates
/tablesb/bermlowchamp.html,1/2,Bermuda - List of Lower Level Champions
/tablesb/bern-sup-u18.html,1/2,U-18 Supercup Tournament (Switzerland)
/tablesb/bern-wankdorf54.html,2/3,Stadium Inauguration BSC Young Boys (Bern) 1954
/tablesb/bernabeu.html,1/9,Trofeo Santiago Bernabéu (Real Madrid C.F.)
/tablesb/bernabeujuv.html,1/2,Trofeo Internacional Juvenil Santiago Bernabéu (Madrid)
/tablesb/bernsuisse05.html,2/2,Inauguration of Stadium in Bern 2005 (Switzerland)
/tablesb/besiktas-usatrip50.html,1/3,US American trip of Beşiktaş 1950
/tablesb/betanzos.html,1/2,Trofeo San Roque de Betanzos
/tablesb/bethsteel-in-eur1919.html,1/2,Scandinavian Trip of Bethlehem Steel FC 1919
/tablesb/beziers67.html,1/2,Coupe de l'AS Biterroise 1967 (France)
/tablesb/bf-wom-tourn.html,2/2,Women's Club Tournament in Ouagadougou (Burkina Faso)
/tablesb/bfa-friend89.html,3/4,Barbados Football Association Friendship Trophy 1989
/tablesb/bfa-friend90.html,3/4,Barbados Football Association Friendship Trophy 1990
/tablesb/bg-mvv47.html,2/2,M.V.V. (Paramaribo) tour of British Guiana 1947
/tablesb/bg-surinam56.html,2/2,Surinam (S.V.B.) tour of British Guiana 1956
/tablesb/bh-u20-00.html,2/2,Brazil - Taça Belo Horizonte de Juniores (U-20) 2000
/tablesb/bh-u20champ.html,2/2,Brazil - Taça Belo Horizonte de Juniores (U-20) - Finalists
/tablesb/bhc.html,6/7,British Home Championship Overview
/tablesb/bhc1884-99.html,6/6,British Home Championship 1884-1899
/tablesb/bhc1900-14.html,6/5,British Home Championship 1900-1914
/tablesb/bhc1920-39.html,6/5,British Home Championship 1920-1939
/tablesb/bhc1947-66.html,8/5,British Home Championship 1947-1966
/tablesb/bhc1967-84.html,7/5,British Home Championship 1967-1984
/tablesb/bhutan-intres.html,1/2,Bhutan - List of International Matches
/tablesb/bhutan-wom04.html,2/1,Bhutan (Women) 2004
/tablesb/bhutan-wom06.html,3/2,Bhutan (Women) 2006
/tablesb/bhutan-wom07.html,3/2,Bhutan (Women) 2007
/tablesb/bhutan-wom09.html,3/2,Bhutan (Women) 2009/10
/tablesb/bhutan-wom2011.html,3/2,Bhutan (Women) 2010/11
/tablesb/bhutan-wom2016.html,3/3,Bhutan (Women) 2016
/tablesb/bhutan-wom2017.html,3/2,Bhutan (Women) 2017
/tablesb/bhutan-wom2018.html,3/3,Bhutan (Women) 2018
/tablesb/bhutan-wom2019.html,3/3,Bhutan (Women) 2019
/tablesb/bhutan-wom2020.html,3/3,Bhutan (Women) 2019/20
/tablesb/bhutan-wom2021.html,3/2,Bhutan (Women) 2020/21
/tablesb/bhutan-wom2022.html,2/2,Bhutan (Women) 2021
/tablesb/bhutan00.html,4/3,Bhutan 2000
/tablesb/bhutan01.html,4/3,Bhutan 2001
/tablesb/bhutan02.html,4/4,Bhutan 2002
/tablesb/bhutan03.html,4/3,Bhutan 2003
/tablesb/bhutan04.html,4/3,Bhutan 2004
/tablesb/bhutan05.html,4/3,Bhutan 2005
/tablesb/bhutan06.html,4/3,Bhutan 2006
/tablesb/bhutan07.html,4/3,Bhutan 2007
/tablesb/bhutan08.html,4/3,Bhutan 2008
/tablesb/bhutan09.html,4/4,Bhutan 2009
/tablesb/bhutan2010.html,4/4,Bhutan 2010
/tablesb/bhutan2011.html,4/3,Bhutan 2011
/tablesb/bhutan2012.html,4/4,Bhutan 2012
/tablesb/bhutan2013.html,4/4,Bhutan 2013
/tablesb/bhutan2014.html,4/4,Bhutan 2014
/tablesb/bhutan2015.html,4/4,Bhutan 2015
/tablesb/bhutan2016.html,4/4,Bhutan 2016
/tablesb/bhutan2017.html,4/4,Bhutan 2017
/tablesb/bhutan2018.html,4/4,Bhutan 2018
/tablesb/bhutan2019.html,4/4,Bhutan 2019
/tablesb/bhutan2020.html,4/4,Bhutan 2020
/tablesb/bhutan2021.html,4/4,Bhutan 2021
/tablesb/bhutan2022.html,4/5,Bhutan 2022
/tablesb/bhutan2023.html,4/4,Bhutan 2023
/tablesb/bhutan2024.html,4/4,Bhutan 2024
/tablesb/bhutan2025.html,4/4,Bhutan 2025
/tablesb/bhutan2026.html,3/4,Bhutan 2026
/tablesb/bhutan86.html,4/4,Bhutan 1986
/tablesb/bhutan96.html,4/3,Bhutan 1996
/tablesb/bhutanchamp.html,30/31,Bhutan - List of Champions
/tablesb/bhutanfound.html,1/2,Bhutan - List of Foundation Dates Clubs
/tablesb/bhutanking04.html,1/1,Bhutan King's Cup 2004
/tablesb/biel100-96.html,2/3,Centenary of FC Biel-Bienne 1996
/tablesb/biel70.html,1/2,Biel Tournament 1970 (Switzerland)
/tablesb/biel75-71.html,2/3,75th Anniversary of FC Biel-Bienne 1971
/tablesb/bielsko-80-02.html,1/1,80 Years BKS Bielsko Biala 2002
/tablesb/bih-wom02.html,4/2,Bosnia-Hercegovina (Women) 2001/02
/tablesb/bih-wom06.html,5/4,Bosnia-Hercegovina (Women) 2005/06
/tablesb/bih-wom07.html,5/4,Bosnia-Hercegovina (Women) 2006/07
/tablesb/bih-wom08.html,5/4,Bosnia-Hercegovina (Women) 2007/08
/tablesb/bih-wom09.html,5/4,Bosnia-Hercegovina (Women) 2008/09
/tablesb/bih-wom2010.html,5/4,Bosnia-Hercegovina (Women) 2009/10
/tablesb/bih-wom2011.html,5/3,Bosnia-Hercegovina (Women) 2010/11
/tablesb/bih-wom2012.html,5/3,Bosnia-Hercegovina (Women) 2011/12
/tablesb/bih-wom2013.html,5/4,Bosnia-Hercegovina (Women) 2012/13
/tablesb/bih-wom2014.html,5/4,Bosnia-Hercegovina (Women) 2013/14
/tablesb/bih-wom2015.html,5/5,Bosnia-Hercegovina (Women) 2014/15
/tablesb/bih-wom2016.html,5/5,Bosnia-Hercegovina (Women) 2015/16
/tablesb/bih-wom2017.html,5/5,Bosnia-Hercegovina (Women) 2016/17
/tablesb/bih-wom2018.html,5/5,Bosnia-Hercegovina (Women) 2017/18
/tablesb/bih-wom2019.html,5/5,Bosnia-Hercegovina (Women) 2018/19
/tablesb/bih-wom2020.html,5/5,Bosnia-Hercegovina (Women) 2019/20
/tablesb/bih-wom2021.html,5/4,Bosnia-Hercegovina (Women) 2020/21
/tablesb/bih-wom2022.html,5/5,Bosnia-Hercegovina (Women) 2021/22
/tablesb/bih-wom2023.html,5/6,Bosnia-Hercegovina (Women) 2022/23
/tablesb/bih-wom2024.html,4/3,Bosnia-Hercegovina (Women) 2023/24
/tablesb/bih-womchamp.html,21/22,Bosnia-Hercegovina (Women) List of Champions
/tablesb/bih-womcup05.html,5/3,Bosnia-Hercegovina (Women) 2004/05
/tablesb/bih-womcuphist.html,15/23,Bosnia-Hercegovina (Women) List of Cup Winners
/tablesb/bih00.html,5/6,Bosnia-Hercegovina 1999/2000
/tablesb/bih01.html,5/5,Bosnia-Hercegovina 2000/01
/tablesb/bih02.html,5/5,Bosnia-Hercegovina 2001/02
/tablesb/bih03.html,5/5,Bosnia-Hercegovina 2002/03
/tablesb/bih04.html,5/5,Bosnia-Hercegovina 2003/04
/tablesb/bih05.html,5/5,Bosnia-Hercegovina 2004/05
/tablesb/bih06.html,5/5,Bosnia-Hercegovina 2005/06
/tablesb/bih07.html,5/5,Bosnia-Hercegovina 2006/07
/tablesb/bih08.html,5/5,Bosnia-Hercegovina 2007/08
/tablesb/bih09.html,5/4,Bosnia-Hercegovina 2008/09
/tablesb/bih2010.html,5/6,Bosnia-Hercegovina 2009/10
/tablesb/bih2011.html,5/5,Bosnia-Hercegovina 2010/11
/tablesb/bih2012.html,5/5,Bosnia-Hercegovina 2011/12
/tablesb/bih2013.html,5/5,Bosnia-Hercegovina 2012/13
/tablesb/bih2014.html,5/5,Bosnia-Hercegovina 2013/14
/tablesb/bih2015.html,5/5,Bosnia-Hercegovina 2014/15
/tablesb/bih2016.html,5/5,Bosnia-Hercegovina 2015/16
/tablesb/bih2017.html,5/5,Bosnia-Hercegovina 2016/17
/tablesb/bih2018.html,5/5,Bosnia-Hercegovina 2017/18
/tablesb/bih2019.html,5/5,Bosnia-Hercegovina 2018/19
/tablesb/bih2020.html,5/5,Bosnia-Hercegovina 2019/20
/tablesb/bih2021.html,5/5,Bosnia-Hercegovina 2020/21
/tablesb/bih2022.html,5/5,Bosnia-Hercegovina 2021/22
/tablesb/bih2023.html,5/5,Bosnia-Hercegovina 2022/23
/tablesb/bih2024.html,5/5,Bosnia-Hercegovina 2023/24
/tablesb/bih2025.html,5/5,Bosnia-Hercegovina 2024/25
/tablesb/bih2026.html,4/6,Bosnia-Hercegovina 2025/26
/tablesb/bih95.html,4/4,Bosnia-Hercegovina 1994/95
/tablesb/bih96.html,5/5,Bosnia-Hercegovina 1995/96
/tablesb/bih97.html,5/7,Bosnia-Hercegovina 1996/97
/tablesb/bih98.html,5/6,Bosnia-Hercegovina 1997/98
/tablesb/bih99.html,5/6,Bosnia-Hercegovina 1998/99
/tablesb/bihalltime.html,1/2,Bosnia-Herzegovina - All-Time Table
/tablesb/bihchamp.html,34/47,Bosnia-Herzegovina - List of Champions
/tablesb/bihcup00.html,4/2,Bosnia-Hercegovina Cup 1999/00
/tablesb/bihcup01.html,4/2,Bosnia-Hercegovina Cup 2000/01
/tablesb/bihcup02.html,4/2,Bosnia-Hercegovina Cup 2001/02
/tablesb/bihcup03.html,4/2,Bosnia-Hercegovina Cup 2002/03
/tablesb/bihcup04.html,4/2,Bosnia-Hercegovina Cup 2003/04
/tablesb/bihcup05.html,4/2,Bosnia-Hercegovina Cup 2004/05
/tablesb/bihcup06.html,4/2,Bosnia-Hercegovina Cup 2005/06
/tablesb/bihcup07.html,4/2,Bosnia-Hercegovina Cup 2006/07
/tablesb/bihcup08.html,4/2,Bosnia-Hercegovina Cup 2007/08
/tablesb/bihcup09.html,4/2,Bosnia-Hercegovina Cup 2008/09
/tablesb/bihcup98.html,5/2,Bosnia-Hercegovina Cups 1997/98
/tablesb/bihcup99.html,5/2,Bosnia-Hercegovina Cups 1998/99
/tablesb/bihcuphist.html,30/48,Bosnia-Hercegovina - Cup Histories
/tablesb/bihfound.html,1/2,Bosnia-Herzegovina - Foundation Dates of Clubs
/tablesb/bihplall.html,1/2,Bosnia-Herzegovina - Final Placings
/tablesb/bihtops.html,1/1,-
/tablesb/bilbao-inttourn.html,1/4,International Tournaments played in Bilbao 1913-1993
/tablesb/billitonmalaya59.html,1/2,Banka Billiton (Indonesia) tour of Malaya and Singapore 1959
/tablesb/bimbo.html,1/1,Copa Bimbo
/tablesb/biot76.html,1/1,British Indian Ocean Territory 1975/76
/tablesb/birmingham92.html,1/2,Birmingham Trophy 1992
/tablesb/birramoretti.html,1/2,Trofeo Birra Moretti
/tablesb/birsfelden25-45.html,1/2,25th Aniversary of FC Birsfelden 1945 (Switzerland)
/tablesb/bissau-inaug87.html,1/2,Torneio de Inauguração do Estádio 24 de Setembro (Bissau) 1987
/tablesb/blabel2012.html,1/1,Carling Black Label Cup 2012 - Johannesburg
/tablesb/blackheartks04.html,3/4,Blackheart/Kashif & Shanghai International Football Festival 2004 (Saint Lucia)
/tablesb/blackpool-blades-nz65.html,2/2,Blackpool FC v Sheffield United B.O.A.C. Trophy Series (in New Zealand) 1965
/tablesb/blacksea07.html,1/1,"Black Sea Games 2007 (Trabzon, Turkey)"
/tablesb/blackstars.html,3/11,Tournoi Black Stars
/tablesb/blackstars-other.html,6/7,Black Stars - Other Activities
/tablesb/blackstars01.html,2/2,Black Stars Tournament 2001 (Paris)
/tablesb/blackstars03.html,2/3,Madagascar Friendlies 2003 (France)
/tablesb/blackstars92.html,3/5,Black Stars Tournament 1993
/tablesb/blackstars94.html,4/5,Black Stars Tournament 1994
/tablesb/blair88.html,1/2,Blair Trophy (Gaborone) 1988
/tablesb/blankenberge10-12.html,1/2,Blankenberge Toernooi 1910-1912
/tablesb/blauwwitpasen26-50.html,2/4,Paastoernooi Blauw Wit (Amsterdam) 1926-1950
/tablesb/blitzberlin31.html,1/2,Blitzturnier in Berlin 1931
/tablesb/bluestars.html,31/36,Blue Stars Youth Tournament (U 20)
/tablesb/bluestars00.html,4/3,Blue Stars Youth Tournament (U 20) - FIFA Youth Cup 2000
/tablesb/bluestars01.html,4/3,Blue Stars Youth Tournament (U 20) - FIFA Youth Cup 2001
/tablesb/bluestars02.html,4/3,Blue Stars Youth Tournament (U 20) - FIFA Youth Cup 2002
/tablesb/bluestars03.html,4/3,Blue Stars Youth Tournament (U 20) - FIFA Youth Cup 2003
/tablesb/bluestars04.html,4/3,Blue Stars Youth Tournament (U 20) - FIFA Youth Cup 2004
/tablesb/bluestars05.html,4/3,Blue Stars Youth Tournament (U 20) - FIFA Youth Cup 2005
/tablesb/bluestars06.html,4/3,Blue Stars Youth Tournament (U 20) - FIFA Youth Cup 2006
/tablesb/bluestars07.html,4/3,Blue Stars Youth Tournament (U 20) - FIFA Youth Cup 2007
/tablesb/bluestars08.html,4/3,Blue Stars Youth Tournament (U 20) - FIFA Youth Cup 2008
/tablesb/bluestars09.html,4/3,Blue Stars Youth Tournament (U 20) - FIFA Youth Cup 2009
/tablesb/bluestars2010.html,4/3,Blue Stars Youth Tournament (U 20) - FIFA Youth Cup 2010
/tablesb/bluestars2011.html,4/3,Blue Stars Youth Tournament (U 20) - FIFA Youth Cup 2011
/tablesb/bluestars2012.html,4/3,Blue Stars Youth Tournament (U 20) - FIFA Youth Cup 2012
/tablesb/bluestars2013.html,4/3,Blue Stars Youth Tournament (U 20) - FIFA Youth Cup 2013
/tablesb/bluestars2014.html,4/3,Blue Stars Youth Tournament (U 20) - FIFA Youth Cup 2014
/tablesb/bluestars2015.html,4/3,Blue Stars Youth Tournament (U 20) - FIFA Youth Cup 2015
/tablesb/bluestars2016.html,4/3,Blue Stars Youth Tournament (U 20) - FIFA Youth Cup 2016
/tablesb/bluestars2017.html,4/3,Blue Stars Youth Tournament (U 20) - FIFA Youth Cup 2017
/tablesb/bluestars2018.html,4/3,Blue Stars Youth Tournament (U 20) - FIFA Youth Cup 2018
/tablesb/bluestars2019.html,4/3,Blue Stars Youth Tournament (U 20) - FIFA Youth Cup 2019
/tablesb/bluestars2022.html,4/3,Blue Stars Youth Tournament (U 20) - FIFA Youth Cup 2022
/tablesb/bluestars2023.html,4/3,Blue Stars Youth Tournament (U 20) - FIFA Youth Cup 2023
/tablesb/bluestars2024.html,3/2,Blue Stars Youth Tournament (U 20) - FIFA Youth Cup 2024
/tablesb/bluestars93.html,3/3,55th Blue Stars Youth Tournament (U-20) 1993
/tablesb/bluestars94.html,4/3,56th Blue Stars Youth Tournament (U-20) 1994
/tablesb/bluestars95.html,4/3,Blue Stars Youth Tournament (U-20) - FIFA Youth Cup 1995
/tablesb/bluestars96.html,4/3,Blue Stars Youth Tournament (U-20) - FIFA Youth Cup 1996
/tablesb/bluestars97.html,4/4,Blue Stars Youth Tournament (U 20) - FIFA Youth Cup 1997
/tablesb/bluestars98.html,4/4,Blue Stars Youth Tournament (U 20) - FIFA Youth Cup 1998
/tablesb/bluestars99.html,4/4,Blue Stars Youth Tournament (U 20) - FIFA Youth Cup 1999
/tablesb/boac65.html,2/2,BOAC International Tournament 1965 (in New Zealand)
/tablesb/boavista100-03.html,1/1,Torneio Centenário do Boavista FC 2003
/tablesb/boca-amertrip53.html,2/2,American Trip of Boca Juniors 1952/53
/tablesb/boca-braztour35.html,1/3,CA Boca Juniors Trip to Brazil 1935
/tablesb/boca-braztour47.html,1/3,CA Boca Juniors Trip to Brazil 1947
/tablesb/boca-braztour48.html,1/3,CA Boca Juniors Trip to Brazil 1948
/tablesb/boca-braztour51.html,1/3,CA Boca Juniors Trip to Brazil 1951
/tablesb/boca-mextour51.html,1/2,Mexican Tour of CA Boca Juniors (Buenos Aires) 1951
/tablesb/boca-return25.html,3/3,Friendly Matches of CA Boca Juniors 1925
/tablesb/boca-satrip52.html,1/2,South American Trip of Boca Juniors 1952
/tablesb/boca-trip25.html,3/5,European Trip of CA Boca Juniors 1925
/tablesb/boca-trip84.html,4/3,European Trip of CA Boca Juniors 1984
/tablesb/boca-wtrip82.html,1/2,Boca Juniors (Argentina) world tour 1982
/tablesb/bocaindep.html,1/2,Boca Juniors vs Independiente
/tablesb/bocajuniors.html,2/3,Club Atlético Boca Juniors
/tablesb/bocajuniors-res.html,2/4,Club Atlético Boca Juniors - All Results 1977-2001
/tablesb/bocajuniors-trip03.html,3/2,Boca Juniors Trip to Spain 2003
/tablesb/bocajuniors-trip09.html,2/3,European Trip of CA Boca Juniors 2009
/tablesb/bocajuniors-trip54.html,2/3,Boca Juniors Trip to Europe 1953/54
/tablesb/bocajuniors-trip64.html,1/3,Boca Juniors Trip to Europe 1963/64
/tablesb/bocajuniors-trip67.html,2/3,European Trip of CA Boca Juniors 1967
/tablesb/bocajuniors-trip75.html,4/3,Boca Juniors Trip to Europe 1975
/tablesb/bocajuniors-trip81.html,1/3,Boca Juniors Trip to Europe 1981
/tablesb/bocajuniors-trip88.html,3/3,Boca Juniors Trip to Spain 1988
/tablesb/bocajuniors-trip99.html,2/3,Boca Juniors Trip to Spain 1999
/tablesb/bocalorenzo.html,1/2,Boca Juniors vs San Lorenzo
/tablesb/bocariver.html,5/6,Superclásicos - Buenos Aires Derby
/tablesb/bocariverama.html,2/1,Superclásicos - Boca Juniors vs River Plate - Amateur Era
/tablesb/bocariverfrien.html,2/2,Superclásicos - Boca Juniors vs River Plate - Friendlies
/tablesb/bocariverint.html,2/1,Superclásicos - Boca Juniors vs River Plate - International Matches
/tablesb/bocariverpro.html,2/1,Superclásicos - Boca Juniors vs River Plate - Professional Era
/tablesb/bodasoro55.html,1/2,Cuadrangular Bodas de Oro 1955 (Mendoza y San Juan)
/tablesb/bodensee.html,3/5,Bodensee-Fußballvereinigung
/tablesb/boeka25.html,1/1,Club Tournament in Bucuresti 1925
/tablesb/bogado.html,2/3,Copa Félix Bogado
/tablesb/bogota02.html,1/1,Copa Bogotá 2002
/tablesb/bogota2012.html,1/1,Torneo Internacional de Verano 2012 – Bogotá
/tablesb/bogota48.html,2/3,Cuadrangular Internacional de Bogotá 1948
/tablesb/bogota60.html,3/4,Cuadrangular Internacional de Bogotá 1960
/tablesb/bogota64.html,4/5,Cuadrangular Internacional de Bogotá 1964
/tablesb/bogota69.html,3/4,Cuadrangular Internacional de Bogotá 1969
/tablesb/bogota75.html,2/3,Copa Ciudad de Bogotá 1975
/tablesb/bohmor-intres.html,1/2,Bohemia and Moravia - International Matches
/tablesb/bol-intres.html,1/2,Bolivia - International Results
/tablesb/bol-wc.html,1/2,Bolivia - World Cup
/tablesb/bol-wom01.html,4/3,Bolivia (Women) 2001
/tablesb/bol-wom02.html,4/3,Bolivia (Women) 2002
/tablesb/bol-wom03.html,4/3,Bolivia (Women) 2003
/tablesb/bol-wom04.html,4/3,Bolivia (Women) 2004
/tablesb/bol-wom05.html,4/3,Bolivia (Women) 2005
/tablesb/bol-wom06.html,4/3,Bolivia (Women) 2006
/tablesb/bol-wom07.html,4/3,Bolivia (Women) 2007
/tablesb/bol-wom08.html,4/3,Bolivia (Women) 2008
/tablesb/bol-wom09.html,4/3,Bolivia (Women) 2009
/tablesb/bol-wom2010.html,4/3,Bolivia (Women) 2010
/tablesb/bol-wom2011.html,4/3,Bolivia (Women) 2011
/tablesb/bol-wom2012.html,4/3,Bolivia (Women) 2012
/tablesb/bol-wom2013.html,4/3,Bolivia (Women) 2013
/tablesb/bol-wom2014.html,4/3,Bolivia (Women) 2014
/tablesb/bol-wom2015.html,4/3,Bolivia (Women) 2015
/tablesb/bol-wom2016.html,4/3,Bolivia (Women) 2016
/tablesb/bol-wom2017.html,4/3,Bolivia (Women) 2017
/tablesb/bol-wom2018.html,4/3,Bolivia (Women) 2018
/tablesb/bol-wom2019.html,4/4,Bolivia (Women) 2019
/tablesb/bol-wom2020.html,4/3,Bolivia (Women) 2020
/tablesb/bol-wom2021.html,4/3,Bolivia (Women) 2021
/tablesb/bol-wom2024.html,4/4,Bolivia (Women) 2024
/tablesb/bol-wom2025.html,3/3,Bolivia (Women) 2025
/tablesb/bol-wom93.html,3/2,Bolivia (Women) 1993
/tablesb/bol-wom97.html,4/3,Bolivia (Women) 1997
/tablesb/bol-womchamp.html,26/27,Bolivia - List of Women Champions
/tablesb/bol00.html,6/5,Bolivia 2000
/tablesb/bol01.html,7/5,Bolivia 2001
/tablesb/bol02.html,7/5,Bolivia 2002
/tablesb/bol03.html,7/6,Bolivia 2003
/tablesb/bol04.html,7/5,Bolivia 2004
/tablesb/bol05.html,7/5,Bolivia 2005
/tablesb/bol06.html,7/5,Bolivia 2006
/tablesb/bol07.html,7/5,Bolivia 2007
/tablesb/bol08.html,8/5,Bolivia 2008
/tablesb/bol09.html,8/5,Bolivia 2009
/tablesb/bol14.html,5/3,Bolivia 1914
/tablesb/bol15.html,6/4,Bolivia 1915
/tablesb/bol16.html,6/4,Bolivia 1916
/tablesb/bol17.html,6/4,Bolivia 1917
/tablesb/bol2010.html,9/5,Bolivia 2010
/tablesb/bol2012.html,8/5,Bolivia 2011/12
/tablesb/bol2013.html,8/5,Bolivia 2012/13
/tablesb/bol2014.html,8/5,Bolivia 2013/14
/tablesb/bol2015.html,8/5,Bolivia 2014/15
/tablesb/bol2016.html,8/5,Bolivia 2015/16
/tablesb/bol2017.html,8/5,Bolivia 2016/17
/tablesb/bol2018.html,8/5,Bolivia 2018
/tablesb/bol2019.html,8/5,Bolivia 2019
/tablesb/bol2020.html,8/5,Bolivia 2020
/tablesb/bol2021.html,8/5,Bolivia 2021
/tablesb/bol2022.html,8/5,Bolivia 2022
/tablesb/bol2023.html,8/5,Bolivia 2023
/tablesb/bol2024.html,8/5,Bolivia 2024
/tablesb/bol2025.html,7/6,Bolivia 2025
/tablesb/bol32.html,6/4,Bolivia 1932
/tablesb/bol37.html,6/3,Bolivia 1937
/tablesb/bol39.html,6/4,Bolivia 1939
/tablesb/bol40.html,6/4,Bolivia 1940
/tablesb/bol41.html,6/4,Bolivia 1941/42
/tablesb/bol42.html,6/4,Bolivia 1942
/tablesb/bol71.html,6/4,Bolivia 1971
/tablesb/bol77.html,6/5,Bolivia 1977
/tablesb/bol90.html,7/4,Bolivia 1990
/tablesb/bol91.html,7/4,Bolivia 1991
/tablesb/bol92.html,7/4,Bolivia 1992
/tablesb/bol93.html,6/4,Bolivia 1993
/tablesb/bol94.html,6/4,Bolivia 1994
/tablesb/bol95.html,7/6,Bolivia 1995
/tablesb/bol96.html,6/6,Bolivia 1996
/tablesb/bol97.html,6/6,Bolivia 1997
/tablesb/bol98.html,6/8,Bolivia 1998
/tablesb/bol99.html,6/6,Bolivia 1999
/tablesb/bolchamp.html,51/51,Bolivia - List of Champions
/tablesb/bolchilres.html,1/1,Bolivia-Chile matches
/tablesb/bolcuphist.html,31/52,Bolivia - Cup Tournaments
/tablesb/bolcuphistfull.html,2/2,Bolivia - Copa Bolivia/Copa Aerosur Details
/tablesb/boldeptchamp.html,12/21,Bolivia - List of Departmental Champions
/tablesb/bolecuares.html,1/2,"Bolivia - Ecuador matches, 1938-2004"
/tablesb/bolfound.html,1/2,Bolivia - Foundation Dates of Clubs
/tablesb/bolhist.html,1/51,Bolivia - List of Final Tables 1950-1990
/tablesb/bolivar-argtrip42.html,2/3,Bolívar (La Paz) Trip to Argentina 1942
/tablesb/bolivar-argtrip53.html,2/3,Bolívar (La Paz) Trip to Argentina 1953
/tablesb/bolivarianos.html,1/6,Bolivarian Games: Soccer Tournaments
/tablesb/bolkiah02.html,2/2,Hassan al Bolkiah Trophy (Brunei) 2002
/tablesb/boloaurich.html,1/2,Bolognesi v Juan Aurich
/tablesb/boloboys.html,1/2,Bolognesi v Sport Boys
/tablesb/bologna-satrip29.html,3/3,South American Trip of Bologna FC 1929 - Match Details
/tablesb/bolomartin.html,1/2,Bolognesi v Universidad San Martín
/tablesb/bolotoro-zam29.html,4/5,South American Trip of Bologna FC and Torino FC 1929
/tablesb/bolperures.html,1/2,Bolivia - Peru matches
/tablesb/bolton-zaf59.html,2/2,Bolton Wanderers tour to Southern Africa 1959
/tablesb/boltops.html,1/28,Bolivia - Topscorers
/tablesb/bolurures.html,1/2,Bolivia - Uruguay matches
/tablesb/bolvenres.html,1/2,"Bolivia - Venezuela matches, 1938-2000"
/tablesb/bonaire-wom2022.html,2/1,Bonaire (Women) 2022/23
/tablesb/bonaire2013.html,4/4,Bonaire 2013
/tablesb/bonaire2014.html,4/4,Bonaire 2014
/tablesb/bonaire2015.html,4/5,Bonaire 2015/16
/tablesb/bonaire2017.html,4/4,Bonaire 2016/17
/tablesb/bonaire2018.html,4/5,Bonaire 2017/18
/tablesb/bonaire2019.html,5/5,Bonaire 2018/19
/tablesb/bonaire2020.html,4/5,Bonaire 2019/20
/tablesb/bonaire2021.html,4/4,Bonaire 2021
/tablesb/bonaire2022.html,4/4,Bonaire 2022
/tablesb/bonaire2023.html,4/4,Bonaire 2023/24
/tablesb/bonaire2024.html,4/5,Bonaire 2024/25
/tablesb/bonaire2026.html,3/4,Bonaire 2025/26
/tablesb/bonairechamp.html,34/61,Bonaire - List of Champions
/tablesb/bonsucesso-mextour56.html,1/2,Mexican Trip of Bonsucesso FC (Rio de Janeiro) 1956
/tablesb/boqueron88.html,1/3,Copa Boquerón
/tablesb/bordeaux120-01.html,2/2,120th Anniversary of Girondins de Bordeaux 2001
/tablesb/borneocup.html,3/7,Borneo Cup
/tablesb/bortolotti.html,1/1,Trofeo Achille e Cesare Bortolotti
/tablesb/bos-intres.html,5/6,Bosnia and Herzegovina - List of International Matches
/tablesb/bos-wom-euro-elim07.html,4/5,Bosnia Women's Mini-Tournament 2007
/tablesb/bossio25.html,1/2,"Copa Bossio (Asunción, Paraguay 1925)"
/tablesb/botafogo-argtrip66.html,2/3,Botafogo (Rio de Janeiro) Trip to Argentina 1966
/tablesb/botafogo-eurtrip59.html,2/2,European Trip of Botafogo (Río de Janeiro) 1959
/tablesb/botafogo-mex41.html,2/3,Mexican Trip of Botafogo 1941
/tablesb/botafogo-mex50tour.html,1/2,Mexican Tour of CR Botafogo (Rio de Janeiro) 1950
/tablesb/botafogo-mex65tour.html,1/2,Mexican Tour of CR Botafogo (Rio de Janeiro) 1965
/tablesb/botafogo-mex67tour.html,1/2,Mexican Tour of CR Botafogo (Rio de Janeiro) 1967
/tablesb/botafogo-mextour36.html,1/2,Mexican Trip of Botafogo FR (Rio de Janeiro) 1936
/tablesb/botafogo-trip62.html,1/2,Argentinian Trip of Botafogo (Ribeirão Preto) 1962
/tablesb/botafogo100-04.html,1/1,Centenario do Botafogo 2004
/tablesb/bots-4nat01.html,1/2,Botswana Four Nations Tournament 2001 (Gaborone)
/tablesb/bots-ftt08.html,1/1,Four Team Tournament (Gaborone) 2008
/tablesb/bots-intres.html,1/2,Botswana - List of International Matches
/tablesb/bots-tourn01.html,1/2,Botswana Tournament 2001
/tablesb/bots-wom01.html,3/1,Botswana (Women) 1999-2001
/tablesb/bots-wom03.html,4/2,Botswana (Women) 2003
/tablesb/bots-wom06.html,4/3,Botswana (Women) 2005/06
/tablesb/bots-wom07.html,4/3,Botswana (Women) 2006/07
/tablesb/bots-wom08.html,4/3,Botswana (Women) 2007/08
/tablesb/bots-wom09.html,4/3,Botswana (Women) 2008/09
/tablesb/bots-wom2010.html,4/4,Botswana (Women) 2009/10
/tablesb/bots-wom2011.html,4/3,Botswana (Women) 2010/11
/tablesb/bots-wom2012.html,4/3,Botswana (Women) 2011/12
/tablesb/bots-wom2013.html,4/3,Botswana (Women) 2012/13
/tablesb/bots-wom2014.html,4/3,Botswana (Women) 2013/14
/tablesb/bots-wom2015.html,4/3,Botswana (Women) 2014/15
/tablesb/bots-wom2016.html,4/3,Botswana (Women) 2015/16
/tablesb/bots-wom2017.html,4/2,Botswana (Women) 2016/17
/tablesb/bots-wom2018.html,4/2,Botswana (Women) 2017/18
/tablesb/bots-wom2019.html,4/2,Botswana (Women) 2018/19
/tablesb/bots-wom2020.html,4/2,Botswana (Women) 2019/20
/tablesb/bots-wom2022.html,4/4,Botswana (Women) 2021/22
/tablesb/bots-wom2023.html,4/4,Botswana (Women) 2022/23
/tablesb/bots-wom2024.html,4/4,Botswana (Women) 2023/24
/tablesb/bots-wom2026.html,3/3,Botswana (Women) 2025/26
/tablesb/bots-womchamp.html,16/22,Botswana - List of Women Champions
/tablesb/bots00.html,5/5,Botswana 1999/2000
/tablesb/bots01.html,5/5,Botswana 2000/01
/tablesb/bots02.html,5/5,Botswana 2001/02
/tablesb/bots03.html,5/5,Botswana 2003
/tablesb/bots04.html,5/4,Botswana 2003/04
/tablesb/bots05.html,5/5,Botswana 2004/05
/tablesb/bots06.html,5/5,Botswana 2005/06
/tablesb/bots07.html,5/6,Botswana 2006/07
/tablesb/bots08.html,5/5,Botswana 2007/08
/tablesb/bots09.html,5/5,Botswana 2008/09
/tablesb/bots2010.html,5/5,Botswana 2009/10
/tablesb/bots2011.html,5/5,Botswana 2010/11
/tablesb/bots2012.html,5/5,Botswana 2011/12
/tablesb/bots2013.html,5/5,Botswana 2012/13
/tablesb/bots2014.html,5/5,Botswana 2013/14
/tablesb/bots2015.html,5/5,Botswana 2014/15
/tablesb/bots2016.html,5/5,Botswana 2015/16
/tablesb/bots2017.html,5/5,Botswana 2016/17
/tablesb/bots2018.html,5/5,Botswana 2017/18
/tablesb/bots2019.html,5/5,Botswana 2018/19
/tablesb/bots2020.html,5/5,Botswana 2019/20
/tablesb/bots2022.html,5/5,Botswana 2021/22
/tablesb/bots2023.html,5/5,Botswana 2022/23
/tablesb/bots2024.html,5/5,Botswana 2023/24
/tablesb/bots2025.html,5/5,Botswana 2024/25
/tablesb/bots2026.html,4/6,Botswana 2025/26
/tablesb/bots80.html,4/2,Botswana 1980
/tablesb/bots81.html,5/3,Botswana 1981
/tablesb/bots83.html,6/3,Botswana 1983
/tablesb/bots88.html,5/3,Botswana 1988
/tablesb/bots90.html,5/3,Botswana 1990
/tablesb/bots91.html,5/4,Botswana 1991
/tablesb/bots92.html,5/6,Botswana 1992
/tablesb/bots93.html,5/3,Botswana 1993
/tablesb/bots94.html,5/4,Botswana 1994
/tablesb/bots95.html,5/3,Botswana 1995
/tablesb/bots96.html,5/4,Botswana 1996
/tablesb/bots97.html,5/6,Botswana 1997
/tablesb/bots98.html,5/6,Botswana 1998
/tablesb/bots99.html,5/5,Botswana 1999
/tablesb/botschamp.html,41/42,Botswana - List of Champions
/tablesb/botscuphist.html,35/43,Botswana Cup Winners
/tablesb/botsfound.html,1/2,Botswana - List of Foundation Dates
/tablesb/bournemouth-nz82.html,2/2,AFC Bournemouth Tour of New Zealand 1982
/tablesb/bpkaluga-wom92.html,1/2,Bank Preobrazheniye Cup (Women) Kaluga 1992
/tablesb/bpnovara.html,1/1,Trofeo Banca Popolare di Novara
/tablesb/bradfordcity100-03.html,1/1,Bradford City FC Centenary Tournament 2003
/tablesb/brahma95.html,1/2,Copa Brahma 1995
/tablesb/brasafrres.html,0/2,Brazil v African sides
/tablesb/brasargres.html,0/1,ARGENTINA-BRAZIL Matches 1914-2008
/tablesb/brasbolres.html,0/1,Bolivia-Brazil matches
/tablesb/braschilres.html,1/2,Brazil-Chile matches
/tablesb/brasparares.html,1/2,Brazil - Paraguay matches
/tablesb/brasperures.html,1/2,Brazil - Peru matches
/tablesb/brasvenres.html,1/1,"Brazil-Venezuela matches, 1969-2000"
/tablesb/bratislava-east.html,2/3,Easter Tournaments in Bratislava
/tablesb/bratislava-stefanik.html,2/3,Stefanik Tournament (Bratislava) 1932-1933
/tablesb/bratislava94.html,1/2,Bratislava Tournament 1994
/tablesb/braz-argtour20.html,1/3,Brazil Trip to Argentina 1920
/tablesb/braz-futsal.html,6/7,Brazil - Futsal Championships
/tablesb/braz-futsal-riometro98.html,3/2,Brazil - Futsal - Rio de Janeiro Metropolitan Championship 1998
/tablesb/braz-futsal-riometro99.html,4/3,Brazil - Futsal - Rio de Janeiro Metropolitan Championship 1999
/tablesb/braz-futsal-riostate99.html,3/2,Brazil - Futsal - Rio de Janeiro State Championship 1999
/tablesb/braz-futsal-trophy99.html,2/1,Brazil - Futsal - Brazil's Trophy 1999
/tablesb/braz-futsal04.html,2/1,Brazil - Futsal 2003/04
/tablesb/braz-indep72.html,2/4,Brazil Independence Cup 1972
/tablesb/braz-indep72det.html,3/2,Brazil Independence Cup 1972 - Additional Details
/tablesb/braz-integrnac71.html,1/2,Brazil - Torneio de Integração Nacional 1971
/tablesb/braz-interstate46.html,1/2,Brazil Interstate Championship 1946
/tablesb/braz-intres.html,34/2,Arquivo da Seleção Brasileira
/tablesb/braz-intres-notes.html,1/6,Observações sobre o Arquivo da Seleção Brasileira
/tablesb/braz-intres190613.html,2/1,Seleção Brasileira
/tablesb/braz-intres191422.html,1/1,Seleção Brasileira
/tablesb/braz-intres192332.html,1/1,Seleção Brasileira
/tablesb/braz-intres193438.html,1/1,Seleção Brasileira
/tablesb/braz-intres193946.html,1/1,Seleção Brasileira
/tablesb/braz-intres194752.html,1/1,Seleção Brasileira
/tablesb/braz-intres195356.html,1/1,Seleção Brasileira
/tablesb/braz-intres195758.html,1/1,Seleção Brasileira
/tablesb/braz-intres195960.html,1/1,Seleção Brasileira
/tablesb/braz-intres196163.html,2/1,Seleção Brasileira
/tablesb/braz-intres196465.html,1/1,Seleção Brasileira
/tablesb/braz-intres196667.html,2/1,Seleção Brasileira
/tablesb/braz-intres1968.html,1/1,Seleção Brasileira
/tablesb/braz-intres196970.html,2/1,Seleção Brasileira
/tablesb/braz-intres197173.html,1/1,Seleção Brasileira
/tablesb/braz-intres197475.html,1/1,Seleção Brasileira
/tablesb/braz-intres1976.html,2/1,Seleção Brasileira
/tablesb/braz-intres197778.html,1/1,Seleção Brasileira
/tablesb/braz-intres197980.html,1/1,Seleção Brasileira
/tablesb/braz-intres198182.html,1/1,Seleção Brasileira
/tablesb/braz-intres198384.html,2/1,Seleção Brasileira
/tablesb/braz-intres198586.html,1/1,Seleção Brasileira
/tablesb/braz-intres1987.html,1/1,Seleção Brasileira
/tablesb/braz-intres198889.html,1/1,Seleção Brasileira
/tablesb/braz-intres199091.html,1/1,Seleção Brasileira
/tablesb/braz-intres199293.html,1/1,Seleção Brasileira
/tablesb/braz-intres199495.html,1/1,Seleção Brasileira
/tablesb/braz-intres1996.html,1/1,Seleção Brasileira
/tablesb/braz-intres199798.html,1/1,Seleção Brasileira
/tablesb/braz-intres1999.html,1/1,Seleção Brasileira
/tablesb/braz-intres2000.html,1/1,Seleção Brasileira
/tablesb/braz-intrescomb.html,2/1,Jogos Internacionais do Futebol Brasileiro 1903-1914
/tablesb/braz-joao00.html,9/11,Brazil 2000 - Copa João Havelange
/tablesb/braz-pred2042.html,1/2,Brazilian Championship´s Predecessor Competitions 1920-1942
/tablesb/braz-riobeach99.html,1/1,Brazil 1999 - Rio de Janeiro Beach Soccer Championship
/tablesb/braz-riojunior00.html,3/3,Rio de Janeiro Junior Championships 2000
/tablesb/braz-riojunior98.html,3/2,Rio de Janeiro Junior Championships 1998
/tablesb/braz-riojunior99.html,4/4,Rio de Janeiro Junior Championships 1999
/tablesb/braz-riojuniorchamp.html,4/3,Rio de Janeiro - List of Juvenil Champions
/tablesb/braz-riowomen00.html,5/5,Brazil 2000 - Rio de Janeiro - Women's Leagues
/tablesb/braz-riowomen99.html,4/4,Brazil 1999 - Rio de Janeiro - Women's Leagues
/tablesb/braz-riowomenchamp.html,3/2,Brazil - Rio de Janeiro State - Women's Champions
/tablesb/braz-sul-amachamp.html,1/1,Brazil - Southern Amateur Championship 1988-1995
/tablesb/braz-wom01.html,5/4,Brazil 2001 - Women's Championship
/tablesb/braz-wom02.html,4/2,Brazil 2002 - Women's Championship
/tablesb/braz-wom09.html,4/3,Brazil 2009 - Women's Cup
/tablesb/braz-wom2012.html,3/3,Brazil 2012 - Women's Cup
/tablesb/braz-wom99.html,5/4,Brazil 1999 - Women's Championship
/tablesb/braz-womchamp.html,5/8,Brazil - List of Women's Champions
/tablesb/braz01.html,8/6,Brazil 2001
/tablesb/braz02.html,8/7,Brazil 2002
/tablesb/braz03.html,6/6,Brazil 2003
/tablesb/braz04.html,6/6,Brazil 2004
/tablesb/braz05.html,7/6,Brazil 2005
/tablesb/braz06.html,7/6,Brazil 2006
/tablesb/braz07.html,7/6,Brazil 2007
/tablesb/braz08.html,7/6,Brazil 2008
/tablesb/braz09.html,8/7,Brazil 2009
/tablesb/braz2-01.html,8/3,Brazil Second Level 2001
/tablesb/braz2-02.html,8/4,Brazil Second Level 2002
/tablesb/braz2-03.html,6/5,Brazil Second Level 2003
/tablesb/braz2-04.html,6/5,Brazil Second Level 2004
/tablesb/braz2-05.html,7/5,Brazil Second Level 2005
/tablesb/braz2-06.html,7/5,Brazil Second Level 2006
/tablesb/braz2-07.html,6/5,Brazil Second Level 2007
/tablesb/braz2-08.html,7/3,Brazil Second Level 2008
/tablesb/braz2-09.html,7/4,Brazil Second Level 2009
/tablesb/braz2-99.html,10/4,Brazil 1999 Second Level (Série B)
/tablesb/braz2010.html,5/5,Brazil 2010
/tablesb/braz2011.html,6/5,Brazil 2011
/tablesb/braz2012.html,5/5,Brazil 2012
/tablesb/braz2013.html,5/5,Brazil 2013
/tablesb/braz2014.html,5/5,Brazil 2014
/tablesb/braz2015.html,5/5,Brazil 2015
/tablesb/braz2016.html,5/5,Brazil 2016
/tablesb/braz2017.html,5/5,Brazil 2017
/tablesb/braz2018.html,5/5,Brazil 2018
/tablesb/braz2019.html,5/6,Brazil 2019
/tablesb/braz2020.html,5/6,Brazil 2020/21
/tablesb/braz2021.html,5/6,Brazil 2021
/tablesb/braz2022.html,6/5,Brazil 2022
/tablesb/braz2023.html,6/5,Brazil 2023
/tablesb/braz2024.html,6/5,Brazil 2024
/tablesb/braz2025.html,5/6,Brazil 2025
/tablesb/braz2champ.html,4/83,Brazil - List of Second to Fourth Division Champions
/tablesb/braz3-01.html,7/3,Brazil Third Level 2001
/tablesb/braz3-02.html,8/3,Brazil Third Level 2002
/tablesb/braz3-03.html,5/4,Brazil Third Level 2003
/tablesb/braz3-04.html,7/3,Brazil Third Level 2004
/tablesb/braz3-05.html,8/4,Brazil Third Level 2005
/tablesb/braz3-06.html,8/4,Brazil Third Level 2006
/tablesb/braz3-07.html,8/4,Brazil Third Level 2007
/tablesb/braz3-08.html,8/4,Brazil Third Level 2008
/tablesb/braz3-09.html,7/4,Brazil Third Level 2009
/tablesb/braz3-99.html,10/4,Brazil 1999 Third Level (Série C)
/tablesb/braz4-09.html,6/3,Brazil Fourth Level 2009
/tablesb/braz67.html,0/5,Torneio Roberto Gomes Pedrosa 1967
/tablesb/braz68.html,6/5,Brazil 1968 Taça de Prata
/tablesb/braz69.html,7/6,Brazil 1969 Taça Roberto Gomes Pedrosa
/tablesb/braz70.html,6/6,Brazil 1970 Taça de Prata
/tablesb/braz71.html,6/4,Brazil 1971
/tablesb/braz72.html,6/4,Brazil 1972
/tablesb/braz73.html,6/4,Brazil 1973
/tablesb/braz74.html,6/4,Brazil 1974
/tablesb/braz75.html,6/4,I COPA BRASIL - 1975 [Brazilian Championship]
/tablesb/braz76.html,6/4,II COPA BRASIL - 1976 [Brazilian Championship]
/tablesb/braz77.html,6/5,III COPA BRASIL - 1977 [Brazilian Championship]
/tablesb/braz78.html,6/5,IV COPA BRASIL - 1978 [Brazilian Championship]
/tablesb/braz79.html,6/5,V COPA BRASIL - 1979 [Brazilian Championship]
/tablesb/braz80.html,6/5,VI Copa Brasil - 1980 [Brazilian Championship]
/tablesb/braz81.html,6/5,Brazil 1981
/tablesb/braz82.html,6/5,Brazil 1982
/tablesb/braz83.html,6/5,Brazil 1983 (Taça de Ouro and Taça de Prata)
/tablesb/braz84.html,6/5,Brazil 1984 (Taça de Ouro and Taça de Prata)
/tablesb/braz85.html,6/6,Brazil 1985 (Taça de Ouro and Taça de Prata)
/tablesb/braz86.html,6/5,Brazil 1986
/tablesb/braz87.html,6/7,Brazil 1987
/tablesb/braz88.html,6/5,Brazil 1988<
/tablesb/braz89.html,4/5,Brazil 1989
/tablesb/braz90.html,6/5,Brazil 1990
/tablesb/braz91.html,4/5,Brazil 1991
/tablesb/braz92.html,6/5,Brazil 1992
/tablesb/braz93.html,4/5,-
/tablesb/braz94.html,6/4,Brazilian Championship 1994
/tablesb/braz95.html,4/5,Brazil 1995
/tablesb/braz96.html,6/5,Brazil 1996
/tablesb/braz97.html,6/5,Brazil 1997
/tablesb/braz98.html,4/9,-
/tablesb/braz99.html,10/7,Brazil 1999 Championship
/tablesb/brazall.html,3/3,Brazil - Second and Third Division History
/tablesb/brazallclublist.html,1/3,Brazilian National Competitions Clubs Directory
/tablesb/brazchamp.html,74/85,Brazil - List of Champions
/tablesb/brazchampcup00.html,16/6,Brazil - Copa dos Campeões 2000
/tablesb/brazchampcup01.html,7/6,Brazil - Copa dos Campeões 2001
/tablesb/brazchampcup02.html,11/5,Brazil - Copa dos Campeões 2002
/tablesb/brazcolres.html,1/2,"Brazil - Colombia matches, 1945-2000"
/tablesb/brazcup00.html,4/3,Brazil Cup 2000
/tablesb/brazcup01.html,3/3,Brazil Cup 2001
/tablesb/brazcup02.html,3/3,Brazil Cup 2002
/tablesb/brazcup03.html,3/2,Brazil Cup 2003
/tablesb/brazcup04.html,3/3,Brazil Cup 2004
/tablesb/brazcup05.html,3/3,Brazil Cup 2005
/tablesb/brazcup06.html,3/3,Brazil Cup 2006
/tablesb/brazcup07.html,3/3,Brazil Cup 2007
/tablesb/brazcup08.html,3/3,Brazil Cup 2008
/tablesb/brazcup09.html,2/2,Brazil Cup 2009
/tablesb/brazcup1tops.html,2/1,Taça Brasil -- List of Topscorers
/tablesb/brazcup2tops.html,1/1,Copa do Brasil -- List of Topscorers
/tablesb/brazcup59.html,3/3,Brazil Cup 1959
/tablesb/brazcup5968-teams.html,1/1,Brazil - Taça Brasil - Participants Data 1959-1968
/tablesb/brazcup60.html,4/4,Brazil Cup 1960
/tablesb/brazcup61.html,4/4,Brazil Cup 1961
/tablesb/brazcup62.html,4/4,Brazil Cup 1962
/tablesb/brazcup63.html,4/4,Brazil Cup 1963
/tablesb/brazcup64.html,4/4,Brazil Cup 1964
/tablesb/brazcup65.html,4/4,Brazil Cup 1965
/tablesb/brazcup66.html,4/4,Brazil Cup 1966
/tablesb/brazcup67.html,4/4,Brazil Cup 1967
/tablesb/brazcup68.html,4/4,Brazil Cup 1968
/tablesb/brazcup89.html,4/4,Brazil Cup 1989
/tablesb/brazcup90.html,4/4,Brazil Cup 1990
/tablesb/brazcup91.html,4/4,Brazil Cup 1991
/tablesb/brazcup92.html,4/4,Brazil Cup 1992
/tablesb/brazcup93.html,4/4,Brazil Cup 1993
/tablesb/brazcup94.html,4/4,Brazil Cup 1994
/tablesb/brazcup95.html,4/4,Brazil Cup 1995
/tablesb/brazcup96.html,4/3,Brazil Cup 1996
/tablesb/brazcup97.html,4/4,Brazil Cup 1997
/tablesb/brazcup98.html,4/5,Brazil Cup 1998
/tablesb/brazcup99.html,4/3,Brazil Cup 1999
/tablesb/brazcuphist.html,53/65,Brazil Cup History
/tablesb/brazfound.html,1/1,Brazilian Clubs - Foundation Dates
/tablesb/brazil-u18-81.html,1/2,U-18 Tournament 1981 (Brazil)
/tablesb/brazprofclublist.html,1/2,
/tablesb/brazstates00.html,63/8,Brazil 2000 - State Championships and Interstate Cups Overview
/tablesb/brazstates01.html,11/7,Brazil 2001 - State Championships and Interstate Cups Overview
/tablesb/brazstates02.html,8/6,Brazil 2002 - State Championships and Interstate Cups Overview
/tablesb/brazstates77.html,24/3,Brazil 1977 - State Championships Overview
/tablesb/brazstates78.html,14/4,Brazil 1978 - State Championships Overview
/tablesb/brazstates84.html,16/4,Brazil 1984 - State Championships Overview
/tablesb/brazstates91.html,16/4,Brazil 1991 - State Championships Overview
/tablesb/brazstates92.html,5/3,Brazil 1992 - State Championships Overview
/tablesb/brazstates93.html,7/3,Brazil 1993 - State Championships Overview
/tablesb/brazstates94.html,6/3,Brazil 1994 - State Championships Overview
/tablesb/brazstates95.html,23/4,Brazil 1995 - State Championships Overview
/tablesb/brazstates96.html,13/3,Brazil 1996 - State Championships Overview
/tablesb/brazstates97.html,52/4,Brazil 1997 - State Championships and Interstate Cups Overview
/tablesb/brazstates98.html,50/4,Brazil 1998 - State Championships and Interstate Cups Overview
/tablesb/brazstates99.html,63/6,Brazil 1999 - State Championships and Interstate Cups Overview
/tablesb/brazsupcuphist.html,5/4,Brazil - List of Super Cup Finals
/tablesb/braztops-allt.html,1/2,Brazil - All-Time Topscorers
/tablesb/brazurures.html,1/2,"Brazil - Uruguay matches, 1916-2000"
/tablesb/brescia94.html,1/2,Trofeo Città di Brescia 1994
/tablesb/bressanone91.html,1/2,Torneo di Bressanone 1991 (Italy)
/tablesb/bricenopardo83.html,1/2,Trofeo Manuel Briceño Pardo 1983
/tablesb/brindies-quad.html,1/5,Asian Quadrangular Tournament (Colombo Cup) 1952-1955
/tablesb/bristol-free98.html,1/3,Bristol Freedom Cup
/tablesb/bristolrov-asoc74.html,2/2,Bristol Rovers Tour of Asia and Oceania 1974
/tablesb/brit-ier-tours-prewwii.html,29/13,British and Irish Clubs - Overseas Tours 1890-1939
/tablesb/britclubs-rioplata.html,13/16,British Clubs in Argentina and Uruguay (1904-1929)
/tablesb/britishfatours.html,1/4,BRITISH FA XI TOURS
/tablesb/britmilcuphist.html,1/3,Great Britain - Military Cups
/tablesb/briviesca.html,1/2,Trofeo Ciudad de Briviesca (Burgos)
/tablesb/brmaagd-intres.html,1/2,British Virgin Islands - List of International Matches
/tablesb/brmaagd-tri04.html,1/2,Triangular Tournament 2004 (British Virgin Islands)
/tablesb/brmaagd-wom03.html,4/1,British Virgin Islands (Women) 2002/03
/tablesb/brmaagd-wom04.html,4/2,British Virgin Islands (Women) 2003/04
/tablesb/brmaagd-wom05.html,4/2,British Virgin Islands (Women) 2004
/tablesb/brmaagd-wom05a.html,4/2,British Virgin Islands (Women) 2005
/tablesb/brmaagd-wom2010.html,4/2,British Virgin Islands (Women) 2010
/tablesb/brmaagd-wom2012.html,4/2,British Virgin Islands (Women) 2012
/tablesb/brmaagd-wom2014.html,4/2,British Virgin Islands (Women) 2013/14
/tablesb/brmaagd-wom2015.html,4/2,British Virgin Islands (Women) 2014/15
/tablesb/brmaagd-wom2016.html,4/2,British Virgin Islands (Women) 2015
/tablesb/brmaagd-wom2016b.html,4/2,British Virgin Islands (Women) 2016
/tablesb/brmaagd-wom2020.html,4/2,British Virgin Islands (Women) 2020/21
/tablesb/brmaagd-wom2021.html,4/2,British Virgin Islands (Women) 2021
/tablesb/brmaagd-wom2023.html,4/3,British Virgin Islands (Women) 2022/23
/tablesb/brmaagd-wom2024.html,3/1,British Virgin Islands (Women) 2023/24
/tablesb/brmaagd00.html,4/4,British Virgin Islands 1999/2000
/tablesb/brmaagd01.html,4/5,British Virgin Islands 2000/01
/tablesb/brmaagd02.html,4/5,British Virgin Islands 2001/02
/tablesb/brmaagd03.html,4/4,British Virgin Islands 2002/03
/tablesb/brmaagd04.html,4/4,British Virgin Islands 2003/04
/tablesb/brmaagd05.html,4/3,British Virgin Islands 2004
/tablesb/brmaagd05a.html,4/3,British Virgin Islands 2005
/tablesb/brmaagd06.html,4/3,British Virgin Islands 2006
/tablesb/brmaagd07.html,4/3,British Virgin Islands 2007
/tablesb/brmaagd08.html,4/3,British Virgin Islands 2008
/tablesb/brmaagd09.html,4/4,British Virgin Islands 2009/10
/tablesb/brmaagd2011.html,4/4,British Virgin Islands 2010/11
/tablesb/brmaagd2012.html,4/4,British Virgin Islands 2011/12
/tablesb/brmaagd2013.html,4/5,British Virgin Islands 2012/13
/tablesb/brmaagd2014.html,4/4,British Virgin Islands 2013/14
/tablesb/brmaagd2015.html,4/3,British Virgin Islands 2014/15
/tablesb/brmaagd2016.html,4/3,British Virgin Islands 2015/16
/tablesb/brmaagd2017.html,4/5,British Virgin Islands 2016/17
/tablesb/brmaagd2018.html,4/4,British Virgin Islands 2018
/tablesb/brmaagd2020.html,4/5,British Virgin Islands 2019/20
/tablesb/brmaagd2021.html,4/5,British Virgin Islands 2021
/tablesb/brmaagd2022.html,4/5,British Virgin Islands 2021/22
/tablesb/brmaagd2023.html,4/5,British Virgin Islands 2022/23
/tablesb/brmaagd2024.html,4/5,British Virgin Islands 2023/24
/tablesb/brmaagd2025.html,4/5,British Virgin Islands 2024/25
/tablesb/brmaagd2026.html,3/6,British Virgin Islands 2025/26
/tablesb/brmaagd98.html,3/3,British Virgin Islands 1997/98
/tablesb/brmaagd99.html,4/5,British Virgin Islands 1998/99
/tablesb/brmaagdchamp.html,29/44,British Virgin Islands - List of Champions
/tablesb/brmaagdcuphist.html,19/2,British Virgin Islands - List of Cup Winners
/tablesb/brmaagdfound.html,1/2,British Virgin Islands - List of Foundation Dates
/tablesb/brmalaya-bataviatrip23.html,1/2,Batavia Trip of British Malaya 1923
/tablesb/brno29.html,1/2,International Tournament in Brno 1929
/tablesb/brondbycam89.html,1/2,Central American Trip of Brøndby IF 1989
/tablesb/brownbetty.html,4/8,Brown Betty Cup
/tablesb/broye-payerne06.html,1/1,Tournoi de la Broye 2006 (Switzerland)
/tablesb/bruehl25-26.html,2/3,25th Anniversary of SC Brühl St. Gallen - 1926
/tablesb/bruehl40-41.html,2/3,40th Anniversary of SC Brühl St. Gallen - 1941
/tablesb/bruggepasen05-59.html,1/2,Easter Tournaments Brugge 1905-1959
/tablesb/brugsemetten.html,2/4,Trofee De Goedendag (Brugse Metten)
/tablesb/brunei-games90.html,2/3,Brunei Merdeka Games 1990
/tablesb/brunei-intres.html,2/2,Brunei International Matches 1972-2000
/tablesb/brunei-invit.html,4/4,Brunei Invitational Cup
/tablesb/brunei-invit00.html,3/2,Toyota League Champions Invitational Cup (Brunei) 2000
/tablesb/brunei-invit01.html,4/3,Brunei Invitational Cup (Brunei) 2001
/tablesb/brunei-invit02.html,3/2,Brunei Invitational Cup (Brunei) 2002
/tablesb/brunei-tourn85.html,2/3,Brunei Merdeka Games 1985
/tablesb/brunei-tourn86.html,3/4,Brunei Merdeka Games 1986
/tablesb/brunei-tourn87.html,3/5,Brunei Merdeka Games 1987
/tablesb/brunei-wom05.html,4/1,Brunei (Women) 2005
/tablesb/brunei-wom06.html,4/2,Brunei (Women) 2006
/tablesb/brunei00.html,6/3,Brunei 1999/2000
/tablesb/brunei01.html,6/3,Brunei 2001
/tablesb/brunei02.html,5/4,Brunei 2002
/tablesb/brunei03.html,5/5,Brunei 2003
/tablesb/brunei04.html,5/5,Brunei 2004
/tablesb/brunei05.html,8/8,Brunei 2005/06
/tablesb/brunei08.html,7/8,Brunei 2007/08
/tablesb/brunei09.html,5/5,Brunei 2009/10
/tablesb/brunei2011.html,5/5,Brunei 2011
/tablesb/brunei2012.html,5/4,Brunei 2011/12
/tablesb/brunei2013.html,5/4,Brunei 2012/13
/tablesb/brunei2014.html,5/5,Brunei 2014
/tablesb/brunei2015.html,5/5,Brunei 2015
/tablesb/brunei2016.html,5/5,Brunei 2016
/tablesb/brunei2017.html,5/5,Brunei 2017/18
/tablesb/brunei2019.html,5/5,Brunei 2018/19
/tablesb/brunei2020.html,5/4,Brunei 2020
/tablesb/brunei2021.html,5/4,Brunei 2021
/tablesb/brunei2022.html,5/3,Brunei 2022
/tablesb/brunei2023.html,5/4,Brunei 2023
/tablesb/brunei2025.html,6/6,Brunei 2024/25
/tablesb/brunei2026.html,4/4,Brunei 2025/26
/tablesb/brunei3-06.html,6/2,Brunei Third and Lower Levels 2006
/tablesb/brunei3-07.html,6/2,Brunei Third and Lower Levels 2007
/tablesb/brunei89.html,4/2,Brunei 1988/89
/tablesb/bruneichamp.html,22/31,Brunei - List of Champions
/tablesb/bruneicup07.html,5/3,Brunei Cups 2006/07
/tablesb/bruneicuphist.html,21/31,Brunei - List of Cup Finals
/tablesb/bruneifound.html,1/2,Brunei - Foundation Dates of Clubs
/tablesb/bruneishaw.html,2/4,Shaw Shield Inter-District Competition (Brunei State A.F.A.)
/tablesb/brussel-mill79.html,2/3,Tournoi du Millénaire de Bruxelles 1979
/tablesb/brussel-mill80.html,2/3,Tournoi du Millénaire de Bruxelles 1980
/tablesb/brussel-tourn.html,3/4,Various Tournaments in Bruxelles/Brussel 1926-1958
/tablesb/bsas-amistad65.html,1/4,Copa Amistad 1965 (Buenos Aires)
/tablesb/bsas-flooded58.html,1/3,Benefit Matches for the Flooded People in Buenos Aires 1958
/tablesb/bsas08.html,2/3,Copa Ciudad de Buenos Aires 2008
/tablesb/bsas12.html,1/2,Copa Provincia de Buenos Aires 2012
/tablesb/bsas62.html,2/3,South American Tours of Ferencváros and Crvena zvezda 1961/62
/tablesb/bsas92.html,2/3,Copa Ciudad de Buenos Aires 1992
/tablesb/btorino-satrip29.html,5/5,South American Trip of Torino FC 1929 - Match Details
/tablesb/btv04.html,1/1,BTV Cup 2004
/tablesb/buchcup90.html,1/2,Budweiser Challenge Cup 1990
/tablesb/budapest-east.html,2/4,Easter Tournaments in Budapest
/tablesb/budapest-para29.html,1/1,Paramount Cup (Budapest) 1929
/tablesb/budapest14.html,1/2,Budapest Cup in 1914
/tablesb/budapest1900.html,1/2,Budapest Tournament 1900
/tablesb/budapest26a.html,1/2,International Tournament for 30 years of the Hungarian FA 1926
/tablesb/budapest26b.html,1/2,Christmas Tournament (Budapest) 1926
/tablesb/budapest58.html,1/2,Summer Tournament in Budapest 1958
/tablesb/buffalo30.html,3/4,"Tournoi ""Stade Buffalo"" de Paris 1930"
/tablesb/buffalo31.html,3/4,"Tournoi ""Stade Buffalo"" de Paris 1931"
/tablesb/bulfrares.html,3/4,Bulgaria-France matches 1932-2021
/tablesb/bulg-ec.html,1/2,Bulgaria - Club Records in Europe
/tablesb/bulg-intres.html,5/6,Bulgaria - List of International Matches
/tablesb/bulg-names.html,1/73,Bulgaria - Name Changes
/tablesb/bulg-wom00.html,4/3,Bulgaria Women 1999/00
/tablesb/bulg-wom01.html,4/3,Bulgaria Women 2000/01
/tablesb/bulg-wom08.html,4/4,Bulgaria Women 2007/08
/tablesb/bulg-wom09.html,4/4,Bulgaria Women 2008/09
/tablesb/bulg-wom2010.html,4/4,Bulgaria Women 2009/10
/tablesb/bulg-wom2011.html,5/4,Bulgaria Women 2010/11
/tablesb/bulg-wom2012.html,5/3,Bulgaria Women 2011/12
/tablesb/bulg-wom2013.html,5/4,Bulgaria Women 2012/13
/tablesb/bulg-wom2014.html,5/4,Bulgaria Women 2013/14
/tablesb/bulg-wom2015.html,5/5,Bulgaria Women 2014/15
/tablesb/bulg-wom2016.html,5/5,Bulgaria Women 2015/16
/tablesb/bulg-wom2017.html,5/5,Bulgaria Women 2016/17
/tablesb/bulg-wom2018.html,5/5,Bulgaria Women 2017/18
/tablesb/bulg-wom2019.html,5/5,Bulgaria Women 2018/19
/tablesb/bulg-wom2020.html,5/4,Bulgaria Women 2019/20
/tablesb/bulg-wom2021.html,5/4,Bulgaria Women 2020/21
/tablesb/bulg-wom2022.html,5/6,Bulgaria Women 2021/22
/tablesb/bulg-wom2023.html,5/4,Bulgaria Women 2022/23
/tablesb/bulg-wom2024.html,5/4,Bulgaria Women 2023/24
/tablesb/bulg-wom2025.html,4/3,Bulgaria Women 2024/25
/tablesb/bulg-wom86.html,3/2,Bulgaria Women 1985/86
/tablesb/bulg-womchamp.html,22/23,Bulgaria - List of Women Champions
/tablesb/bulg-womcuphist.html,7/17,Bulgaria - List of Women Cup Winners
/tablesb/bulg00.html,8/6,Bulgaria 1999/00
/tablesb/bulg01.html,8/6,Bulgaria 2000/01
/tablesb/bulg02.html,8/6,Bulgaria 2001/02
/tablesb/bulg03.html,9/6,Bulgaria 2002/03
/tablesb/bulg04.html,10/6,Bulgaria 2003/04
/tablesb/bulg05.html,9/6,Bulgaria 2004/05
/tablesb/bulg06.html,9/6,Bulgaria 2005/06
/tablesb/bulg07.html,9/6,Bulgaria 2006/07
/tablesb/bulg08.html,9/6,Bulgaria 2007/08
/tablesb/bulg09.html,9/5,Bulgaria 2008/09
/tablesb/bulg2010.html,9/6,Bulgaria 2009/10
/tablesb/bulg2011.html,9/5,Bulgaria 2010/11
/tablesb/bulg2012.html,9/5,Bulgaria 2011/12
/tablesb/bulg2013.html,9/5,Bulgaria 2012/13
/tablesb/bulg2014.html,9/5,Bulgaria 2013/14
/tablesb/bulg2015.html,9/5,Bulgaria 2014/15
/tablesb/bulg2016.html,9/5,Bulgaria 2015/16
/tablesb/bulg2017.html,9/5,Bulgaria 2016/17
/tablesb/bulg2018.html,9/5,Bulgaria 2017/18
/tablesb/bulg2019.html,9/5,Bulgaria 2018/19
/tablesb/bulg2020.html,9/5,Bulgaria 2019/20
/tablesb/bulg2021.html,9/5,Bulgaria 2020/21
/tablesb/bulg2022.html,9/5,Bulgaria 2021/22
/tablesb/bulg2023.html,9/5,Bulgaria 2022/23
/tablesb/bulg2024.html,9/5,Bulgaria 2023/24
/tablesb/bulg2025.html,9/5,Bulgaria 2024/25
/tablesb/bulg2026.html,8/6,Bulgaria 2025/26
/tablesb/bulg22.html,7/4,Bulgaria 1921/22
/tablesb/bulg23.html,8/5,Bulgaria 1922/23
/tablesb/bulg24.html,8/6,Bulgaria 1923/24
/tablesb/bulg25.html,8/6,Bulgaria 1924/25
/tablesb/bulg26.html,8/6,Bulgaria 1925/26
/tablesb/bulg27.html,8/6,Bulgaria 1926/27
/tablesb/bulg28.html,9/6,Bulgaria 1927/28
/tablesb/bulg29.html,8/6,Bulgaria 1928/29
/tablesb/bulg30.html,8/6,Bulgaria 1929/30
/tablesb/bulg31.html,8/6,Bulgaria 1930/31
/tablesb/bulg32.html,8/6,Bulgaria 1931/32
/tablesb/bulg33.html,8/6,Bulgaria 1932/33
/tablesb/bulg34.html,8/6,Bulgaria 1933/34
/tablesb/bulg35.html,8/6,Bulgaria 1934/35
/tablesb/bulg36.html,8/6,Bulgaria 1935/36
/tablesb/bulg37.html,8/6,Bulgaria 1936/37
/tablesb/bulg38.html,8/6,Bulgaria 1937/38
/tablesb/bulg39.html,9/7,Bulgaria 1938/39
/tablesb/bulg40.html,9/6,Bulgaria 1939/40
/tablesb/bulg62.html,8/5,Bulgaria 1961/62
/tablesb/bulg63.html,8/5,Bulgaria 1962/63
/tablesb/bulg64.html,8/5,Bulgaria 1963/64
/tablesb/bulg69.html,9/7,Bulgaria 1968/69
/tablesb/bulg93.html,9/7,Bulgaria 1992/93
/tablesb/bulg94.html,8/6,Bulgaria 1993/94
/tablesb/bulg95.html,8/6,Bulgaria 1994/95
/tablesb/bulg96.html,8/7,Bulgaria 1995/96
/tablesb/bulg97.html,8/7,Bulgaria 1996/97
/tablesb/bulg98.html,8/7,Bulgaria 1997/98
/tablesb/bulg99.html,8/6,Bulgaria 1998/99
/tablesb/bulgalltime.html,1/73,Bulgaria - All-Time Table
/tablesb/bulgaria1300-81.html,1/2,Tournament for the 1300th Anniversary of Bulgaria 1981
/tablesb/bulgchamp.html,60/73,Bulgaria - List of Champions
/tablesb/bulgcup00.html,7/2,Bulgaria Cup 1999/2000
/tablesb/bulgcup01.html,7/2,Bulgaria Cup 2000/01
/tablesb/bulgcup02.html,7/2,Bulgaria Cup 2001/02
/tablesb/bulgcup03.html,7/2,Bulgaria Cup 2002/03
/tablesb/bulgcup04.html,8/2,Bulgaria Cup 2003/04
/tablesb/bulgcup05.html,6/2,Bulgaria Cup 2004/05
/tablesb/bulgcup06.html,6/2,Bulgaria Cup 2005/06
/tablesb/bulgcup07.html,6/2,Bulgaria Cup 2006/07
/tablesb/bulgcup08.html,7/2,Bulgaria Cup 2007/08
/tablesb/bulgcup09.html,8/2,Bulgaria Cup 2008/09
/tablesb/bulgcup89.html,8/5,Bulgaria Super Cup 1988/89
/tablesb/bulgcup97.html,7/2,Bulgaria Cup 1996/97
/tablesb/bulgcup98.html,7/2,Bulgaria Cup 1997/98
/tablesb/bulgcup99.html,7/2,Bulgaria Cup 1998/99
/tablesb/bulgcuphist.html,37/74,Bulgaria Cups Overview
/tablesb/bulgfound.html,2/2,Bulgaria - List of Foundation Dates
/tablesb/bulghist.html,39/75,Bulgaria Championship History 1923-2009
/tablesb/bulgtops.html,1/27,Bulgaria - List of Topscorers
/tablesb/bulgtzarhist.html,2/5,Bulgaria - The Tzar's Cup 1938-1942
/tablesb/bulle44.html,1/2,FC Bulle Tournament 1944 (Switzerland)
/tablesb/bulle56.html,1/2,Tournoi de Bulle (Switzerland) 1956
/tablesb/bulle75-85.html,1/2,75th Anniversary of FC Bulle 1985
/tablesb/bulle8990.html,1/2,Tournoi de Bulle (Switzerland)
/tablesb/bulromres.html,3/4,Bulgaria-Romania matches
/tablesb/bulspares.html,3/4,Bulgaria-Spain matches
/tablesb/bungkarno62.html,2/3,Turnamen Peresmian Stadion Gelora Bung Karno 1962
/tablesb/burkf-amical84.html,1/2,Burkina Faso Tournoi Amical 1984
/tablesb/burkf-intres.html,2/3,Burkina Faso (formerly Upper Volta) - List of International Matches
/tablesb/burkf-intres-detwcq.html,2/2,Burkina Faso - Details of World Cup Matches
/tablesb/burkf-wom03.html,4/3,Burkina Faso Women 2002/03
/tablesb/burkf-wom04.html,4/3,Burkina Faso Women 2003/04
/tablesb/burkf-wom05.html,4/3,Burkina Faso Women 2004/05
/tablesb/burkf-wom06.html,4/2,Burkina Faso Women 2006
/tablesb/burkf-wom07.html,4/2,Burkina Faso Women 2007
/tablesb/burkf-wom08.html,4/3,Burkina Faso Women 2008
/tablesb/burkf-wom09.html,4/3,Burkina Faso Women 2009
/tablesb/burkf-wom2011.html,5/4,Burkina Faso Women 2011
/tablesb/burkf-wom2012.html,5/4,Burkina Faso Women 2012/13
/tablesb/burkf-wom2013.html,5/4,Burkina Faso Women 2013/14
/tablesb/burkf-wom2014.html,5/3,Burkina Faso Women 2014
/tablesb/burkf-wom2015.html,5/4,Burkina Faso Women 2015
/tablesb/burkf-wom2016.html,5/4,Burkina Faso Women 2016
/tablesb/burkf-wom2017.html,5/4,Burkina Faso Women 2016/17
/tablesb/burkf-wom2018.html,5/4,Burkina Faso Women 2017/18
/tablesb/burkf-wom2019.html,5/5,Burkina Faso Women 2018/19
/tablesb/burkf-wom2020.html,5/4,Burkina Faso Women 2019/20
/tablesb/burkf-wom2021.html,5/5,Burkina Faso Women 2020/21
/tablesb/burkf-wom2022.html,5/5,Burkina Faso Women 2021/22
/tablesb/burkf-wom2023.html,5/6,Burkina Faso Women 2022/23
/tablesb/burkf-wom2024.html,5/4,Burkina Faso Women 2023/24
/tablesb/burkf-wom2025.html,4/3,Burkina Faso Women 2024/25
/tablesb/burkf-womchamp.html,20/25,Burkina Faso - List of Women Champions
/tablesb/burkf-womcup02.html,3/1,Burkina Faso Women Cup 2001/02
/tablesb/burkf-womcuphist.html,13/17,Burkina Faso - List of Women Cup Winners
/tablesb/burkf00.html,7/8,Burkina Faso 2000
/tablesb/burkf01.html,7/7,Burkina Faso 2001
/tablesb/burkf02.html,7/7,Burkina Faso 2002
/tablesb/burkf03.html,7/6,Burkina Faso 2002/03
/tablesb/burkf04.html,7/6,Burkina Faso 2003/04
/tablesb/burkf05.html,7/6,Burkina Faso 2004/05
/tablesb/burkf06.html,7/6,Burkina Faso 2005/06
/tablesb/burkf07.html,7/6,Burkina Faso 2007
/tablesb/burkf08.html,7/6,Burkina Faso 2007/08
/tablesb/burkf09.html,7/6,Burkina Faso 2008/09
/tablesb/burkf2010.html,7/6,Burkina Faso 2009/10
/tablesb/burkf2011.html,7/6,Burkina Faso 2010/11
/tablesb/burkf2012.html,7/6,Burkina Faso 2011/12
/tablesb/burkf2013.html,7/6,Burkina Faso 2013
/tablesb/burkf2014.html,7/6,Burkina Faso 2013/14
/tablesb/burkf2015.html,7/6,Burkina Faso 2014/15
/tablesb/burkf2016.html,7/6,Burkina Faso 2015/16
/tablesb/burkf2017.html,7/5,Burkina Faso 2016/17
/tablesb/burkf2018.html,7/6,Burkina Faso 2017/18
/tablesb/burkf2019.html,7/6,Burkina Faso 2018/19
/tablesb/burkf2020.html,7/6,Burkina Faso 2019/20
/tablesb/burkf2021.html,7/6,Burkina Faso 2020/21
/tablesb/burkf2022.html,7/6,Burkina Faso 2021/22
/tablesb/burkf2023.html,7/6,Burkina Faso 2022/23
/tablesb/burkf2024.html,7/6,Burkina Faso 2023/24
/tablesb/burkf2025.html,7/6,Burkina Faso 2024/25
/tablesb/burkf2026.html,6/7,Burkina Faso 2025/26
/tablesb/burkf2champ.html,1/2,Burkina Faso - List of Second Level Champions
/tablesb/burkf57.html,5/2,Upper Volta 1956/57
/tablesb/burkf61.html,7/3,Upper Volta 1960/61
/tablesb/burkf64.html,7/3,Upper Volta 1963/64
/tablesb/burkf84.html,6/3,Burkina Faso 1984
/tablesb/burkf89.html,7/2,Burkina Faso 1988/89
/tablesb/burkf90.html,6/5,Burkina Faso 1989/90
/tablesb/burkf91.html,6/4,Burkina Faso 1990/91
/tablesb/burkf92.html,6/5,Burkina Faso 1991/92
/tablesb/burkf93.html,6/6,Burkina Faso 1992/93
/tablesb/burkf94.html,6/3,Burkina Faso 1994
/tablesb/burkf96.html,6/3,Burkina Faso 1996
/tablesb/burkf97.html,6/3,Burkina Faso 1997
/tablesb/burkf98.html,6/7,Burkina Faso 1997/98
/tablesb/burkf99.html,6/7,Burkina Faso 1998/99
/tablesb/burkfchamp.html,43/43,Burkina Faso - List of Champions
/tablesb/burkfcup95.html,6/5,Burkina Faso 1995
/tablesb/burkfcuphist.html,32/44,Burkina Faso - List of Cup Winners
/tablesb/burkffound.html,1/2,Burkina Faso - Foundation Dates of Clubs
/tablesb/burkfleadcuphist.html,6/45,Burkina Faso - List of Finals Coupe des Leaders
/tablesb/burkfsupcuphist.html,31/30,Burkina Faso - List of Super Cup Winners
/tablesb/burkftops.html,1/2,Burkina Faso - List of Topscorers
/tablesb/burkhalter.html,1/2,Burkhalter Cup (Bern)
/tablesb/burkina-faso-tourn88.html,1/3,Tournament Burkina Faso 1988
/tablesb/burm65.html,3/2,Burma 1964/65
/tablesb/burm69.html,4/4,Burma 1968/69
/tablesb/burm78.html,4/3,Burma 1977/78
/tablesb/burm79.html,4/4,Burma 1979
/tablesb/burm84.html,5/3,Burma 1983/84
/tablesb/burm85.html,5/3,Burma 1984/85
/tablesb/burm88.html,4/3,Burma 1987/88
/tablesb/burma95.html,1/3,Burma Tournament 1995
/tablesb/buru-intres.html,1/2,Burundi - List of International Matches
/tablesb/buru-wom05.html,3/2,Burundi (Women) 2005
/tablesb/buru-wom2010.html,4/2,Burundi (Women) 2010
/tablesb/buru-wom2011.html,4/3,Burundi (Women) 2011
/tablesb/buru-wom2012.html,4/3,Burundi (Women) 2012
/tablesb/buru-wom2013.html,4/3,Burundi (Women) 2013
/tablesb/buru-wom2014.html,4/4,Burundi (Women) 2014
/tablesb/buru-wom2015.html,4/4,Burundi (Women) 2015
/tablesb/buru-wom2016.html,4/3,Burundi (Women) 2016
/tablesb/buru-wom2017.html,4/3,Burundi (Women) 2017
/tablesb/buru-wom2018.html,4/3,Burundi (Women) 2018
/tablesb/buru-wom2019.html,4/4,Burundi (Women) 2019
/tablesb/buru-wom2020.html,4/3,Burundi (Women) 2020
/tablesb/buru-wom2021.html,4/3,Burundi (Women) 2020/21
/tablesb/buru-wom2022.html,4/2,Burundi (Women) 2021/22
/tablesb/buru-wom2023.html,4/5,Burundi (Women) 2022/23
/tablesb/buru-wom2024.html,4/4,Burundi (Women) 2023/24
/tablesb/buru-wom2025.html,3/3,Burundi (Women) 2024/25
/tablesb/buru-womchamp.html,16/18,Burundi - List of Women Champions
/tablesb/buru00.html,5/3,Burundi 2000
/tablesb/buru01.html,5/3,Burundi 2001
/tablesb/buru02.html,5/3,Burundi 2002
/tablesb/buru03.html,5/3,Burundi 2003
/tablesb/buru04.html,5/4,Burundi 2004
/tablesb/buru05.html,5/4,Burundi 2005
/tablesb/buru06.html,5/3,Burundi 2006
/tablesb/buru07.html,5/4,Burundi 2007
/tablesb/buru08.html,5/3,Burundi 2008
/tablesb/buru09.html,5/3,Burundi 2009
/tablesb/buru2010.html,5/4,Burundi 2010
/tablesb/buru2011.html,5/5,Burundi 2010/11
/tablesb/buru2012.html,5/5,Burundi 2011/12
/tablesb/buru2013.html,5/5,Burundi 2012/13
/tablesb/buru2014.html,5/5,Burundi 2013/14
/tablesb/buru2015.html,5/5,Burundi 2014/15
/tablesb/buru2016.html,5/5,Burundi 2015/16
/tablesb/buru2017.html,5/5,Burundi 2016/17
/tablesb/buru2018.html,5/5,Burundi 2017/18
/tablesb/buru2019.html,5/5,Burundi 2018/19
/tablesb/buru2020.html,5/5,Burundi 2019/20
/tablesb/buru2021.html,5/5,Burundi 2020/21
/tablesb/buru2022.html,5/5,Burundi 2021/22
/tablesb/buru2023.html,5/5,Burundi 2022/23
/tablesb/buru2024.html,5/5,Burundi 2023/24
/tablesb/buru2025.html,5/5,Burundi 2024/25
/tablesb/buru2026.html,4/6,Burundi 2025/26
/tablesb/buru97.html,4/2,Burundi 1997
/tablesb/buru98.html,5/3,Burundi 1998
/tablesb/buru99.html,5/3,Burundi 1999
/tablesb/buruchamp.html,32/32,Burundi - List of Champions
/tablesb/burucuphist.html,21/32,Burundi - List of Cup Winners
/tablesb/burufound.html,1/2,Burundi - List of Foundation Dates
/tablesb/busan-youth.html,1/1,Busan Youth Tournaments (South Korea)
/tablesb/bvb-sea2022.html,1/2,Borussia Dortmund (Germany) tour of South East Asia 2022
/tablesb/bwia73.html,1/2,"BWIA Trophy 1973 (Georgetown, Guyana)"
