path,links,title
/tablesa/a3champions06.html,4/3,A3 Champions Cup (Tokyo) 2006
/tablesa/a3champions07.html,3/3,A3 Champions Cup (Jinan) 2007
/tablesa/a3eastasia.html,7/7,East Asian Champions Cup
/tablesa/a3mazda03.html,3/2,A3 Mazda Cup (Tokyo) 2003
/tablesa/a3nissan04.html,4/3,A3 Nissan Cup (Shanghai) 2004
/tablesa/a3nissan05.html,4/3,A3 Nissan Cup (Seogwipo) 2005
/tablesa/aachen-satrip68.html,1/3,South American Trip of Alemannia Aachen 1968
/tablesa/aachen05.html,1/1,Blitzturnier in Aachen 2005 (Germany)
/tablesa/aaland-wom09.html,4/2,Aland Islands (Women) 2009
/tablesa/aaland-wom2010.html,5/2,Aland Islands (Women) 2010
/tablesa/aaland-wom2024.html,5/2,Aland Islands (Women) 2024
/tablesa/aaland-wom2025.html,4/2,Aland Islands (Women) 2025
/tablesa/aaland09.html,4/3,Aland Islands 2009
/tablesa/aaland2010.html,5/4,Aland Islands 2010
/tablesa/aaland2011.html,5/3,Aland Islands 2011
/tablesa/aaland2012.html,5/4,Aland Islands 2012
/tablesa/aaland2014.html,5/3,Aland Islands 2014
/tablesa/aaland2015.html,5/3,Aland Islands 2015
/tablesa/aaland2016.html,5/3,Aland Islands 2016
/tablesa/aaland2018.html,5/2,Aland Islands 2018
/tablesa/aaland2019.html,5/2,Aland Islands 2019
/tablesa/aaland2020.html,5/3,Aland Islands 2020
/tablesa/aaland2021.html,5/3,Aland Islands 2021
/tablesa/aaland2022.html,5/3,Aland Islands 2022
/tablesa/aaland2023.html,5/3,Aland Islands 2023
/tablesa/aaland2024.html,5/3,Aland Islands 2024
/tablesa/aaland2025.html,5/3,Aland Islands 2025
/tablesa/aaland2026.html,4/3,Aland Islands 2026
/tablesa/aalandchamp.html,12/22,Aland Islands - List of Champions
/tablesa/aalandcuphist.html,4/22,Aland Islands - List of Cup Winners
/tablesa/aalandfound.html,2/3,Aland Islands - List of Foundation Dates
/tablesa/aarau-u11.html,1/1,U-11 Internationalen Aarau Masters (Switzerland)
/tablesa/aarau-youth.html,1/2,Aarau Youth Tournament (Switzerland)
/tablesa/aarau47.html,1/2,Sporting Club Aarau Tournament 1947
/tablesa/aarau60-62.html,1/2,60th Anniversary of FC Aarau 1962
/tablesa/aarau89.html,1/2,Aarau Turnier 1989
/tablesa/aarhus-tourn02.html,1/1,Aarhus Tournament 2002
/tablesa/ab-asiatour62.html,1/2,"AB (Akademisk Boldklub, Copenhagen) tour of Asia 1952"
/tablesa/abbeville-cent02.html,1/1,Centenary of SC Abbeville (France) 2002
/tablesa/abc-canada91.html,1/2,ABC Tournament Cup 1991 (Canada)
/tablesa/abc2015.html,2/4,Kopa ABC (Rincon) 2015-2017
/tablesa/abc2018.html,10/7,Kopa ABC (ABC Islands) 2018-2019
/tablesa/abcaruba.html,4/4,ABC Cup (Aruba) 1992-1993
/tablesa/abchaz01.html,5/3,Abkhazia 2000/01
/tablesa/abchaz02.html,5/3,Abkhazia 2001/02
/tablesa/abchaz03.html,5/6,Abkhazia 2003
/tablesa/abchaz06.html,5/4,Abkhazia 2006
/tablesa/abchaz07.html,5/3,Abkhazia 2007
/tablesa/abchaz09.html,5/3,Abkhazia 2009
/tablesa/abchaz2011.html,4/6,Abkhazia 2011
/tablesa/abchaz2012.html,5/5,Abkhazia 2012
/tablesa/abchaz2013.html,5/5,Abkhazia 2013
/tablesa/abchaz2014.html,5/5,Abkhazia 2014
/tablesa/abchaz2015.html,5/5,Abkhazia 2015
/tablesa/abchaz2016.html,5/5,Abkhazia 2016
/tablesa/abchaz2017.html,5/5,Abkhazia 2017
/tablesa/abchaz2018.html,5/5,Abkhazia 2018
/tablesa/abchaz2019.html,5/5,Abkhazia 2018/19
/tablesa/abchaz2019a.html,5/3,Abkhazia 2019
/tablesa/abchaz2020.html,6/5,Abkhazia 2020
/tablesa/abchaz2021.html,6/6,Abkhazia 2021
/tablesa/abchaz2022.html,6/6,Abkhazia 2022
/tablesa/abchaz2023.html,6/6,Abkhazia 2023
/tablesa/abchaz2024.html,6/6,Abkhazia 2024
/tablesa/abchaz2025.html,6/6,Abkhazia 2025
/tablesa/abchaz2026.html,5/6,Abkhazia 2026
/tablesa/abchaz94.html,4/2,Abkhazia 1994
/tablesa/abchaz95.html,5/3,Abkhazia 1995
/tablesa/abchaz96.html,5/3,Abkhazia 1996
/tablesa/abchaz97.html,5/3,Abkhazia 1997
/tablesa/abchazchamp.html,28/28,Abkhazia - List of Champions
/tablesa/abchazcuphist.html,19/28,Abkhazia - List of Cup Winners
/tablesa/abchazsupcuphist.html,6/10,Abkhazia - List of Super Cup Winners
/tablesa/abcs.html,8/8,ABCS Football Tournamen
/tablesa/abcs2011.html,4/4,ABCS Football Tournament 2011
/tablesa/abcs2012.html,4/3,ABCS Football Tournament 2012
/tablesa/abcs2013.html,4/3,ABCS Football Tournament 2013
/tablesa/abcs2014.html,4/4,ABCS Football Tournament 2015
/tablesa/abcs2021.html,4/3,ABCS Football Tournament 2021
/tablesa/abcs2022.html,3/2,ABCS Football Tournament 2022
/tablesa/abha-invit-tourn.html,1/3,"International Friendship Tournament (Abha, Saudi Arabia)"
/tablesa/abidjan-tourn84.html,2/3,Abidjan Tournament 1984
/tablesa/abidjan79.html,2/3,Abidjan Tournament 1979
/tablesa/abrantes.html,1/1,Torneio de Abrantes
/tablesa/acarrolugo2012.html,1/1,Triangular Angelo Carro de Lugo 2012 – Lugo (Spain)
/tablesa/acre00.html,5/3,Acre State League 2000
/tablesa/acre91.html,3/3,Acre State League 1991
/tablesa/acre95.html,4/4,Acre State League 1995
/tablesa/acre96.html,4/4,Acre State League 1996
/tablesa/acre97.html,4/4,Acre State League 1997
/tablesa/acre98.html,4/4,Acre State League 1998
/tablesa/acre99.html,5/4,Acre State League 1999
/tablesa/acrechamp.html,0/7,Acre State League - List of Champions
/tablesa/acrehist.html,8/2,Acre -- History of Professional Football 1989-2000
/tablesa/acretops.html,1/3,Acre -- List of State Topscorers
/tablesa/acsf.html,1/2,African Cups Semifinal Balance
/tablesa/acsindie-tour32.html,1/2,Sumatra Tour of A.C.S. (Singapore) 1932
/tablesa/act-tour-fiji72.html,2/3,Australian Capital Territory representative team tour of Fiji 1972
/tablesa/act-tour-hebr71.html,2/3,Australian Capital Territory representative team tour to the New Hebrides 1971
/tablesa/acvf100-04.html,1/1,Indoor Tournament for the Centenary of ACVF (Switzerland) 2004
/tablesa/adam.html,2/5,Adam Shield 1935-1967
/tablesa/addis-abeba25-83.html,1/2,Addis Abeba 25th Anniversary Tournament 1983
/tablesa/adejejuv.html,1/2,Trofeo Juvenil Villa de Adeje (Tenerife)
/tablesa/adodenhaag35-37.html,1/2,Tournaments ADO Den Haag 1935-1937
/tablesa/aef.html,2/5,Coupe d'Afrique Equatoriale Française
/tablesa/aegean-u17.html,1/2,U-15 Bora Özturk Cup and U-16/U-17 Aegean Cup (Turkey)
/tablesa/aek-beograd99.html,1/1,AEK Benefit Match 1999 (Beograd)
/tablesa/af1.html,61/5,African Champions' Cup
/tablesa/af2.html,31/4,African Cup Winners' Cup
/tablesa/af3.html,36/4,CAF Cup and Confederation Cup
/tablesa/afa100-93.html,1/3,Copa Centenario de la A.F.A.
/tablesa/afc-emerging.html,7/7,AFC Challenge Cup
/tablesa/afc-emerging06.html,3/2,AFC Challenge Cup 2006 (Bangladesh)
/tablesa/afc-emerging08.html,4/4,AFC Challenge Cup 2008
/tablesa/afc-emerging2010.html,5/4,AFC Challenge Cup 2010
/tablesa/afc-emerging2012.html,4/4,AFC Challenge Cup 2012
/tablesa/afc-emerging2014.html,4/7,AFC Challenge Cup 2014
/tablesa/afccl-alltime.html,1/1,Asian Cups - All-Time Tables
/tablesa/afcup00.html,3/8,African Club Competitions 2000
/tablesa/afcup01.html,3/6,African Club Competitions 2001
/tablesa/afcup02.html,3/6,African Club Competitions 2002
/tablesa/afcup03.html,5/6,African Club Competitions 2003
/tablesa/afcup04.html,3/5,African Club Competitions 2004
/tablesa/afcup05.html,3/6,African Club Competitions 2005
/tablesa/afcup06.html,3/6,African Club Competitions 2006
/tablesa/afcup07.html,3/6,African Club Competitions 2007
/tablesa/afcup08.html,3/6,African Club Competitions 2008
/tablesa/afcup09.html,3/6,African Club Competitions 2009
/tablesa/afcup2010.html,3/6,African Club Competitions 2010
/tablesa/afcup2011.html,3/6,African Club Competitions 2011
/tablesa/afcup2012.html,3/6,African Club Competitions 2012
/tablesa/afcup2013.html,3/6,African Club Competitions 2013
/tablesa/afcup2014.html,3/6,African Club Competitions 2014
/tablesa/afcup2015.html,3/6,African Club Competitions 2015
/tablesa/afcup2016.html,3/7,African Club Competitions 2016
/tablesa/afcup2017.html,3/6,African Club Competitions 2017
/tablesa/afcup2018.html,3/6,African Club Competitions 2018
/tablesa/afcup2019.html,3/6,African Club Competitions 2018/19
/tablesa/afcup2020.html,3/6,African Club Competitions 2019/20
/tablesa/afcup2021.html,3/6,African Club Competitions 2020/21
/tablesa/afcup2022.html,3/6,African Club Competitions 2021/22
/tablesa/afcup2023.html,2/7,African Club Competitions 2022/23
/tablesa/afcup64.html,2/3,African Club Competitions 1964/65
/tablesa/afcup66.html,4/3,African Club Competitions 1966
/tablesa/afcup67.html,4/3,African Club Competitions 1967
/tablesa/afcup68.html,4/3,African Club Competitions 1968
/tablesa/afcup69.html,4/3,African Club Competitions 1969
/tablesa/afcup70.html,4/3,African Club Competitions 1970
/tablesa/afcup71.html,3/3,African Club Competitions 1971
/tablesa/afcup72.html,4/3,African Club Competitions 1972
/tablesa/afcup73.html,4/3,African Club Competitions 1973
/tablesa/afcup74.html,3/3,African Club Competitions 1974
/tablesa/afcup75.html,4/4,African Club Competitions 1975
/tablesa/afcup76.html,4/4,African Club Competitions 1976
/tablesa/afcup77.html,3/4,African Club Competitions 1977
/tablesa/afcup78.html,3/4,African Club Competitions 1978
/tablesa/afcup79.html,3/5,African Club Competitions 1979
/tablesa/afcup80.html,3/4,African Club Competitions 1980
/tablesa/afcup81.html,3/4,African Club Competitions 1981
/tablesa/afcup82.html,3/5,African Club Competitions 1982
/tablesa/afcup83.html,3/5,African Club Competitions 1983
/tablesa/afcup84.html,3/4,African Club Competitions 1984
/tablesa/afcup85.html,3/4,African Club Competitions 1985
/tablesa/afcup86.html,3/4,African Club Competitions 1986
/tablesa/afcup87.html,3/4,African Club Competitions 1987
/tablesa/afcup88.html,3/4,African Club Competitions 1988
/tablesa/afcup89.html,3/4,African Club Competitions 1989
/tablesa/afcup90.html,3/4,African Club Competitions 1990
/tablesa/afcup91.html,3/4,African Club Competitions 1991
/tablesa/afcup92.html,3/6,African Club Competitions 1992
/tablesa/afcup93.html,4/6,African Club Competitions 1993
/tablesa/afcup94.html,3/6,African Club Competitions 1994
/tablesa/afcup95.html,3/6,African Club Competitions 1995
/tablesa/afcup96.html,3/6,African Club Competitions 1996
/tablesa/afcup97.html,3/6,African Club Competitions 1997
/tablesa/afcup98.html,3/6,African Club Competitions 1998
/tablesa/afcup99.html,3/8,African Club Competitions 1999
/tablesa/afcwomcup1921.html,1/2,AFC Women's Championship 2019-2021
/tablesa/afgh-intres.html,1/2,Afghanistan - List of International Matches
/tablesa/afgh-maiwand.html,5/2,Afghanistan - Various Data 1969-2011
/tablesa/afgh-wom06.html,2/1,Afghanistan (Women) 2006
/tablesa/afgh-wom07.html,3/2,Afghanistan (Women) 2007
/tablesa/afgh-wom2011.html,3/2,Afghanistan (Women) 2011
/tablesa/afgh-wom2013.html,3/2,Afghanistan (Women) 2013
/tablesa/afgh-wom2014.html,3/2,Afghanistan (Women) 2014
/tablesa/afgh-wom2015.html,3/3,Afghanistan (Women) 2015
/tablesa/afgh-wom2017.html,3/2,Afghanistan (Women) 2017
/tablesa/afgh-wom2019.html,3/3,Afghanistan (Women) 2019
/tablesa/afgh-wom2020.html,3/2,Afghanistan (Women) 2020
/tablesa/afgh-wom2021.html,2/2,Afghanistan (Women) 2021
/tablesa/afgh02.html,5/3,Afghanistan 2002
/tablesa/afgh05.html,4/2,Afghanistan 2005
/tablesa/afgh06.html,4/3,Afghanistan 2006
/tablesa/afgh07.html,4/3,Afghanistan 2007
/tablesa/afgh08.html,4/2,Afghanistan 2008
/tablesa/afgh09.html,4/3,Afghanistan 2009
/tablesa/afgh2010.html,4/3,Afghanistan 2010
/tablesa/afgh2011.html,4/2,Afghanistan 2011
/tablesa/afgh2012.html,4/4,Afghanistan 2012
/tablesa/afgh2013.html,4/5,Afghanistan 2013
/tablesa/afgh2014.html,4/4,Afghanistan 2014
/tablesa/afgh2015.html,4/4,Afghanistan 2015
/tablesa/afgh2016.html,4/4,Afghanistan 2016
/tablesa/afgh2017.html,4/4,Afghanistan 2017
/tablesa/afgh2018.html,4/4,Afghanistan 2018
/tablesa/afgh2019.html,4/4,Afghanistan 2019
/tablesa/afgh2020.html,4/4,Afghanistan 2020
/tablesa/afgh2021.html,4/3,Afghanistan 2021
/tablesa/afgh2022.html,4/4,Afghanistan 2022
/tablesa/afgh2024.html,4/4,Afghanistan 2024
/tablesa/afgh2025.html,4/4,Afghanistan 2024/25
/tablesa/afgh2026.html,3/4,Afghanistan 2025/26
/tablesa/afgh84.html,4/3,Afghanistan 1984
/tablesa/afghchamp.html,21/26,Afghanistan - List of Champions
/tablesa/afghfound.html,1/2,Afghanistan - List of Foundation Dates
/tablesa/afpdberm65.html,1/2,Associação de Futebol de Ponta Delgada (Azores) tour of Bermuda 1964/65
/tablesa/afr-cism02.html,2/3,1st Africa Military Games (CISM) Nairobi 2002
/tablesa/afr-club-friend-tourn81.html,2/3,African Club Tournaments 1981
/tablesa/afr-club-friend-tourn82.html,4/5,African Club Tournaments 1982
/tablesa/afr-club-friend-tourn83.html,2/3,African Club Tournaments 1983
/tablesa/afr-friendship.html,5/6,French African Friendship Games 1960-1963
/tablesa/afr-military.html,3/4,African Military Cup (Comparoé Trophy)
/tablesa/afr-u17.html,22/22,African U-17 Championship
/tablesa/afr-u17-01.html,4/4,African U-17 Championship 2001
/tablesa/afr-u17-03.html,4/3,African U-17 Championship 2003
/tablesa/afr-u17-05.html,4/4,African U-17 Championship 2005
/tablesa/afr-u17-07.html,4/3,African U-17 Championship 2007
/tablesa/afr-u17-09.html,4/3,African U-17 Championship 2009
/tablesa/afr-u17-2011.html,5/4,African U-17 Championship 2011
/tablesa/afr-u17-2013.html,4/3,African U-17 Championship 2013
/tablesa/afr-u17-2015.html,4/3,African U-17 Championship 2015
/tablesa/afr-u17-2017.html,4/3,African U-17 Championship 2017
/tablesa/afr-u17-2019.html,4/4,African U-17 Championship 2019
/tablesa/afr-u17-2023.html,4/3,African U-17 Championship 2023
/tablesa/afr-u17-2025.html,3/3,African U-17 Championship 2025
/tablesa/afr-u17-85.html,4/2,African Qualifying for U-16 World Cup 1985
/tablesa/afr-u17-87.html,5/3,African Qualifying for U-16 World Cup 1987
/tablesa/afr-u17-89.html,5/3,African Qualifying for U-16 World Cup 1989
/tablesa/afr-u17-91.html,5/3,African Qualifying for U-17 World Cup 1991
/tablesa/afr-u17-93.html,5/3,African Qualifying for U-17 World Cup 1993
/tablesa/afr-u17-95.html,5/3,African U-17 Championship 1995
/tablesa/afr-u17-97.html,5/3,African U-17 Championship 1997
/tablesa/afr-u17-99.html,5/3,African U-17 Championship 1999
/tablesa/afr-u20-05.html,4/3,African U-20 Championship 2005
/tablesa/afr-u20-07.html,4/3,African U-20 Championship 2007
/tablesa/afr-u20-09.html,4/3,African U-20 Championship 2009
/tablesa/afr-u20-2011.html,4/3,African U-20 Championship 2011
/tablesa/afr-u20-2013.html,4/3,African U-20 Championship 2013
/tablesa/afr-u20-2015.html,4/3,African U-20 Championship 2015
/tablesa/afr-u20-2017.html,4/3,African U-20 Championship 2017
/tablesa/afr-u20-2019.html,4/4,African U-20 Championship 2019
/tablesa/afr-u20-2021.html,4/5,African U-20 Championship 2021
/tablesa/afr-u20-2023.html,6/7,African U-20 Championship 2023
/tablesa/afr-u20-2025.html,4/6,African U-20 Championship 2025
/tablesa/afr-u21.html,29/27,African Youth Championship
/tablesa/afr-u21-01.html,4/4,African U-21 Championship 2001
/tablesa/afr-u21-03.html,4/3,African U-20 Championship 2003
/tablesa/afr-u21-77.html,5/2,African U-21 1977
/tablesa/afr-u21-79.html,5/3,African U-21 Championship 1979
/tablesa/afr-u21-81.html,5/3,African U-21 Championship 1981
/tablesa/afr-u21-83.html,5/3,African U-21 Championship 1983
/tablesa/afr-u21-85.html,5/4,African U-21 Championship 1985
/tablesa/afr-u21-87.html,5/4,African U-21 Championship 1987
/tablesa/afr-u21-89.html,5/4,African U-21 Championship 1989
/tablesa/afr-u21-91.html,5/4,African U-21 Championship 1991
/tablesa/afr-u21-93.html,5/4,African U-21 Championship 1993
/tablesa/afr-u21-95.html,6/3,African U-21 Championship 1995
/tablesa/afr-u21-97.html,5/3,African U-21 Championship 1997
/tablesa/afr-u21-99.html,5/4,African U-21 Championship 1999
/tablesa/afr-u23.html,5/5,African U-23 Championship
/tablesa/afr-u23-2011.html,4/4,African U-23 Championship 2011
/tablesa/afr-u23-2015.html,5/4,African U-23 Championship 2015
/tablesa/afr-u23-2019.html,5/4,African U-23 Championship 2019
/tablesa/afr-u23-2023.html,5/4,African U-23 Championship 2023
/tablesa/afr-wom-u17.html,10/10,African Women U-17 World Cup Qualifying
/tablesa/afr-wom-u17-08.html,4/3,African Women U-17 Championship 2008
/tablesa/afr-wom-u17-2010.html,5/4,African Women U-17 Qualifying Tournament 2010
/tablesa/afr-wom-u17-2012.html,5/4,African Women U-17 Qualifying Tournament 2012
/tablesa/afr-wom-u17-2013.html,5/4,African Women U-17 Qualifying Tournament 2013
/tablesa/afr-wom-u17-2016.html,5/4,African Women U-17 Qualifying Tournament 2016
/tablesa/afr-wom-u17-2018.html,5/4,African Women U-17 Qualifying Tournament 2018
/tablesa/afr-wom-u17-2022.html,4/4,African Women U-17 Qualifying Tournament 2022
/tablesa/afr-wom-u17-2024.html,4/4,African Women U-17 Qualifying Tournament 2024
/tablesa/afr-wom-u17-2025.html,3/5,African Women U-17 Qualifying Tournament 2025
/tablesa/afr-wom-u19-02.html,4/3,African Women U-19 Championship 2002
/tablesa/afr-wom-u19-08.html,5/4,African Women U-20 World Cup 2008 Qualifying
/tablesa/afr-wom-u19-2010.html,5/4,African Women U-20 World Cup 2010 Qualifying
/tablesa/afr-wom-u19-2012.html,5/4,African Women U-20 World Cup 2012 Qualifying
/tablesa/afr-wom-u19-2014.html,5/4,African Women U-20 World Cup 2014 Qualifying
/tablesa/afr-wom-u19-2016.html,5/4,African Women U-20 World Cup 2016 Qualifying
/tablesa/afr-wom-u19-2018.html,5/4,African Women U-20 World Cup 2018 Qualifying
/tablesa/afr-wom-u19-2022.html,4/4,African Women U-20 World Cup 2022 Qualifying
/tablesa/afr-wom-u19-2024.html,4/5,African Women U-20 World Cup 2024 Qualifying
/tablesa/afr-wom-u20.html,12/12,African Women U-20 World Cup Qualifying
/tablesa/afr-wom-u20-06.html,5/4,African Women U-20 Championship 2006
/tablesa/afr-women.html,16/18,Africa - Women's Championship
/tablesa/afr-women-allt.html,1/2,All-Time Ranking African Women's Championship 1991-2014
/tablesa/afr-women00.html,4/4,Africa - Women's Championship 2000
/tablesa/afr-women02.html,6/5,Africa - Women's Championship 2002
/tablesa/afr-women02det.html,4/1,Africa - Women's Championship 2002 - Details
/tablesa/afr-women04.html,4/3,Africa - Women's Championship 2004
/tablesa/afr-women06.html,4/4,Africa - Women's Championship 2006
/tablesa/afr-women08.html,4/3,Africa - Women's Championship 2008
/tablesa/afr-women2010.html,5/4,Africa - Women's Championship 2010
/tablesa/afr-women2012.html,4/3,Africa - Women's Championship 2012
/tablesa/afr-women2014.html,5/4,Africa - Women's Championship 2014
/tablesa/afr-women2016.html,4/3,Africa - Women's Championship 2016
/tablesa/afr-women2018.html,5/4,Africa - Women's Championship 2018
/tablesa/afr-women2022.html,6/5,Africa - Women's Championship 2022
/tablesa/afr-women2025.html,3/3,Africa - Women's Championship 2025
/tablesa/afr-women91.html,4/4,Africa - Women's Championship 1991
/tablesa/afr-women95.html,5/5,Africa - Women's Championship 1995
/tablesa/afr-women98.html,5/4,Africa - Women's Championship 1998
/tablesa/afras.html,4/1,Afro-Asian Club Championship
/tablesa/afrchamp.html,38/111,African Nations Cup
/tablesa/afrcl-alltime.html,1/1,African Cups - All-Time Tables
/tablesa/afrcoef.html,1/1,African Cups Coefficients 1994-1998
/tablesa/afrgames.html,16/19,African Games
/tablesa/afrgames-wom.html,8/7,African Games (Women)
/tablesa/afrgames-wom03.html,4/3,African Games (Women) 2003
/tablesa/afrgames-wom07.html,5/6,African Games (Women) 2007
/tablesa/afrgames-wom2011.html,5/5,African Games (Women) 2011
/tablesa/afrgames-wom2015.html,5/4,African Games (Women) 2015
/tablesa/afrgames-wom2019.html,5/4,African Games (Women) 2019
/tablesa/afrgames-wom2024.html,4/5,African Games (Women) 2024
/tablesa/afrgames03.html,5/4,African Games 2003
/tablesa/afrgames07.html,5/4,African Games 2007
/tablesa/afrgames2011.html,5/5,African Games 2011
/tablesa/afrgames2015.html,5/4,African Games 2015
/tablesa/afrgames2019.html,6/4,African Games 2019
/tablesa/afrgames2024.html,5/5,African Games 2024
/tablesa/afrgames65.html,3/4,African Games 1965
/tablesa/afrgames73.html,7/9,African Games 1973
/tablesa/afrgames78.html,5/4,African Games 1978
/tablesa/afrgames87.html,7/6,African Games 1987
/tablesa/afrgames91.html,5/6,African Games 1991
/tablesa/afrgames95.html,5/3,African Games 1995
/tablesa/afrgames99.html,4/3,African Games 1999
/tablesa/afrobrasil74.html,1/2,Torneio Afro-Brasil 1974
/tablesa/afrolatin73.html,1/3,Afro-Latinamerican Games (Mexico) 1973
/tablesa/afrrank03.html,4/3,CAF 5-Year Ranking
/tablesa/afrtops.html,1/2,African Nations Cup - Topscorers
/tablesa/afrzone2.html,5/6,Africa - Tournoi de la zone 2
/tablesa/afsup.html,37/2,African Super Cup
/tablesa/afwomcup2021.html,1/2,CAF Women's Champions League 2021
/tablesa/agadir89.html,1/2,Agadir Tournament 1989 (Morocco)
/tablesa/agakhan.html,4/8,Aga Khan Gold Cup
/tablesa/agnelli-u16.html,1/2,Youth International Tournament - Città di Bergamo-Valli Bergamasche
/tablesa/agribank.html,8/8,Agribank Cup (Vietnam)
/tablesa/agribank-sd09.html,4/3,VFF SmartDoor Cup 2009 (Hanoi)
/tablesa/agribank-sh2010.html,3/2,VFF SonHa Cup 2010
/tablesa/agribank-tt08.html,4/4,T&T Cup 2008 (Hanoi)
/tablesa/agribank-u23-viet05.html,4/3,U-23 Agribank Cup (Vietnam) 2005
/tablesa/agribank04.html,3/4,Agribank Cup 2004 (Hanoi)
/tablesa/agribank06.html,4/3,Agribank Cup 2006 (Hanoi)
/tablesa/agribank07.html,4/3,Agribank Cup 2007 (Hanoi)
/tablesa/agricultura.html,1/2,"Trofeo Agricultura (Sa Pobla, Mallorca)"
/tablesa/agroponiente.html,1/2,Trofeo Agroponiente (Níjar-Almería)
/tablesa/agustin.html,1/2,Trofeo San Agustín (Avilés)
/tablesa/ahly05.html,1/1,"Al-Ahly International Tournament (Cairo, Egypt) 2005"
/tablesa/ahram98.html,1/2,"First Al-Ahram International Tournament (Alexandria, Egypt) 1998"
/tablesa/aik-asiatour65.html,2/3,"A.I.K. (Solna, Sweden) tour of Asia 1965"
/tablesa/aik-eastafrtour60.html,1/2,AIK (Sweden) tour of East Africa 1960
/tablesa/aik-medtour55.html,1/2,AIK (Sweden) Mediterranean tour 1955
/tablesa/aik-oostazietour54.html,2/3,"A.I.K. (Solna, Sweden) tour of Asia 1954"
/tablesa/airolo86.html,1/2,Airolo Tournament 1986 (Switzerland)
/tablesa/aja100-05.html,1/1,AJ Auxerre Centenary 2005
/tablesa/ajaccio-tourn93.html,1/2,Friendly Tournament in Ajaccio 1993
/tablesa/ajax-afr58.html,3/4,Ajax (Amsterdam) tour to Southern Africa 1958
/tablesa/ajax-arg79.html,1/3,Ajax (Amsterdam) Trip to Argentina 1979
/tablesa/ajax-indonesie75.html,3/2,Indonesia Trip of Ajax 1975
/tablesa/ajaxfeyenoord.html,1/2,Ajax vs Feyenoord since 1922
/tablesa/ajaxpasen25-52.html,2/3,Easter Tournaments Ajax (Amsterdam) 1925-1952
/tablesa/ajmedanmalaya58.html,1/2,Ajax Medan (Indonesia) tour of Malaya 1958
/tablesa/akcup01.html,1/2,AK Cup (Mashhad) 2001
/tablesa/aken82.html,1/2,Aachener Sommerturnier 1982
/tablesa/akwaba83.html,1/2,Taça Ak-waba 1983
/tablesa/alagoas00.html,3/2,Alagoas State League 2000
/tablesa/alagoas77.html,3/2,Alagoas State League 1977
/tablesa/alagoas95.html,4/3,Alagoas State League 1995
/tablesa/alagoas97.html,4/3,Alagoas State League 1997
/tablesa/alagoas98.html,4/3,Alagoas State League 1998
/tablesa/alagoas99.html,4/3,Alagoas State League 1999
/tablesa/alagoaschamp.html,0/6,Alagoas State League - List of Champions
/tablesa/alajuela-trip31.html,1/2,Mexican Trip of Alajuelense 1931
/tablesa/alajuela-trip60.html,1/2,World Trip of LD Alajuelense (Costa Rica) 1960
/tablesa/alania96.html,1/2,President of Alania Cup (Vladikavkaz) 1996
/tablesa/alanya-womcup2019.html,2/1,Alanya Gold City Womens Cup 2019
/tablesa/alanyagoldcity.html,2/2,"Alanya Gold City Womens Cup (Turkey, Women Tournament)"
/tablesa/alaska-wom07.html,2/1,Alaska (Women) 2007
/tablesa/alaska-wom08.html,2/2,Alaska (Women) 2008
/tablesa/alaska07.html,2/1,Alaska 2007
/tablesa/alaska08.html,3/2,Alaska 2008
/tablesa/alaska09.html,3/2,Alaska 2009
/tablesa/alaska2010.html,3/2,Alaska 2010
/tablesa/alaska2019.html,3/3,Alaska 2019
/tablesa/alaska2020.html,3/3,Alaska 2020
/tablesa/alaska2021.html,3/3,Alaska 2021
/tablesa/alaska2022.html,3/3,Alaska 2022
/tablesa/alaska2023.html,3/3,Alaska 2023
/tablesa/alaska2024.html,3/3,Alaska 2024
/tablesa/alaska2025.html,2/3,Alaska 2025
/tablesa/alaskafound.html,2/3,Alaska - List of Foundation Dates
/tablesa/alatoo.html,1/2,"Ala-Too Cup (Kant, Kyrgyzstan)"
/tablesa/alba-intres.html,7/8,Albania - International Matches - Overview
/tablesa/alba-ol-intres.html,1/2,Albania - Olympic Qualifiers
/tablesa/alba-wom07.html,4/1,Albania (Women) 2007
/tablesa/alba-wom09.html,5/3,Albania (Women) 2009
/tablesa/alba-wom2011.html,5/3,Albania (Women) 2010/11
/tablesa/alba-wom2013.html,5/4,Albania (Women) 2012/13
/tablesa/alba-wom2014.html,5/4,Albania (Women) 2013/14
/tablesa/alba-wom2015.html,5/4,Albania (Women) 2014/15
/tablesa/alba-wom2016.html,5/4,Albania (Women) 2015/16
/tablesa/alba-wom2017.html,5/4,Albania (Women) 2016/17
/tablesa/alba-wom2018.html,5/4,Albania (Women) 2017/18
/tablesa/alba-wom2019.html,5/4,Albania (Women) 2018/19
/tablesa/alba-wom2020.html,5/4,Albania (Women) 2019/20
/tablesa/alba-wom2021.html,5/4,Albania (Women) 2020/21
/tablesa/alba-wom2022.html,5/4,Albania (Women) 2021/22
/tablesa/alba-wom2023.html,5/4,Albania (Women) 2022/23
/tablesa/alba-wom2024.html,5/4,Albania (Women) 2023/24
/tablesa/alba-wom2025.html,4/3,Albania (Women) 2024/25
/tablesa/alba-womchamp.html,15/18,Albania - List of Women Champions
/tablesa/alba-womcuphist.html,2/18,Albania - List of Women Cup Finals
/tablesa/alba-ww2.html,6/4,Albania 1939-1942
/tablesa/alba00.html,5/5,Albania 1999/00
/tablesa/alba01.html,5/5,Albania 2000/01
/tablesa/alba02.html,6/5,Albania 2001/02
/tablesa/alba03.html,6/5,Albania 2002/03
/tablesa/alba04.html,6/5,Albania 2003/04
/tablesa/alba05.html,6/5,Albania 2004/05
/tablesa/alba06.html,7/5,Albania 2005/06
/tablesa/alba07.html,7/5,Albania 2006/07
/tablesa/alba08.html,7/5,Albania 2007/08
/tablesa/alba09.html,7/4,Albania 2008/09
/tablesa/alba1911.html,5/2,Fier Fair Tournament 1911
/tablesa/alba2010.html,7/6,Albania 2009/10
/tablesa/alba2011.html,7/5,Albania 2010/11
/tablesa/alba2012.html,7/5,Albania 2011/12
/tablesa/alba2013.html,7/5,Albania 2012/13
/tablesa/alba2014.html,7/5,Albania 2013/14
/tablesa/alba2015.html,7/5,Albania 2014/15
/tablesa/alba2016.html,7/5,Albania 2015/16
/tablesa/alba2017.html,7/5,Albania 2016/17
/tablesa/alba2018.html,7/5,Albania 2017/18
/tablesa/alba2019.html,7/5,Albania 2018/19
/tablesa/alba2020.html,7/5,Albania 2019/20
/tablesa/alba2021.html,7/5,Albania 2020/21
/tablesa/alba2022.html,7/5,Albania 2021/22
/tablesa/alba2023.html,7/5,Albania 2022/23
/tablesa/alba2024.html,7/5,Albania 2023/24
/tablesa/alba2025.html,7/5,Albania 2024/25
/tablesa/alba2026.html,6/6,Albania 2025/26
/tablesa/alba30.html,7/4,Albania 1930
/tablesa/alba31.html,7/4,Albania 1931
/tablesa/alba32.html,7/4,Albania 1932
/tablesa/alba33.html,7/4,Albania 1933
/tablesa/alba34.html,7/4,Albania 1934
/tablesa/alba36.html,7/4,Albania 1936
/tablesa/alba37.html,8/5,Albania 1937
/tablesa/alba45.html,8/6,Albania 1945
/tablesa/alba46.html,7/5,Albania 1946
/tablesa/alba47.html,7/5,Albania 1947
/tablesa/alba48.html,7/5,Albania 1948
/tablesa/alba49.html,7/4,Albania 1948/49
/tablesa/alba49a.html,7/5,Albania 1949
/tablesa/alba50.html,6/4,Albania 1950
/tablesa/alba51.html,6/4,Albania 1951
/tablesa/alba52.html,6/4,Albania 1952
/tablesa/alba53.html,6/4,Albania 1953
/tablesa/alba54.html,6/4,Albania 1954
/tablesa/alba55.html,6/4,Albania 1955
/tablesa/alba56.html,6/4,Albania 1956
/tablesa/alba57.html,6/4,Albania 1957
/tablesa/alba58.html,6/4,Albania 1958
/tablesa/alba59.html,6/4,Albania 1959
/tablesa/alba60.html,6/4,Albania 1960
/tablesa/alba61.html,6/4,Albania 1961
/tablesa/alba62.html,6/2,Albania 1962
/tablesa/alba63.html,6/4,Albania 1962/63
/tablesa/alba64.html,6/4,Albania 1963/64
/tablesa/alba65.html,6/4,Albania 1964/65
/tablesa/alba66.html,6/4,Albania 1965/66
/tablesa/alba67.html,6/4,Albania 1966/67
/tablesa/alba68.html,6/4,Albania 1968
/tablesa/alba70.html,6/4,Albania 1969/70
/tablesa/alba71.html,6/4,Albania 1970/71
/tablesa/alba72.html,6/4,Albania 1971/72
/tablesa/alba73.html,6/4,Albania 1972/73
/tablesa/alba74.html,6/4,Albania 1973/74
/tablesa/alba75.html,6/4,Albania 1974/75
/tablesa/alba76.html,6/4,Albania 1975/76
/tablesa/alba77.html,6/4,Albania 1976/77
/tablesa/alba78.html,6/4,Albania 1977/78
/tablesa/alba79.html,6/4,Albania 1978/79
/tablesa/alba80.html,5/4,Albania 1979/80
/tablesa/alba81.html,5/4,Albania 1980/81
/tablesa/alba82.html,5/4,Albania 1981/82
/tablesa/alba83.html,5/4,Albania 1982/83
/tablesa/alba84.html,5/4,Albania 1983/84
/tablesa/alba85.html,5/4,Albania 1984/85
/tablesa/alba86.html,5/4,Albania 1985/86
/tablesa/alba87.html,5/4,Albania 1986/87
/tablesa/alba88.html,5/5,Albania 1987/88
/tablesa/alba89.html,5/5,Albania 1988/89
/tablesa/alba90.html,5/5,Albania 1989/90
/tablesa/alba91.html,5/5,Albania 1990/91
/tablesa/alba92.html,5/5,Albania 1991/92
/tablesa/alba93.html,5/5,Albania 1992/93
/tablesa/alba94.html,5/5,Albania 1993/94
/tablesa/alba95.html,5/5,Albania 1994/95
/tablesa/alba96.html,5/6,Albania 1995/96
/tablesa/alba97.html,5/6,Albania 1996/97
/tablesa/alba98.html,5/6,Albania 1997/98
/tablesa/alba99.html,5/5,Albania 1998/99
/tablesa/albaalltime.html,1/2,Albania - All-Time Table
/tablesa/albachamp.html,91/107,Albania - List of Champions
/tablesa/albacup00.html,4/2,Albania Cup 1999/2000
/tablesa/albacup01.html,4/2,Albania Cup 2000/01
/tablesa/albacup02.html,4/2,Albania Cup 2001/02
/tablesa/albacup03.html,4/2,Albania Cup 2002/03
/tablesa/albacup04.html,4/2,Albania Cup 2003/04
/tablesa/albacup05.html,4/3,Albania Cup 2004/05
/tablesa/albacup06.html,4/3,Albania Cup 2005/06
/tablesa/albacup07.html,4/3,Albania Cup 2006/07
/tablesa/albacup08.html,4/3,Albania Cup 2007/08
/tablesa/albacup09.html,6/3,Albania Cup 2008/09
/tablesa/albacup97.html,4/2,Albania Cup 1996/97
/tablesa/albacup98.html,4/2,Albania Cup 1997/98
/tablesa/albacup99.html,4/2,Albania Cup 1998/99
/tablesa/albacuphist.html,41/106,Albania - List of Cup Finals
/tablesa/albacuphistfull.html,2/2,Albania - Cup Data 1948-1987
/tablesa/albafound.html,1/24,Albania - List of Foundation Dates
/tablesa/albanese.html,1/2,Catanese Championship - Coppa Albanese
/tablesa/albaplall.html,1/2,Albania - Final Placings
/tablesa/albasupcuphist.html,6/74,Albania - List of Super Cup Finals
/tablesa/albduires.html,4/2,Albania-Germany matches
/tablesa/albena-azebls01.html,1/4,Matches played by Azerbaijan and Belarus in Albena and Varna 2001
/tablesa/albena-varna.html,4/5,Albena Cup (Bulgaria)
/tablesa/albena-varna01.html,4/4,Albena-Mobiltel 2001 Tournament (Varna)
/tablesa/albena-varna02.html,3/2,Albena-Mobiltel 2002 Tournament (Varna)
/tablesa/albgrkres.html,3/3,Albania-Greece matches
/tablesa/albkosres.html,3/3,Derbi vëllazëror - Albania-Kosovo matches
/tablesa/albromres.html,3/3,Albania-Romania matches
/tablesa/albturres.html,3/3,Albania-Turkey matches
/tablesa/albuanima09.html,1/1,"1st Troféu Albufeira Anima (Albufeira, Portugal) 2009"
/tablesa/albufeira07.html,1/1,Troféu Cidade de Albufeira 2007
/tablesa/albufeira2012.html,1/1,Albufeira Summer Cup 2012 – Albufeira
/tablesa/alcarria.html,1/2,Trofeo de la Alcarria (Guadalajara)
/tablesa/alcoy.html,1/2,Trofeo Ciudad de Alcoy
/tablesa/alcudia-u20.html,1/5,U-20 Tournament in l'Alcúdia (Spain)
/tablesa/alcudia-wom-u20.html,1/3,Women U-20 Tournament in l'Alcúdia (Spain)
/tablesa/alessandria.html,1/2,Unione Sportiva Alessandria 1912
/tablesa/alevin00.html,1/2,Seventh Spanish U-16 Championship 2000
/tablesa/alexandria07.html,1/1,Alexandria International Tournament 2007
/tablesa/alg-ac.html,1/2,Algerian Clubs in African Cups
/tablesa/alg-fln-intres.html,7/6,Algeria - Equipe ALN and Equipe FLN - History and Matches
/tablesa/alg-intres.html,6/7,Algeria - List of International Matches
/tablesa/alg-intres0009.html,3/5,Algeria - Details of International Matches 2000-2009
/tablesa/alg-intres1014.html,3/5,Algeria - Details of International Matches 2010-2014
/tablesa/alg-intres2002.html,5/3,Algeria - Details of International Matches 2002
/tablesa/alg-intres2003.html,5/2,Algeria - Details of International Matches 2003
/tablesa/alg-stade5juillet72.html,2/2,Inauguration Stade 5 Juillet 1972 (Alger)
/tablesa/alg-wom04.html,5/4,Algeria (Women) 2003/04
/tablesa/alg-wom05.html,5/4,Algeria (Women) 2004/05
/tablesa/alg-wom06.html,5/4,Algeria (Women) 2005/06
/tablesa/alg-wom07.html,5/4,Algeria (Women) 2006/07
/tablesa/alg-wom08.html,5/4,Algeria (Women) 2007/08
/tablesa/alg-wom09.html,5/4,Algeria (Women) 2009
/tablesa/alg-wom2010.html,5/4,Algeria (Women) 2010
/tablesa/alg-wom2011.html,5/4,Algeria (Women) 2010/11
/tablesa/alg-wom2012.html,5/4,Algeria (Women) 2011/12
/tablesa/alg-wom2013.html,5/4,Algeria (Women) 2012/13
/tablesa/alg-wom2014.html,5/4,Algeria (Women) 2013/14
/tablesa/alg-wom2015.html,5/4,Algeria (Women) 2014/15
/tablesa/alg-wom2016.html,5/4,Algeria (Women) 2015/16
/tablesa/alg-wom2017.html,5/4,Algeria (Women) 2016/17
/tablesa/alg-wom2018.html,5/4,Algeria (Women) 2017/18
/tablesa/alg-wom2019.html,5/5,Algeria (Women) 2018/19
/tablesa/alg-wom2020.html,5/4,Algeria (Women) 2019/20
/tablesa/alg-wom2021.html,5/4,Algeria (Women) 2020/21
/tablesa/alg-wom2022.html,5/4,Algeria (Women) 2021/22
/tablesa/alg-wom2023.html,5/5,Algeria (Women) 2022/23
/tablesa/alg-wom2024.html,5/5,Algeria (Women) 2023/24
/tablesa/alg-wom2025.html,5/5,Algeria (Women) 2024/25
/tablesa/alg-wom2026.html,4/4,Algeria (Women) 2025/26
/tablesa/alg-wom2champ.html,1/1,Algeria (Women) - List of Second Level Champions
/tablesa/alg-wom9803.html,3/1,Algeria (Women) 1998/99-2002/03
/tablesa/alg-womchamp.html,24/24,Algeria (Women) - List of Champions
/tablesa/alg-womcuphist.html,21/25,Algeria (Women) - List of Cup Winners
/tablesa/alg00.html,5/7,Algeria 1999/2000
/tablesa/alg01.html,5/7,Algeria 2000/01
/tablesa/alg02.html,5/6,Algeria 2001/02
/tablesa/alg03.html,5/7,Algeria 2002/03
/tablesa/alg04.html,5/6,Algeria 2003/04
/tablesa/alg05.html,5/6,Algeria 2004/05
/tablesa/alg06.html,5/5,Algeria 2005/06
/tablesa/alg07.html,5/5,Algeria 2006/07
/tablesa/alg08.html,5/5,Algeria 2007/08
/tablesa/alg09.html,5/5,Algeria 2008/09
/tablesa/alg17.html,5/3,Algeria 1916/17
/tablesa/alg18.html,5/3,Algeria 1917/18
/tablesa/alg1905.html,4/3,Algeria 1904/05
/tablesa/alg1906.html,5/2,Algeria 1905/06
/tablesa/alg2010.html,5/5,Algeria 2009/10
/tablesa/alg2011.html,5/5,Algeria 2010/11
/tablesa/alg2012.html,5/5,Algeria 2011/12
/tablesa/alg2013.html,5/5,Algeria 2012/13
/tablesa/alg2014.html,5/5,Algeria 2013/14
/tablesa/alg2015.html,5/5,Algeria 2014/15
/tablesa/alg2016.html,5/5,Algeria 2015/16
/tablesa/alg2017.html,5/5,Algeria 2016/17
/tablesa/alg2018.html,5/5,Algeria 2017/18
/tablesa/alg2019.html,5/5,Algeria 2018/19
/tablesa/alg2020.html,5/5,Algeria 2019/20
/tablesa/alg2021.html,5/6,Algeria 2020/21
/tablesa/alg2022.html,5/4,Algeria 2021/22
/tablesa/alg2023.html,5/5,Algeria 2022/23
/tablesa/alg2024.html,5/5,Algeria 2023/24
/tablesa/alg2025.html,5/5,Algeria 2024/25
/tablesa/alg2026.html,4/6,Algeria 2025/26
/tablesa/alg21.html,6/4,Algeria 1920/21
/tablesa/alg22.html,6/4,Algeria 1921/22
/tablesa/alg23.html,6/4,Algeria 1922/23
/tablesa/alg24.html,6/4,Algeria 1923/24
/tablesa/alg25.html,6/4,Algeria 1924/25
/tablesa/alg26.html,6/4,Algeria 1925/26
/tablesa/alg27.html,6/4,Algeria 1926/27
/tablesa/alg28.html,6/4,Algeria 1927/28
/tablesa/alg29.html,6/4,Algeria 1928/29
/tablesa/alg2champ.html,1/2,Algeria - List of Second Level Champions
/tablesa/alg30.html,5/4,Algeria 1929/30
/tablesa/alg31.html,6/4,Algeria 1930/31
/tablesa/alg32.html,6/4,Algeria 1931/32
/tablesa/alg33.html,6/4,Algeria 1932/33
/tablesa/alg34.html,6/4,Algeria 1933/34
/tablesa/alg35.html,6/4,Algeria 1934/35
/tablesa/alg36.html,6/4,Algeria 1935/36
/tablesa/alg37.html,6/4,Algeria 1936/37
/tablesa/alg38.html,6/4,Algeria 1937/38
/tablesa/alg39.html,6/4,Algeria 1938/39
/tablesa/alg40.html,5/5,Algeria 1939/40
/tablesa/alg41.html,5/4,Algeria 1940/41
/tablesa/alg42.html,5/4,Algeria 1941/42
/tablesa/alg43.html,5/4,Algeria 1942/43
/tablesa/alg44.html,5/4,Algeria 1943/44
/tablesa/alg45.html,5/5,Algeria 1944/45
/tablesa/alg46.html,5/5,Algeria 1945/46
/tablesa/alg47.html,6/5,Algeria 1946/47
/tablesa/alg48.html,5/5,Algeria 1947/48
/tablesa/alg49.html,6/5,Algeria 1948/49
/tablesa/alg50.html,6/5,Algeria 1949/50
/tablesa/alg51.html,6/5,Algeria 1950/51
/tablesa/alg52.html,6/5,Algeria 1951/52
/tablesa/alg53.html,6/5,Algeria 1952/53
/tablesa/alg54.html,6/5,Algeria 1953/54
/tablesa/alg55.html,6/5,Algeria 1954/55
/tablesa/alg56.html,5/5,Algeria 1955/56
/tablesa/alg57.html,5/3,Algeria 1956/57
/tablesa/alg58.html,5/5,Algeria 1957/58
/tablesa/alg59.html,5/5,Algeria 1958/59
/tablesa/alg60.html,5/2,Algeria 1959/60
/tablesa/alg63.html,5/5,Algeria 1962/63
/tablesa/alg64.html,5/6,Algeria 1963/64
/tablesa/alg65.html,5/7,Algeria 1964/65
/tablesa/alg66.html,5/7,Algeria 1965/66
/tablesa/alg67.html,5/6,Algeria 1966/67
/tablesa/alg68.html,5/6,Algeria 1967/68
/tablesa/alg69.html,5/6,Algeria 1968/69
/tablesa/alg70.html,5/6,Algeria 1969/70
/tablesa/alg71.html,5/6,Algeria 1970/71
/tablesa/alg72.html,5/6,Algeria 1971/72
/tablesa/alg73.html,5/6,Algeria 1972/73
/tablesa/alg74.html,5/6,Algeria 1973/74
/tablesa/alg75.html,5/6,Algeria 1974/75
/tablesa/alg76.html,5/6,Algeria 1975/76
/tablesa/alg77.html,5/6,Algeria 1976/77
/tablesa/alg78.html,5/7,Algeria 1977/78
/tablesa/alg79.html,5/6,Algeria 1978/79
/tablesa/alg80.html,5/6,Algeria 1979/80
/tablesa/alg81.html,5/6,Algeria 1980/81
/tablesa/alg82.html,5/6,Algeria 1981/82
/tablesa/alg83.html,5/6,Algeria 1982/83
/tablesa/alg84.html,5/6,Algeria 1983/84
/tablesa/alg85.html,5/6,Algeria 1984/85
/tablesa/alg86.html,5/6,Algeria 1985/86
/tablesa/alg87.html,5/7,Algeria 1986/87
/tablesa/alg88.html,5/6,Algeria 1987/88
/tablesa/alg89.html,5/5,Algeria 1988/89
/tablesa/alg90.html,5/7,Algeria 1989/90
/tablesa/alg91.html,5/7,Algeria 1990/91
/tablesa/alg92.html,5/6,Algeria 1991/92
/tablesa/alg93.html,5/5,Algeria 1992/93
/tablesa/alg94.html,5/6,Algeria 1993/94
/tablesa/alg95.html,5/6,Algeria 1994/95
/tablesa/alg96.html,5/6,Algeria 1995/96
/tablesa/alg97.html,5/6,Algeria 1996/97
/tablesa/alg98.html,5/7,Algeria 1997/98
/tablesa/alg99.html,5/7,Algeria 1998/99
/tablesa/algalltime.html,1/2,Algeria - All-Time Table 1964/65-2021/22
/tablesa/algarve05.html,1/1,Taça do Algarve 2005
/tablesa/algchamp.html,109/117,Algeria - List of Champions
/tablesa/algcuphist.html,79/114,Algeria - List of Cup Finals
/tablesa/algeciras.html,1/2,Trofeo Bahía de Algeciras - Vírgen de la Palma
/tablesa/alger-ascen38.html,1/2,Tournoi de l'Ascension in Alger 1938
/tablesa/alger-tourn.html,1/6,International Tournaments in Algeria 1966-1975
/tablesa/alger-u18.html,1/3,U-18 Tournament in Alger
/tablesa/alger03.html,1/2,Tournoi International d'Alger 2003
/tablesa/algfound.html,2/2,Algeria - Foundation Dates of Clubs
/tablesa/alghist.html,1/2,Algeria - List of Final Tables
/tablesa/algtops.html,1/2,Algeria - List of Topscorers
/tablesa/alianzaatletico.html,1/2,Club Alianza Atlético Sullana
/tablesa/aliatlbolo.html,1/2,Alianza Atlético v Bolognesi
/tablesa/aliatluni.html,1/2,Alianza Atlético Sullano v Universitario
/tablesa/alibolo.html,1/2,Alianza Lima v Bolognesi
/tablesa/aliuni.html,1/2,Universitario v Alianza - Lima Derby - Super Clásico del Fútbol Peruano
/tablesa/aliunihuanaco.html,1/2,Club Social Deportivo y Cultural Alianza Universidad de Huánuco
/tablesa/alkarama08.html,1/1,Al-Karamah Tournament 2008 - Syria
/tablesa/allfirst95.html,30/1,Final Tables First Divisions of 1995 Seasons
/tablesa/allfirst96.html,31/1,Final Tables First Divisions of 1996 Seasons
/tablesa/allfirst9697.html,67/2,Final Tables First Divisions of 1996/97 Seasons
/tablesa/allfirst97.html,40/2,Final Tables First Divisions of 1997 Seasons
/tablesa/allfirst9798.html,68/2,Final Tables First Divisions of 1997/98 Seasons
/tablesa/allfirst98.html,42/2,Final Tables First Divisions of 1998 Seasons
/tablesa/alliercuphist.html,3/5,All-Ireland Cross-Border Cup Competitions
/tablesa/allsamoacup02.html,2/5,Samoa Cup 2002
/tablesa/allsamoacup04.html,2/4,Samoa Cup 2004
/tablesa/almagro-boltrip31.html,1/2,Almagro Trip to Bolivia 1931
/tablesa/almansa.html,1/2,Trofeo Ciudad de Almansa (Albacete)
/tablesa/almatv07.html,1/1,Alma TV Cup 2007 (Shimkent)
/tablesa/alpencup.html,29/32,Cup of the Alps
/tablesa/alpencups-bbi.html,1/1,Alpen Cups 2002-2004
/tablesa/alpenpokal41.html,3/5,Alpenpokal 1941-1942
/tablesa/alpi60.html,3/2,Cup of the Alps 1960
/tablesa/alpi61.html,4/3,Cup of the Alps 1961
/tablesa/alpi62.html,4/3,Cup of the Alps 1962
/tablesa/alpi63.html,4/3,Cup of the Alps 1963
/tablesa/alpi64.html,4/3,Cup of the Alps 1964
/tablesa/alpi66.html,4/3,Cup of the Alps 1966
/tablesa/alpi67.html,4/3,Cup of the Alps 1967
/tablesa/alpi68.html,4/4,Cup of the Alps 1968
/tablesa/alpi69.html,4/4,Cup of the Alps 1969
/tablesa/alpi70.html,4/3,Cup of the Alps 1970
/tablesa/alpi71.html,4/4,Cup of the Alps 1971
/tablesa/alpi72.html,4/3,Cup of the Alps 1972
/tablesa/alpi73.html,4/3,Cup of the Alps 1973
/tablesa/alpi74.html,4/3,Cup of the Alps 1974
/tablesa/alpi75.html,4/3,Cup of the Alps 1975
/tablesa/alpi76.html,4/3,Cup of the Alps 1976
/tablesa/alpi77.html,4/3,Cup of the Alps 1977
/tablesa/alpi78.html,4/3,Cup of the Alps 1978
/tablesa/alpi79.html,4/4,Cup of the Alps 1979
/tablesa/alpi80.html,4/4,Cup of the Alps 1980
/tablesa/alpi81.html,4/4,Cup of the Alps 1981
/tablesa/alpi82.html,4/4,Cup of the Alps 1982
/tablesa/alpi83.html,4/4,Cup of the Alps 1983
/tablesa/alpi84.html,4/3,Cup of the Alps 1984
/tablesa/alpi85.html,4/4,Cup of the Alps 1985
/tablesa/alpi87.html,3/2,Cup of the Alps 1987
/tablesa/alps-adria.html,2/3,U-20 Mirop Cup (Alpe Adria)
/tablesa/alps-reg-u20.html,2/2,U-20 Regional Competition (Central Europa) 2011-2013
/tablesa/alqueria.html,1/2,"Trofeo Sant Roc (Alqueria, Santanyi-Mallorca)"
/tablesa/altenberg83.html,1/2,Altenburg Cup 1983 (Switzerland)
/tablesa/altstaetten-u19.html,1/2,U-19 Tournament in Altstätten (Switzerland)
/tablesa/alumni.html,1/2,Alumni Athletic Club
/tablesa/amapa00.html,5/2,Amapá State League 2000
/tablesa/amapa97.html,3/2,Amapá State League 1997
/tablesa/amapa98.html,4/3,Amapá State League 1998
/tablesa/amapa99.html,6/3,Amapá State League 1999
/tablesa/amapachamp.html,0/4,Amapá State League - List of Champions
/tablesa/amapaplall.html,1/3,Amapá -- List of Clubwise Final Placings
/tablesa/amapatops.html,1/3,Amapá -- List of State Topscorers
/tablesa/amaroglez.html,1/2,Trofeo Amaro González (Alicante CF)
/tablesa/amartins05.html,1/1,Troféu Abílio Martins 2005
/tablesa/amat48.html,4/5,International Amateur Tournament 1948
/tablesa/amat63.html,2/3,International Amateur Tournament 1963
/tablesa/amat64.html,2/3,International Amateur Tournament 1964
/tablesa/amazon00.html,4/2,Amazonas State League 2000
/tablesa/amazon77.html,4/2,Amazonas State League 1977
/tablesa/amazon78.html,5/3,Amazonas State League 1978
/tablesa/amazon84.html,5/3,Amazonas State League 1984
/tablesa/amazon95.html,5/3,Amazonas State League 1995
/tablesa/amazon96.html,5/3,Amazonas State League 1996
/tablesa/amazon97.html,5/3,Amazonas State League 1997
/tablesa/amazon98.html,5/3,Amazonas State League 1998
/tablesa/amazon99.html,5/3,Amazonas State League 1999
/tablesa/amazonchamp.html,0/10,Amazonas State League - List of Champions
/tablesa/amazonhist.html,2/9,Amazonas State League - History 1970-1995
/tablesa/amazonia06.html,1/1,Copa de la Amazonia 2006
/tablesa/ambassadoren03.html,1/1,Ambassadoren Cup 2003 (Solothurn)
/tablesa/ame-military.html,5/2,Americas Military Cup
/tablesa/america.html,1/2,CF América
/tablesa/america-plata29.html,1/3,América FC (Rio de Janeiro) trip to Argentina and Uruguay 1929
/tablesa/america-rio-argtrip61.html,1/3,América FC (Rio de Janeiro) trip to Argentina 1961
/tablesa/america-rio-mextrip62.html,1/2,Mexican Trip of América FC (Rio de Janeiro) 1962
/tablesa/america-rio-platatrip59.html,1/3,América FC (Rio de Janeiro) trip to Argentina and Uruguay 1959
/tablesa/america-rio-venez65.html,1/2,América (Rio) Trip to Venezuela 1965
/tablesa/america-usatour38.html,1/2,United States Trip of CF América (Ciudad de México) 1938
/tablesa/america-zamtour54.html,1/2,South American Tour of CF América (Ciudad de México) 1954
/tablesa/america100-16.html,2/3,Centenary CF América 2016
/tablesa/america78-94.html,2/3,78th Anniversary CF América 1994
/tablesa/america87-03.html,3/4,87th Anniversary CF América 2003
/tablesa/americachivas.html,1/2,América vs Guadalajara - Clásico del Fútbol Méxicano
/tablesa/americacruzazul.html,1/2,América vs Cruz Azul - Clásico Jovén
/tablesa/americamex75-91.html,1/2,75th Anniversary of CF América 1991
/tablesa/americapumas.html,1/2,América vs Pumas UNAM
/tablesa/americas-u23-94.html,1/2,Torneo de las Americas U-23 Colombia 1994
/tablesa/amijapbra.html,1/1,Friendship Cup Brazil-Japan (Youth)
/tablesa/amilcar-cabral.html,4/13,Taça Amilcar Cabral
/tablesa/amilcar01.html,2/2,Copa Amilcar Cabral 2001 Details
/tablesa/amilcar75.html,3/3,Taça Amilcar Cabral 1975 Details
/tablesa/amistad.html,2/7,Amistad Cups 1989-92
/tablesa/amistad02.html,1/1,Trofeo de la Amistad 2002
/tablesa/amistad67.html,2/4,Torneo Amistad 1967
/tablesa/amistad68.html,2/4,Torneo Amistad 1967/68
/tablesa/amistad90.html,1/2,Torneo Amistad (Veracruz) 1990
/tablesa/amistad91.html,1/4,Copa Amistad 1991 (Buenos Aires)
/tablesa/amistad95.html,2/3,Copa Amistad 1995
/tablesa/amistadeibar.html,1/2,Trofeo de la Amistad (Eibar)
/tablesa/amitie-redstar90.html,1/2,4th Challenge de l'Amitié 1990 (France)
/tablesa/amitie61.html,4/5,Jeux de l'Amitié 1961 (Abidjan)
/tablesa/amitie63.html,3/4,Jeux de l'Amitié 1963 (Dakar)
/tablesa/amizade02.html,1/2,Taça Amizade 2002
/tablesa/amo.html,6/8,Amo Amateur Cup Competition
/tablesa/amsamoa-intres.html,1/2,American Samoa - List of International Matches
/tablesa/amsamoa-wom02.html,3/1,American Samoa (Women) 2002
/tablesa/amsamoa-wom04.html,4/2,American Samoa (Women) 2004
/tablesa/amsamoa-wom05.html,4/3,American Samoa (Women) 2004/05
/tablesa/amsamoa-wom07.html,4/3,American Samoa (Women) 2006
/tablesa/amsamoa-wom07a.html,4/3,American Samoa (Women) 2007
/tablesa/amsamoa-wom08.html,4/4,American Samoa (Women) 2008
/tablesa/amsamoa-wom09.html,4/4,American Samoa (Women) 2009
/tablesa/amsamoa-wom2010.html,4/4,American Samoa (Women) 2010
/tablesa/amsamoa-wom2011.html,4/3,American Samoa (Women) 2011
/tablesa/amsamoa-wom2012.html,4/3,American Samoa (Women) 2012
/tablesa/amsamoa-wom2013.html,4/3,American Samoa (Women) 2013
/tablesa/amsamoa-wom2014.html,4/3,American Samoa (Women) 2014
/tablesa/amsamoa-wom2015.html,4/3,American Samoa (Women) 2015
/tablesa/amsamoa-wom2016.html,4/3,American Samoa (Women) 2016
/tablesa/amsamoa-wom2017.html,4/3,American Samoa (Women) 2017
/tablesa/amsamoa-wom2018.html,4/4,American Samoa (Women) 2018
/tablesa/amsamoa-wom2019.html,4/4,American Samoa (Women) 2019
/tablesa/amsamoa-wom2021.html,4/4,American Samoa (Women) 2021
/tablesa/amsamoa-wom2022.html,4/4,American Samoa (Women) 2022
/tablesa/amsamoa-wom2023.html,4/4,American Samoa (Women) 2023
/tablesa/amsamoa-wom2024.html,4/4,American Samoa (Women) 2024
/tablesa/amsamoa-wom2025.html,3/3,American Samoa (Women) 2025
/tablesa/amsamoa-womchamp.html,21/23,American Samoa - List of Women Champions
/tablesa/amsamoa00.html,5/3,American Samoa 1999/2000
/tablesa/amsamoa02.html,6/4,American Samoa 2002
/tablesa/amsamoa03.html,5/3,American Samoa 2003
/tablesa/amsamoa04.html,5/2,American Samoa 2004 (youth)
/tablesa/amsamoa05.html,5/3,American Samoa 2004/05
/tablesa/amsamoa06.html,5/2,American Samoa 2005/06
/tablesa/amsamoa07.html,5/2,American Samoa 2006
/tablesa/amsamoa07a.html,5/4,American Samoa 2007
/tablesa/amsamoa08.html,5/4,American Samoa 2008
/tablesa/amsamoa09.html,5/4,American Samoa 2009
/tablesa/amsamoa2010.html,5/5,American Samoa 2010
/tablesa/amsamoa2011.html,5/4,American Samoa 2011
/tablesa/amsamoa2012.html,5/5,American Samoa 2012
/tablesa/amsamoa2013.html,5/6,American Samoa 2013
/tablesa/amsamoa2014.html,5/4,American Samoa 2014
/tablesa/amsamoa2015.html,5/4,American Samoa 2015
/tablesa/amsamoa2016.html,5/4,American Samoa 2016
/tablesa/amsamoa2017.html,5/3,American Samoa 2017
/tablesa/amsamoa2018.html,5/4,American Samoa 2018
/tablesa/amsamoa2019.html,5/4,American Samoa 2019
/tablesa/amsamoa2021.html,5/4,American Samoa 2021
/tablesa/amsamoa2022.html,5/4,American Samoa 2022
/tablesa/amsamoa2023.html,5/4,American Samoa 2023
/tablesa/amsamoa2024.html,5/4,American Samoa 2024
/tablesa/amsamoa2025.html,4/4,American Samoa 2025
/tablesa/amsamoa97.html,4/2,American Samoa 1996/97
/tablesa/amsamoachamp.html,24/28,American Samoa - List of Champions
/tablesa/amsamoacuphist.html,5/28,American Samoa - List of Shield and Cup Winners
/tablesa/amsamoafound.html,1/2,American Samoa - List of Foundation Dates
/tablesa/amsterdam.html,6/8,Amsterdam Tournament
/tablesa/amsterdam2003-det.html,2/1,Amsterdam Tournament 2003 - Details
/tablesa/amsterdam2004-det.html,2/2,Amsterdam Tournament 2004 - Details
/tablesa/amsterdam2005-det.html,2/2,Amsterdam Tournament 2005 - Details
/tablesa/amsterdam2006-det.html,2/1,Amsterdam Tournament 2006 - Details
/tablesa/amsterdam2007-det.html,2/1,Amsterdam Tournament 2007 - Details
/tablesa/ancash.html,1/2,Club Sport Ancash
/tablesa/andanico2010.html,2/1,Andaman and Nicobar Islands 2010
/tablesa/andanico2012.html,3/2,Andaman and Nicobar Islands 2012
/tablesa/andanico2013.html,3/2,Andaman and Nicobar Islands 2013
/tablesa/andanico2014.html,3/2,Andaman and Nicobar Islands 2014
/tablesa/andanico2016.html,3/2,Andaman and Nicobar Islands 2016/17
/tablesa/andanico2017.html,3/2,Andaman and Nicobar Islands 2017
/tablesa/andanico2018.html,3/2,Andaman and Nicobar Islands 2018
/tablesa/andanico2019.html,3/2,Andaman and Nicobar Islands 2019
/tablesa/andanico2024.html,3/2,Andaman and Nicobar Islands 2024
/tablesa/andanico2025.html,2/3,Andaman and Nicobar Islands 2025
/tablesa/andestalleres62.html,1/3,Inauguration of Estadio Andes Talleres SC (Mendoza) 1962
/tablesa/ando-futs-intres.html,1/2,Andorra - List of International Futsal Matches
/tablesa/ando-intres.html,3/4,Andorra - List of International Matches
/tablesa/ando-intres-det.html,2/1,Andorra - Details International Matches 1996-2002
/tablesa/ando00.html,8/5,Andorra 1999/2000
/tablesa/ando01.html,8/5,Andorra 2000/01
/tablesa/ando02.html,8/5,Andorra 2001/02
/tablesa/ando03.html,8/5,Andorra 2002/03
/tablesa/ando04.html,8/5,Andorra 2003/04
/tablesa/ando05.html,8/5,Andorra 2004/05
/tablesa/ando06.html,8/5,Andorra 2005/06
/tablesa/ando07.html,8/5,Andorra 2006/07
/tablesa/ando08.html,8/5,Andorra 2007/08
/tablesa/ando09.html,8/4,Andorra 2008/09
/tablesa/ando2010.html,8/6,Andorra 2009/10
/tablesa/ando2011.html,8/5,Andorra 2010/11
/tablesa/ando2012.html,8/5,Andorra 2011/12
/tablesa/ando2013.html,8/5,Andorra 2012/13
/tablesa/ando2014.html,8/5,Andorra 2013/14
/tablesa/ando2015.html,8/5,Andorra 2014/15
/tablesa/ando2016.html,8/5,Andorra 2015/16
/tablesa/ando2017.html,8/5,Andorra 2016/17
/tablesa/ando2018.html,8/5,Andorra 2017/18
/tablesa/ando2019.html,8/5,Andorra 2018/19
/tablesa/ando2020.html,8/5,Andorra 2019/20
/tablesa/ando2021.html,8/5,Andorra 2020/21
/tablesa/ando2022.html,8/5,Andorra 2021/22
/tablesa/ando2023.html,8/5,Andorra 2022/23
/tablesa/ando2024.html,8/5,Andorra 2023/24
/tablesa/ando2025.html,8/5,Andorra 2024/25
/tablesa/ando2026.html,7/6,Andorra 2025/26
/tablesa/ando2champ.html,1/2,Andorra - List of Second Level Champions
/tablesa/ando96.html,7/5,Andorra 1995/96
/tablesa/ando97.html,8/8,Andorra 1996/97
/tablesa/ando98.html,8/7,Andorra 1997/98
/tablesa/ando99.html,8/6,Andorra 1998/99
/tablesa/andoalltime.html,1/45,Andorra - All-Time Table
/tablesa/andochamp.html,32/44,Andorra - List of Champions
/tablesa/andocup00.html,7/2,Andorra Copa Constitucio 1999/2000
/tablesa/andocup01.html,7/2,Andorra Copa Constitució 2000/01
/tablesa/andocup02.html,7/2,Andorra Copa Constitucio 2001/02
/tablesa/andocup03.html,7/2,Andorra Cup 2002/03
/tablesa/andocup04.html,7/2,Andorra Cup 2003/04
/tablesa/andocup05.html,7/2,Andorra Cup 2004/05
/tablesa/andocup06.html,7/2,Andorra Cup 2005/06
/tablesa/andocup07.html,7/2,Andorra Cup 2006/07
/tablesa/andocup08.html,7/2,Andorra Cup 2007/08
/tablesa/andocup09.html,7/2,Andorra Cup 2008/09
/tablesa/andocup98.html,7/2,Andorra Cup 1997/98
/tablesa/andocup99.html,7/2,Andorra Cup 1998/99
/tablesa/andocuphist.html,32/45,Andorra - List of Cup Finals
/tablesa/andofound.html,1/2,Andorra - List of Foundation Dates
/tablesa/andohist.html,5/45,Andorra - List of Final Tables
/tablesa/andoplall.html,1/45,Andorra - Final Placings
/tablesa/andotops.html,1/2,Andorra - List of Topscorers
/tablesa/andreadoria.html,4/4,Andrea Doria
/tablesa/anfa.html,1/8,ANFA Invitational Tournament (Nepal)
/tablesa/angloindian-xi-javatrip27.html,1/2,South East Asia Trip of Anglo-Indian XI 1927
/tablesa/angloit70.html,3/3,Anglo-Italian Cup 1970
/tablesa/angloit71.html,4/4,Anglo-Italian Cup 1971
/tablesa/angloit72.html,4/4,Anglo-Italian Cup 1972
/tablesa/angloit73.html,4/4,Anglo-Italian Cup 1973
/tablesa/angloit76.html,4/3,Anglo-Italian Cup 1976
/tablesa/angloit77.html,4/3,Anglo-Italian Cup 1977
/tablesa/angloit78.html,4/3,Anglo-Italian Cup 1978
/tablesa/angloit79.html,4/3,Anglo-Italian Cup 1979
/tablesa/angloit80.html,4/3,Anglo-Italian Cup 1980
/tablesa/angloit81.html,4/3,Anglo-Italian Cup 1981
/tablesa/angloit82.html,4/3,Anglo-Italian Cup 1982
/tablesa/angloit83.html,4/3,Anglo-Italian Cup 1983
/tablesa/angloit84.html,4/3,Anglo-Italian Cup 1984
/tablesa/angloit85.html,4/3,Anglo-Italian Cup 1985
/tablesa/angloit86.html,4/4,Anglo-Italian Cup 1986
/tablesa/angloit93.html,4/4,Anglo-Italian Cup 1992/93
/tablesa/angloit94.html,4/3,Anglo-Italian Cup 1993/94
/tablesa/angloit95.html,4/3,Anglo-Italian Cup 1994/95
/tablesa/angloit96.html,3/2,Anglo-Italian Cup 1995/96
/tablesa/angloitalian.html,23/28,Anglo-Italian Cups
/tablesa/angloitleagcup.html,2/4,Anglo-Italian League Cup
/tablesa/angloscot-club.html,2/3,Anglo-Scottish Archive - Matches between English and Scottish Clubs
/tablesa/ango-intres.html,2/3,Angola - List of International Matches
/tablesa/ango-intres0009.html,2/2,Angola - Details of International Matches 2000-2009
/tablesa/ango-tourn80.html,2/3,Torneio dos 5 anos da Independência (Angola) 1980
/tablesa/ango-tourn85.html,3/5,Torneio dos 10 anos da Independência (Angola) 1985
/tablesa/ango-tourn86.html,3/4,M.P.L.A. 30th Anniversary Tournament 1986 (Luanda)
/tablesa/ango-tourn87.html,2/4,"""December 10"" International Tournament 1987 (Luanda)"
/tablesa/ango-tourn87a.html,2/3,Luanda International Tournament 1987
/tablesa/ango-tourn88.html,3/4,Angola Tournament 1988
/tablesa/ango-tourn89.html,3/4,Taça Henda 1989 (Luanda)
/tablesa/ango-tourn90.html,2/4,Angola Tournament 1990
/tablesa/ango-wom00.html,6/6,Angola 2000 Women
/tablesa/ango-wom01.html,6/5,Angola 2001 Women
/tablesa/ango-wom02.html,6/4,Angola 2002 Women
/tablesa/ango-wom03.html,6/4,Angola 2003 Women
/tablesa/ango-wom04.html,5/4,Angola 2004 Women
/tablesa/ango-wom05.html,5/4,Angola 2005 Women
/tablesa/ango-wom06.html,5/4,Angola 2006 (Women)
/tablesa/ango-wom07.html,5/4,Angola 2007 (Women)
/tablesa/ango-wom08.html,5/4,Angola 2008 (Women)
/tablesa/ango-wom09.html,5/4,Angola 2009 (Women)
/tablesa/ango-wom2010.html,5/3,Angola 2010 (Women)
/tablesa/ango-wom2011.html,5/5,Angola 2011 (Women)
/tablesa/ango-wom2012.html,5/3,Angola 2012 (Women)
/tablesa/ango-wom2015.html,5/2,Angola 2015 (Women)
/tablesa/ango-wom2017.html,5/2,Angola 2017 (Women)
/tablesa/ango-wom2022.html,5/2,Angola 2021/22 (Women)
/tablesa/ango-wom2023.html,5/4,Angola 2022/23 (Women)
/tablesa/ango-wom2024.html,4/3,Angola 2023/24 (Women)
/tablesa/ango-wom95.html,4/2,Angola 1995 Women
/tablesa/ango-wom96.html,5/3,Angola 1996 Women
/tablesa/ango-wom97.html,5/3,Angola 1997 Women
/tablesa/ango-wom98.html,5/3,Angola 1998 Women
/tablesa/ango-wom99.html,5/5,Angola 1999 Women
/tablesa/ango-womchamp.html,19/25,Angola - List of Women Champions
/tablesa/ango-womcuphist.html,15/25,Angola - List of Women Cup Winners
/tablesa/ango00.html,7/7,Angola 2000
/tablesa/ango01.html,6/7,Angola 2001
/tablesa/ango02.html,7/7,Angola 2002
/tablesa/ango03.html,7/7,Angola 2003
/tablesa/ango04.html,8/7,Angola 2004
/tablesa/ango05.html,7/7,Angola 2005
/tablesa/ango06.html,8/7,Angola 2006
/tablesa/ango06det.html,7/1,Angola 2006 - Details
/tablesa/ango07.html,7/6,Angola 2007
/tablesa/ango08.html,7/6,Angola 2008
/tablesa/ango09.html,7/6,Angola 2009
/tablesa/ango2010.html,7/6,Angola 2010
/tablesa/ango2011.html,7/6,Angola 2011
/tablesa/ango2012.html,7/6,Angola 2012
/tablesa/ango2013.html,7/6,Angola 2013
/tablesa/ango2014.html,7/6,Angola 2014
/tablesa/ango2015.html,7/6,Angola 2015
/tablesa/ango2016.html,7/6,Angola 2016
/tablesa/ango2017.html,7/6,Angola 2017
/tablesa/ango2018.html,7/5,Angola 2018
/tablesa/ango2019.html,7/6,Angola 2018/19
/tablesa/ango2020.html,7/5,Angola 2019/20
/tablesa/ango2021.html,7/6,Angola 2020/21
/tablesa/ango2022.html,7/6,Angola 2021/22
/tablesa/ango2023.html,7/6,Angola 2022/23
/tablesa/ango2024.html,7/6,Angola 2023/24
/tablesa/ango2025.html,7/6,Angola 2024/25
/tablesa/ango2026.html,7/7,Angola 2025/26
/tablesa/ango2027.html,6/4,Angola 2026/27
/tablesa/ango2240.html,5/2,Angola 1922-1940
/tablesa/ango2champ.html,1/2,Angola - List of Second Level Champions
/tablesa/ango41.html,6/3,Angola 1941
/tablesa/ango42.html,6/3,Angola 1942
/tablesa/ango43.html,6/3,Angola 1943
/tablesa/ango44.html,6/3,Angola 1944
/tablesa/ango45.html,6/3,Angola 1945
/tablesa/ango46.html,6/3,Angola 1946
/tablesa/ango47.html,6/3,Angola 1947
/tablesa/ango54.html,6/3,Angola 1954
/tablesa/ango57.html,6/3,Angola 1957
/tablesa/ango59.html,6/3,Angola 1959
/tablesa/ango60.html,6/3,Angola 1960
/tablesa/ango61.html,6/3,Angola 1961
/tablesa/ango64.html,6/3,Angola 1964
/tablesa/ango65.html,6/3,Angola 1965
/tablesa/ango66.html,6/3,Angola 1966
/tablesa/ango67.html,6/3,Angola 1967
/tablesa/ango68.html,6/3,Angola 1968
/tablesa/ango71.html,6/3,Angola 1971
/tablesa/ango72.html,6/3,Angola 1972
/tablesa/ango73.html,6/4,Angola 1973
/tablesa/ango74.html,6/3,Angola 1974
/tablesa/ango75.html,6/3,Angola 1975
/tablesa/ango79.html,6/5,Angola 1979
/tablesa/ango80.html,6/5,Angola 1980
/tablesa/ango81.html,6/5,Angola 1981
/tablesa/ango82.html,6/6,Angola 1982
/tablesa/ango83.html,6/6,Angola 1983
/tablesa/ango84.html,6/6,Angola 1984
/tablesa/ango85.html,6/7,Angola 1985
/tablesa/ango86.html,6/7,Angola 1986
/tablesa/ango87.html,6/7,Angola 1987
/tablesa/ango88.html,6/7,Angola 1988
/tablesa/ango89.html,6/7,Angola 1989
/tablesa/ango90.html,7/7,Angola 1990
/tablesa/ango91.html,7/8,Angola 1991
/tablesa/ango92.html,7/8,Angola 1992
/tablesa/ango93.html,7/8,Angola 1993
/tablesa/ango94.html,7/8,Angola 1994
/tablesa/ango95.html,6/7,Angola 1995
/tablesa/ango96.html,6/7,Angola 1996
/tablesa/ango97.html,7/7,Angola 1997
/tablesa/ango98.html,6/7,Angola 1998
/tablesa/ango99.html,6/6,Angola 1999
/tablesa/angochamp.html,73/75,Angola - List of Champions
/tablesa/angoclubs04.html,2/3,Angola Club Directory 2004
/tablesa/angocuphist.html,46/75,Angola - List of Cup Finals
/tablesa/angofound.html,1/2,Angola - List of Foundation Dates
/tablesa/angosupcuphist.html,38/36,Angola - List of Super Cup Finals
/tablesa/angotops.html,1/75,Angola - List of Topscorers
/tablesa/anguilla-intres.html,1/2,Anguilla - List of International Matches
/tablesa/anguilla-wom04.html,3/2,Anguilla (Women) 2004
/tablesa/anguilla-wom05.html,4/3,Anguilla (Women) 2005
/tablesa/anguilla-wom06.html,4/3,Anguilla (Women) 2006
/tablesa/anguilla-wom07.html,4/3,Anguilla (Women) 2007
/tablesa/anguilla-wom08.html,4/3,Anguilla (Women) 2008
/tablesa/anguilla-wom09.html,4/3,Anguilla (Women) 2009
/tablesa/anguilla-wom2011.html,4/3,Anguilla (Women) 2011
/tablesa/anguilla-wom2012.html,4/3,Anguilla (Women) 2012
/tablesa/anguilla-wom2013.html,4/3,Anguilla (Women) 2013
/tablesa/anguilla-wom2014.html,4/3,Anguilla (Women) 2014
/tablesa/anguilla-wom2015.html,4/3,Anguilla (Women) 2015
/tablesa/anguilla-wom2016.html,4/3,Anguilla (Women) 2016
/tablesa/anguilla-wom2017.html,4/3,Anguilla (Women) 2017
/tablesa/anguilla-wom2018.html,4/3,Anguilla (Women) 2018
/tablesa/anguilla-wom2019.html,4/3,Anguilla (Women) 2019
/tablesa/anguilla-wom2020.html,4/4,Anguilla (Women) 2020
/tablesa/anguilla-wom2021.html,4/4,Anguilla (Women) 2021
/tablesa/anguilla-wom2022.html,4/4,Anguilla (Women) 2022
/tablesa/anguilla-wom2023.html,4/4,Anguilla (Women) 2023
/tablesa/anguilla-wom2024.html,4/4,Anguilla (Women) 2024
/tablesa/anguilla-wom2025.html,4/4,Anguilla (Women) 2025
/tablesa/anguilla-wom2026.html,3/4,Anguilla (Women) 2026
/tablesa/anguilla-womchamp.html,23/23,Anguilla - List of Women Champions
/tablesa/anguilla01.html,4/3,Anguilla 2000/01
/tablesa/anguilla02.html,4/3,Anguilla 2001/02
/tablesa/anguilla03.html,4/3,Anguilla 2002/03
/tablesa/anguilla04.html,4/3,Anguilla 2004
/tablesa/anguilla05.html,4/3,Anguilla 2005/06
/tablesa/anguilla07.html,4/3,Anguilla 2006/07
/tablesa/anguilla08.html,4/3,Anguilla 2007/08
/tablesa/anguilla09.html,4/3,Anguilla 2008/09
/tablesa/anguilla2010.html,4/3,Anguilla 2009/10
/tablesa/anguilla2011.html,4/3,Anguilla 2010/11
/tablesa/anguilla2012.html,4/3,Anguilla 2011/12
/tablesa/anguilla2013.html,4/4,Anguilla 2012/13
/tablesa/anguilla2014.html,4/3,Anguilla 2013/14
/tablesa/anguilla2015.html,4/4,Anguilla 2014/15
/tablesa/anguilla2016.html,4/4,Anguilla 2015/16
/tablesa/anguilla2017.html,4/3,Anguilla 2016/17
/tablesa/anguilla2018.html,4/4,Anguilla 2017/18
/tablesa/anguilla2019.html,4/3,Anguilla 2018/19
/tablesa/anguilla2020.html,4/4,Anguilla 2020
/tablesa/anguilla2021.html,4/4,Anguilla 2021
/tablesa/anguilla2022.html,4/4,Anguilla 2022
/tablesa/anguilla2023.html,4/4,Anguilla 2023
/tablesa/anguilla2024.html,4/4,Anguilla 2024
/tablesa/anguilla2025.html,4/4,Anguilla 2025
/tablesa/anguilla2026.html,3/5,Anguilla 2026
/tablesa/anguilla99.html,3/2,Anguilla 1998/99
/tablesa/anguillachamp.html,27/28,Anguilla - List of Champions
/tablesa/anguillafound.html,1/1,Anguilla - Foundation Dates of Clubs
/tablesa/anicetocampa.html,1/2,Trofeo Aniceto Campa (Asturias)
/tablesa/anker.html,1/2,Anker Cup (Switzerland)
/tablesa/annemasse.html,1/2,Tournoi d'Annemasse (France)
/tablesa/annemasse04.html,1/1,Mini Tournament in Annemasse 2004 (France)
/tablesa/anosanto-compos76.html,1/2,Trofeo Año Santo Compostelano 1976
/tablesa/antalya.html,1/3,Antalya Cup (Turkey)
/tablesa/antena3tv.html,1/2,Trofeo Antena 3 TV (Andalucia-Spain)
/tablesa/antig-intres.html,2/3,Antigua and Barbuda - List of International Matches
/tablesa/antig-intres-detwcq.html,2/2,Antigua and Barbuda - Details of World Cup Qualifiers
/tablesa/antig-wom01.html,3/2,Antigua and Barbuda (Women) 2000/01
/tablesa/antig-wom02.html,4/3,Antigua and Barbuda (Women) 2001/02
/tablesa/antig-wom03.html,4/3,Antigua and Barbuda (Women) 2002/03
/tablesa/antig-wom04.html,4/3,Antigua and Barbuda (Women) 2004
/tablesa/antig-wom05.html,4/3,Antigua and Barbuda (Women) 2004/05
/tablesa/antig-wom06.html,4/4,Antigua and Barbuda (Women) 2005/06
/tablesa/antig-wom07.html,4/3,Antigua and Barbuda (Women) 2006/07
/tablesa/antig-wom08.html,5/3,Antigua and Barbuda (Women) 2007/08
/tablesa/antig-wom09.html,4/3,Antigua and Barbuda (Women) 2008/09
/tablesa/antig-wom2010.html,5/3,Antigua and Barbuda (Women) 2010
/tablesa/antig-wom2011.html,5/4,Antigua and Barbuda (Women) 2011
/tablesa/antig-wom2012.html,5/4,Antigua and Barbuda (Women) 2012
/tablesa/antig-wom2013.html,5/4,Antigua and Barbuda (Women) 2013
/tablesa/antig-wom2014.html,5/4,Antigua and Barbuda (Women) 2014
/tablesa/antig-wom2015.html,5/4,Antigua and Barbuda (Women) 2015
/tablesa/antig-wom2016.html,5/4,Antigua and Barbuda (Women) 2016
/tablesa/antig-wom2017.html,5/4,Antigua and Barbuda (Women) 2017
/tablesa/antig-wom2018.html,5/3,Antigua and Barbuda (Women) 2018
/tablesa/antig-wom2020.html,5/3,Antigua and Barbuda (Women) 2020
/tablesa/antig-wom2022.html,5/3,Antigua and Barbuda (Women) 2022
/tablesa/antig-wom2024.html,5/4,Antigua and Barbuda (Women) 2023/24
/tablesa/antig-wom2025.html,4/2,Antigua and Barbuda (Women) 2025
/tablesa/antig-womchamp.html,18/23,Antigua and Barbuda - List of Women Champions
/tablesa/antig-womcptsa.html,10/16,Antigua and Barbuda - List of CPTSA Women's Football Tournament Winners
/tablesa/antig00.html,4/4,Antigua and Barbuda 1999/2000
/tablesa/antig01.html,4/4,Antigua and Barbuda 2000/01
/tablesa/antig02.html,4/4,Antigua and Barbuda 2001/02
/tablesa/antig03.html,4/4,Antigua and Barbuda 2002/03
/tablesa/antig04.html,4/4,Antigua and Barbuda 2003/04
/tablesa/antig05.html,6/5,Antigua and Barbuda 2004/05
/tablesa/antig06.html,6/5,Antigua and Barbuda 2005/06
/tablesa/antig07.html,7/5,Antigua and Barbuda 2006/07
/tablesa/antig08.html,6/6,Antigua and Barbuda 2007/08
/tablesa/antig09.html,6/6,Antigua and Barbuda 2008/09
/tablesa/antig2010.html,6/5,Antigua and Barbuda 2009/10
/tablesa/antig2011.html,6/5,Antigua and Barbuda 2010/11
/tablesa/antig2012.html,6/6,Antigua and Barbuda 2011/12
/tablesa/antig2013.html,6/5,Antigua and Barbuda 2012/13
/tablesa/antig2014.html,6/5,Antigua and Barbuda 2013/14
/tablesa/antig2015.html,6/4,Antigua and Barbuda 2014/15
/tablesa/antig2016.html,6/4,Antigua and Barbuda 2015/16
/tablesa/antig2017.html,6/4,Antigua and Barbuda 2016/17
/tablesa/antig2018.html,6/5,Antigua and Barbuda 2017/18
/tablesa/antig2019.html,6/4,Antigua and Barbuda 2018/19
/tablesa/antig2020.html,6/4,Antigua and Barbuda 2019/20
/tablesa/antig2023.html,6/6,Antigua and Barbuda 2022/23
/tablesa/antig2024.html,6/4,Antigua and Barbuda 2023/24
/tablesa/antig2025.html,6/4,Antigua and Barbuda 2024/25
/tablesa/antig2026.html,5/4,Antigua and Barbuda 2025/26
/tablesa/antig61.html,3/2,Antigua and Barbuda 1961
/tablesa/antig70.html,4/4,Antigua and Barbuda 1969/70
/tablesa/antig74.html,4/6,Antigua and Barbuda 1974
/tablesa/antig77.html,4/2,Antigua and Barbuda 1976/77
/tablesa/antig78.html,4/2,Antigua and Barbuda 1977/78
/tablesa/antig79.html,4/2,Antigua and Barbuda 1978/79
/tablesa/antig80.html,4/2,Antigua and Barbuda 1979/80
/tablesa/antig84.html,4/2,Antigua and Barbuda 1983/84
/tablesa/antig85.html,4/3,Antigua and Barbuda 1984/85
/tablesa/antig86.html,4/3,Antigua and Barbuda 1985/86
/tablesa/antig94.html,4/2,Antigua and Barbuda 1993/94
/tablesa/antig95.html,4/3,Antigua and Barbuda 1994/95
/tablesa/antig98.html,4/4,Antigua and Barbuda 1997/98
/tablesa/antig99.html,4/4,Antigua and Barbuda 1998/99
/tablesa/antigchamp.html,34/41,Antigua and Barbuda - List of Champions
/tablesa/antigctvcup.html,8/22,Antigua - CTV Warriors Cup
/tablesa/antigcuphist.html,12/22,Antigua and Barbuda - List of Cup Winners
/tablesa/antigfound.html,1/2,Antigua - Foundation Dates of Clubs
/tablesa/antoniopuerta.html,1/2,Trofeo Antonio Puerta (Sevilla)
/tablesa/aof.html,3/9,Coupe d'Afrique Occidentale Française
/tablesa/aquila04.html,1/1,Triangolare di Aquila 2004 (Switzerland)
/tablesa/arab-futsal.html,1/1,Arab Futsal Championship
/tablesa/arab-indoor-wom-97.html,1/1,Arab Indoor Women's Championship 1997
/tablesa/arab-jun75.html,1/2,1st Arab Juniors Tournament 1975
/tablesa/arab-police.html,1/4,Arab Police Championships
/tablesa/arab-wom01.html,2/2,1st Arab Women Championship 2001
/tablesa/arab-wom06.html,3/3,Arab Women Championship 2006
/tablesa/arab-wom07.html,3/2,Arab Women Championship 2007
/tablesa/arab-wom2010.html,2/2,Arab Women Football Cup 2010
/tablesa/arab-womclub08.html,3/3,Arab Ladies Football Championship 2008
/tablesa/arab-womsup2016.html,2/2,Arab Women Super Cup 2016
/tablesa/arabchamp.html,33/37,Arab Club Champions Cup
/tablesa/arabchamp00.html,5/4,16th Arab Club Champions Cup 2000
/tablesa/arabchamp01.html,5/4,17th Arab Club Champions Cup 2001
/tablesa/arabchamp02.html,6/6,Prince Faysal bin Fahad Tournament for Arab Clubs 2003
/tablesa/arabchamp03.html,4/3,Prince Faysal bin Fahad Tournament for Arab Clubs 2003
/tablesa/arabchamp04.html,4/3,Arab Champions' League 2003/04
/tablesa/arabchamp05.html,4/3,Arab Champions' League 2004/05
/tablesa/arabchamp06.html,4/3,Arab Champions' League 2005/06
/tablesa/arabchamp07.html,4/3,Arab Champions' League 2006/07
/tablesa/arabchamp08.html,4/3,Arab Champions' League 2007/08
/tablesa/arabchamp09.html,4/3,Arab Champions' League 2008/09
/tablesa/arabchamp2013.html,4/3,UAFA Club Cup 2012/13
/tablesa/arabchamp2017.html,4/3,Arab Club Championship 2016/17
/tablesa/arabchamp2019.html,4/3,Arab Club Championship 2018/19
/tablesa/arabchamp2020.html,4/3,Arab Club Championship 2019-21
/tablesa/arabchamp2023.html,3/4,Arab Club Championship 2023
/tablesa/arabchamp82.html,3/2,1st Arab Club Champions Cup 1981/82
/tablesa/arabchamp84.html,4/3,2nd Arab Club Champions Cup 1984
/tablesa/arabchamp85.html,4/3,3rd Arab Club Champions Cup 1985
/tablesa/arabchamp86.html,4/3,4th Arab Club Champions Cup 1986
/tablesa/arabchamp87.html,4/3,5th Arab Club Champions Cup 1987
/tablesa/arabchamp88.html,5/4,6th Arab Club Champions Cup 1988
/tablesa/arabchamp89.html,4/5,7th Arab Club Champions Cup 1989
/tablesa/arabchamp90.html,4/3,Arab Club Champions Cup 1990
/tablesa/arabchamp92.html,4/3,8th Arab Club Champions Cup 1992
/tablesa/arabchamp93.html,4/4,9th Arab Club Champions Cup 1993
/tablesa/arabchamp94.html,4/3,10th Arab Club Champions Cup 1994
/tablesa/arabchamp95.html,4/3,11th Arab Club Champions Cup 1995
/tablesa/arabchamp96.html,4/3,12th Arab Club Champions Cup 1996
/tablesa/arabchamp97.html,4/4,13th Arab Club Champions Cup 1997
/tablesa/arabchamp98.html,4/5,14th Arab Club Champions Cup 1998
/tablesa/arabchamp99.html,5/5,15th Arab Club Champions Cup 1999
/tablesa/arabcup.html,11/16,Arab Cup
/tablesa/arabcup02-details.html,4/4,Arabian Cup 2002 Details
/tablesa/arabcup09-details.html,3/2,Arabian Cup 2009 Details
/tablesa/arabcup63det.html,2/2,Arab Cup 1963 Details
/tablesa/arabcup92-details.html,2/2,Arabian Cup 1992 Details
/tablesa/arabcup98-details.html,3/3,Arabian Cup 1998 Details
/tablesa/arabcwc.html,15/17,Arab Cup Winners' Cup
/tablesa/arabcwc00.html,4/4,11th Arab Cup Winners' Cup 2000
/tablesa/arabcwc01.html,5/3,12th Arab Cup Winners' Cup 2001
/tablesa/arabcwc89.html,3/2,1st Arab Cup Winners' Cup 1989
/tablesa/arabcwc91.html,4/4,2nd Arab Cup Winners' Cup 1991
/tablesa/arabcwc92.html,4/3,3rd Arab Cup Winners' Cup 1992
/tablesa/arabcwc93.html,4/3,4th Arab Cup Winners' Cup 1993
/tablesa/arabcwc94.html,4/3,5th Arab Cup Winners' Cup 1994
/tablesa/arabcwc95.html,4/3,6th Arab Cup Winners' Cup 1995
/tablesa/arabcwc96.html,4/3,7th Arab Cup Winners' Cup 1996
/tablesa/arabcwc97.html,4/4,8th Arab Cup Winners' Cup 1997
/tablesa/arabcwc98.html,4/4,9th Arab Cup Winners' Cup 1998
/tablesa/arabcwc99.html,4/4,10th Arab Cup Winners' Cup 1999
/tablesa/arabgam.html,13/17,Pan Arab Games Overview
/tablesa/arabgam07.html,4/3,11th Pan Arab Games 2007 (Egypt)
/tablesa/arabgam2011.html,4/4,12th Pan Arab Games 2011 (Qatar)
/tablesa/arabgam2023.html,3/3,13th Pan Arab Games 2023 (Algeria)
/tablesa/arabgam53.html,3/4,"1st Pan Arab Games, 1953 (Alexandria, Egypt)"
/tablesa/arabgam57.html,4/4,"2nd Pan Arab Games, 1957 (Beirut, Lebanon)"
/tablesa/arabgam61.html,4/4,"3rd Pan Arab Games, 1961 (Casablanca, Morocco)"
/tablesa/arabgam65.html,4/4,"4th Pan Arab Games, 1965 (Cairo, Egypt)"
/tablesa/arabgam76.html,4/4,"5th Pan Arab Games, 1976 (Syria)"
/tablesa/arabgam85.html,4/4,"6th Pan Arab Games, 1985 (Morocco)"
/tablesa/arabgam97.html,4/5,"8th Pan Arab Games, 1997 (Lebanon)"
/tablesa/arabgam99.html,5/4,"9th Pan Arab Games, 1999 (Jordan)"
/tablesa/arabgam99full.html,4/2,"9th Pan Arab Games, 1999 (Jordan) - Details"
/tablesa/arableaguewahdat.html,1/3,"Dawr Al-Wahdat Al-Arabiya (Amman, Jordan)"
/tablesa/arabsup.html,9/11,Arab Super Cup
/tablesa/arabsup00.html,6/3,Arab Super Cup 2000
/tablesa/arabsup01.html,5/2,Arab Super Cup 2001
/tablesa/arabsup92.html,5/2,Arab Super Cup 1992
/tablesa/arabsup95.html,4/3,Arab Super Cup 1995
/tablesa/arabsup96.html,4/3,Arab Super Cup 1996
/tablesa/arabsup97.html,4/3,Arab Super Cup 1997
/tablesa/arabsup98.html,6/3,Arab Super Cup 1998
/tablesa/arabsup99.html,6/3,Arab Super Cup 1999
/tablesa/arafura-u19-01.html,3/3,Arafura Games (U-19) 2001
/tablesa/arafura-u23-05.html,3/3,Arafura Games (U-23) 2005
/tablesa/arafura-wom-01.html,3/3,Arafura Games (Women) 2001
/tablesa/arafura-wom-05.html,3/3,Arafura Games (Women) 2005
/tablesa/arahal.html,1/2,Trofeo Ciudad de Arahal (Sevilla)
/tablesa/aranjuez.html,1/2,Trofeo Villa de Aranjuez- Fiestas del Motín
/tablesa/arctic-wom00.html,3/3,"Arctic Winter Games (Indoor, Women (U-17 and U-15)) 2000"
/tablesa/arctic-wom02.html,4/4,"Arctic Winter Games (Indoor, Women (U-17 and U-15)) 2002"
/tablesa/arctic-wom04.html,4/4,"Arctic Winter Games (Indoor, Women (U-17 and U-15)) 2004"
/tablesa/arctic-wom06.html,4/4,"Arctic Winter Games (Indoor, Women (U-17 and U-15)) 2006"
/tablesa/arctic-wom08.html,3/3,"Arctic Winter Games (Indoor, Women (U-17 and U-15)) 2008"
/tablesa/arctic00.html,3/3,"Arctic Winter Games (Indoor, U-17 and U-15) 2000"
/tablesa/arctic02.html,4/4,"Arctic Winter Games (Indoor, U-17 and U-15) 2002"
/tablesa/arctic04.html,4/4,"Arctic Winter Games (Indoor, U-17 and U-15) 2004"
/tablesa/arctic06.html,4/4,"Arctic Winter Games (Indoor, U-17 and U-15) 2006"
/tablesa/arctic08.html,3/3,"Arctic Winter Games (Indoor, U-17 and U-15) 2008"
/tablesa/ardealul-u16.html,1/1,Trofeul Ardealul U-16 (Romania)
/tablesa/arenal.html,1/2,Trofeo Concepción Arenal (Ferrol)
/tablesa/arg-50afa43.html,3/3,Campeonato Cincuentenario de la AFA 1943
/tablesa/arg-asp44.html,8/2,Argentina - Asistencia Pública 1944
/tablesa/arg-b-intres.html,3/3,"""B"" Argentina National Team"
/tablesa/arg-b-intres-det.html,2/2,"""B"" Argentina National Team - Match Details"
/tablesa/arg-bec32.html,3/3,"Argentina - Copa de Honor ""Sr. Beccar Varela"" - 1932"
/tablesa/arg-bec32det.html,2/2,"Argentina - Copa de Honor ""Sr. Beccar Varela"" - 1932 - Match details"
/tablesa/arg-bri44.html,11/4,Argentina - Torneo Competencia - Copa Británica - 1944
/tablesa/arg-bri44det.html,2/2,Argentina - Torneo Competencia - Copa Británica 1944 - Match details
/tablesa/arg-bri45.html,11/4,Argentina - Torneo Competencia - II Copa Británica - 1945
/tablesa/arg-bri45det.html,2/2,Argentina - Torneo Competencia - Copa Británica 1945 - Match details
/tablesa/arg-bri46.html,10/3,"Argentina - Torneo Competencia ""George VI"" - 1946"
/tablesa/arg-bri46det.html,2/2,Argentina - Torneo Competencia - Copa Británica 1946 - Match details
/tablesa/arg-bri48.html,10/2,"Argentina - Torneo Competencia ""George VI"" - 1948"
/tablesa/arg-bri48det.html,2/2,Argentina - Torneo Competencia - Copa Británica 1948 - Match details
/tablesa/arg-campcuyo3841.html,3/3,Argentina - Campeonato de Cuyo (1938-1941)
/tablesa/arg-ccra59.html,4/2,Argentina - Argentine Republica Champions Championship 1959
/tablesa/arg-centenario93.html,4/4,AFA Copa Centenario 1993
/tablesa/arg-centenario93det.html,2/2,AFA Copa Centenario 1993 Details
/tablesa/arg-centro38.html,3/3,Argentina - Campeonato del Centro 1938
/tablesa/arg-centro41.html,4/4,Argentina - Campeonato del Centro 1941
/tablesa/arg-centro42.html,3/3,Argentina - Campeonato del Centro 1942
/tablesa/arg-com2-34.html,1/2,Argentina - Copa de Competencia (2nd level) 1934
/tablesa/arg-com32.html,10/3,Argentina - Copa de Competencia - 1932
/tablesa/arg-com32det.html,2/2,Argentina - Copa de Competencia - 1932 - Match Details
/tablesa/arg-com33.html,10/3,Argentina - Copa de Competencia - 1933
/tablesa/arg-com33det.html,2/2,Argentina - Copa de Competencia - 1933 - Match Details
/tablesa/arg-com43.html,1/2,Copa Competencia 1943
/tablesa/arg-comafa52.html,10/3,"Argentina - Copa Competencia - ""A. F. A."" trophy - 1952"
/tablesa/arg-comafa52det.html,2/2,"Argentina - Copa Competencia - ""A. F. A."" trophy - 1952 - Match Details"
/tablesa/arg-confrater63.html,2/4,Copa Confraternidad 1963
/tablesa/arg-confrater65.html,1/3,Torneo Confraternidad 1965
/tablesa/arg-copasur64.html,2/3,Copa del Sur 1964 (Buenos Aires)
/tablesa/arg-copasur68.html,2/3,Copa del Sur 1968 (Buenos Aires)
/tablesa/arg-cordoba-schwartz81.html,3/3,"Torneo Provincial ""José León Schwartz"" 1981 (Córdoba)"
/tablesa/arg-cordoba82.html,4/4,Argentina 1981/82 - Torneo Provincial (Córdoba)
/tablesa/arg-cordoba83.html,3/3,"Argentina 1982/83 - Torneo Provincial ""Unidad Deportiva"" (Córdoba)"
/tablesa/arg-culaciatti.html,2/2,Copa Rosario or Culaciatti 1912-1944 Match Details
/tablesa/arg-diss-intres.html,2/3,Dissident Results of Argentina 1912-1934
/tablesa/arg-diss-intres-det.html,2/3,Dissident Argentina National Team - Match Details
/tablesa/arg-early-info.html,3/1,Some Information on the Early History of Football in Argentina
/tablesa/arg-eli13.html,9/2,Argentina - Concurso por Eliminación - 1913
/tablesa/arg-eli14.html,9/2,Argentina - Concurso por Eliminación - 1914
/tablesa/arg-esc39.html,11/5,Argentina - Copa Adrián C. Escobar - 1939
/tablesa/arg-esc39det.html,2/2,Argentina - Copa Adrián C. Escobar - 1939 - Match Details
/tablesa/arg-esc41.html,12/3,Argentina - Copa Adrián C. Escobar - 1941
/tablesa/arg-esc41det.html,2/2,Argentina - Copa Adrián C. Escobar - 1941 - Match Details
/tablesa/arg-esc42.html,10/4,Argentina - Copa Adrián C. Escobar - 1942
/tablesa/arg-esc42det.html,2/2,Argentina - Copa Adrián C. Escobar - 1942 - Match Details
/tablesa/arg-esc43.html,10/3,Argentina - Copa Adrián C. Escobar - 1943
/tablesa/arg-esc43det.html,2/2,Argentina - Copa Adrián C. Escobar - 1943 - Match Details
/tablesa/arg-esc44.html,10/3,Argentina - Copa Adrián C. Escobar - 1944
/tablesa/arg-esc44det.html,2/2,Argentina - Copa Adrián C. Escobar - 1944 - Match Details
/tablesa/arg-esc46.html,10/2,Argentina - Copa Adrián C. Escobar - 1946
/tablesa/arg-esc46det.html,2/2,Argentina - Copa Adrián C. Escobar - 1946 - Match Details
/tablesa/arg-esc49.html,10/3,Argentina - Copa Adrián C. Escobar - 1949
/tablesa/arg-esc49det.html,2/2,Argentina - Copa Adrián C. Escobar - 1949 - Match Details
/tablesa/arg-estim20.html,10/3,Argentina - Copa Estímulo Asociación Argentina - 1920
/tablesa/arg-estim20det.html,2/2,Argentina - Copa Estímulo Asociación Argentina - 1920 - Match Details
/tablesa/arg-estim26.html,11/4,Argentina - Copa Estímulo Asociación Argentina - 1926
/tablesa/arg-estim26det.html,2/2,Argentina - Copa Estímulo Asociación Argentina - 1926 - Match Details
/tablesa/arg-friendly-tourn.html,2/6,Argentina – Friendly Tournaments
/tablesa/arg-futs-wom06.html,2/2,"Argentina (Futsal, Women) 2006"
/tablesa/arg-futs-womchamp.html,3/3,Argentina - Women Futsal - List of Champions
/tablesa/arg-futs06.html,2/2,Argentina (Futsal) 2006
/tablesa/arg-futschamp.html,2/4,Argentina - Futsal - List of Champions
/tablesa/arg-goodfellow43.html,1/2,Copa Archibaldo F. Goodfellow 1943
/tablesa/arg-hon05.html,10/3,"Argentina - Copa de Honor ""Municipalidad de la Ciudad de Buenos Aires"" - 1905"
/tablesa/arg-hon06.html,10/2,"Argentina - Copa de Honor ""Municipalidad de la Ciudad de Buenos Aires"" - 1906"
/tablesa/arg-hon07.html,10/2,"Argentina - Copa de Honor ""Municipalidad de la Ciudad de Buenos Aires"" - 1907"
/tablesa/arg-hon08.html,10/2,"Argentina - Copa de Honor ""Municipalidad de la Ciudad de Buenos Aires"" - 1908"
/tablesa/arg-hon09.html,10/2,"Argentina - Copa de Honor ""Municipalidad de la Ciudad de Buenos Aires"" - 1909"
/tablesa/arg-hon10.html,10/2,"Argentina - Copa de Honor ""Municipalidad de la Ciudad de Buenos Aires"" - 1910"
/tablesa/arg-hon11.html,10/1,"Argentina - Copa de Honor ""Municipalidad de la Ciudad de Buenos Aires"" - 1911"
/tablesa/arg-hon12.html,10/1,"Argentina - Copa de Honor ""Municipalidad de la Ciudad de Buenos Aires"" - 1912"
/tablesa/arg-hon13.html,10/1,"Argentina - Copa de Honor ""Municipalidad de la Ciudad de Buenos Aires"" - 1913"
/tablesa/arg-hon15.html,10/1,"Argentina - Copa de Honor ""Municipalidad de la Ciudad de Buenos Aires"" - 1915"
/tablesa/arg-hon16.html,10/1,"Argentina - Copa de Honor ""Municipalidad de la Ciudad de Buenos Aires"" - 1916"
/tablesa/arg-hon17.html,10/1,"Argentina - Copa de Honor ""Municipalidad de la Ciudad de Buenos Aires"" - 1917"
/tablesa/arg-hon18.html,10/1,"Argentina - Copa de Honor ""Municipalidad de la Ciudad de Buenos Aires"" - 1918"
/tablesa/arg-hon2-50.html,9/2,Argentina Torneo de Honor (2nd level) 1950
/tablesa/arg-hon20.html,10/1,"Argentina - Copa de Honor ""Municipalidad de la Ciudad de Buenos Aires"" - 1920"
/tablesa/arg-hon25.html,4/5,Argentina - Honour Champion 1925
/tablesa/arg-hon36.html,9/6,Argentina - Copa de Honor - 1936
/tablesa/arg-indepday.html,1/1,Argentina - Independence's Day Friendly Trips -- AFA Clubs vs. Upcountry Leagues
/tablesa/arg-interl20.html,5/5,Argentine Interleague Championship 1920
/tablesa/arg-interl20det.html,2/2,Argentine Interleague Championship 1920 - Match Details
/tablesa/arg-interlchamp.html,39/41,Argentina - Interleague Champions
/tablesa/arg-interlcuphist.html,12/12,Argentina - Official Interleagues Cups
/tablesa/arg-intres.html,12/5,ARGENTINA NATIONAL TEAM ARCHIVE
/tablesa/arg-intres-basile.html,1/3,Argentina - International Matches in Era Basile 2006-2008
/tablesa/arg-intres-batista.html,1/3,Argentina - International Matches in Era Batista 2010-2011
/tablesa/arg-intres-bauza.html,1/2,Argentina - International Matches in Era Bauza 2016-2017
/tablesa/arg-intres-bielsa.html,1/3,Argentina - International Matches in Era Bielsa 1999-2004
/tablesa/arg-intres-maradona.html,1/3,Argentina - International Matches in Era Maradona 2008-2010
/tablesa/arg-intres-martino.html,1/2,Argentina - International Matches in Era Martino 2014-2016
/tablesa/arg-intres-pekerman.html,1/2,Argentina - International Matches in Era Pekerman 2004-2006
/tablesa/arg-intres-sabella.html,1/3,Argentina - International Matches in Era Sabella 2011-2014
/tablesa/arg-intres-sampaoli.html,1/2,Argentina - International Matches in Era Sampaoli 2017-2018
/tablesa/arg-intres9498.html,1/3,Argentina - International Matches in Era Passarella 1994-1998
/tablesa/arg-joc07.html,11/1,Argentina - Cup Tie Competition 1907
/tablesa/arg-joc08.html,11/1,Argentina - Cup Tie Competition - 1908
/tablesa/arg-joc09.html,13/4,Argentina - Cup Tie Cometition - 1909
/tablesa/arg-joc10.html,14/5,Argentina – Cup Tie Competition - 1910
/tablesa/arg-joc11.html,14/5,Argentina – Cup Tie Competition - 1911
/tablesa/arg-joc12.html,14/5,Argentina – Cup Tie Competition - 1912
/tablesa/arg-joc13.html,14/6,"Argentina - Copa de Competencia ""Jockey Club"" - 1913"
/tablesa/arg-joc14.html,13/6,"Argentina - Copa de Competencia ""Jockey Club"" - 1914"
/tablesa/arg-joc15.html,13/6,"Argentina - Copa de Competencia ""Jockey Club"" - 1915"
/tablesa/arg-joc16.html,13/6,"Argentina - Copa de Competencia ""Jockey Club"" - 1916"
/tablesa/arg-joc17.html,13/6,"Argentina - Copa de Competencia ""Jockey Club"" - 1917"
/tablesa/arg-joc18.html,12/5,"Argentina - Copa de Competencia ""Jockey Club"" - 1918"
/tablesa/arg-joc19.html,10/3,"Argentina - Copa de Competencia ""Jockey Club"" - 1919"
/tablesa/arg-joc19det.html,2/2,"Argentina - Copa de Competencia ""Jockey Club"" 1919 - Match details"
/tablesa/arg-joc2-17.html,9/2,Argentina Copa de Competencia (2nd level) 1917
/tablesa/arg-joc21.html,9/3,"Argentina - Copa de Competencia ""Jockey Club"" - 1921"
/tablesa/arg-joc25.html,10/3,"Argentina - Copa de Competencia ""Jockey Club"" - 1925"
/tablesa/arg-joc25det.html,2/2,"Argentina - Copa de Competencia ""Jockey Club"" 1925 - Match details"
/tablesa/arg-joc31.html,11/4,Argentina - Copa de Competencia - 1931
/tablesa/arg-joc31det.html,2/3,Argentina - Copa de Competencia - 1931 - Match details
/tablesa/arg-joc33.html,11/3,"Argentina - Copa de Competencia ""Jockey Club"" - 1933"
/tablesa/arg-joc33det.html,2/2,Argentina - Copa de Competencia - 1933 - Match details
/tablesa/arg-jocaa20.html,11/4,Argentina - Copa Competencia Asociación Amateurs - 1920
/tablesa/arg-jocaa20det.html,2/2,Argentina - Copa Competencia Asociación Amateurs - 1920
/tablesa/arg-jocaa24.html,11/4,Argentina - Copa Competencia Asociación Amateurs - 1924
/tablesa/arg-jocaa25.html,12/5,Argentina - Copa Competencia Asociación Amateurs - 1925
/tablesa/arg-jocaa25det.html,2/2,Argentina - Copa Competencia Asociación Amateurs - 1925
/tablesa/arg-jocaa26.html,9/3,Argentina - Copa Competencia Asociación Amateurs - 1926
/tablesa/arg-mendoza-campnac.html,2/3,Argentina - Mendoza - Clubs in First Division AFA
/tablesa/arg-mendoza-campnac2.html,2/2,Argentina - Mendoza - Clubs in Second Division AFA
/tablesa/arg-mendoza-clubscup.html,2/3,Argentina - Mendoza - Clubs in Domestic Cups
/tablesa/arg-mendoza-clubsreg.html,2/3,Argentina - Mendoza - Clubs in Torneo Regional
/tablesa/arg-mendoza-clubstint.html,2/2,Argentina - Mendoza - Clubs in Torneo del Interior
/tablesa/arg-mendoza-copapais.html,3/2,Mendoza Select in Copa País
/tablesa/arg-mendoza-cv.html,2/4,Torneos Vendimia - Zonal del Vino - Reducidos - Summer Tournaments
/tablesa/arg-mendoza-nat.html,116/2,Argentina - Mendoza - Clubs in National and International Competitions
/tablesa/arg-mendoza-prov57.html,3/2,Campeonato Provincial de Mendoza 1957
/tablesa/arg-mendoza-prov59.html,4/4,Campeonato Provincial de Mendoza 1959
/tablesa/arg-mendoza-prov63.html,4/3,Campeonato Provincial de Mendoza 1963
/tablesa/arg-mendoza-prov65.html,4/4,Campeonato Provincial de Mendoza 1965
/tablesa/arg-mendoza-prov67.html,4/4,Campeonato Provincial de Mendoza 1967
/tablesa/arg-mendoza-prov69.html,4/4,Campeonato Provincial de Mendoza 1969
/tablesa/arg-mendoza-prov75.html,4/4,Campeonato Provincial de Mendoza 1975
/tablesa/arg-mendoza-prov76.html,4/3,Campeonato Provincial de Mendoza 1976
/tablesa/arg-mendoza-prov77.html,4/3,Campeonato Provincial de Mendoza 1977
/tablesa/arg-mendoza-prov80.html,3/3,Campeonato Provincial de Mendoza 1980
/tablesa/arg-mendoza-select.html,35/3,Mendoza Select in Campeonato Argentino - Match Details
/tablesa/arg-mendoza-selectcentro.html,6/2,Mendoza Select in Campeonato del Centro - Match Details
/tablesa/arg-mendoza-selectconfrat.html,3/2,Mendoza Select in Copa Confraternidad 1963 - Match Details
/tablesa/arg-mendoza-selectcuyo.html,3/3,Mendoza Select in Campeonato de Cuyo - Match Details
/tablesa/arg-mendoza-selectprov.html,6/2,Mendoza Select in Campeonato Provincial - Match Details
/tablesa/arg-mendoza-selectvozcuyo.html,3/2,Mendoza Select in Copa La Voz de Cuyo - Match Details
/tablesa/arg-mendoza-wom.html,1/2,Argentina - Liga Mendocina (Women)
/tablesa/arg-mendoza00.html,4/5,Liga Mendocina 2000
/tablesa/arg-mendoza01.html,4/5,Liga Mendocina 2001
/tablesa/arg-mendoza02.html,4/6,Liga Mendocina 2002
/tablesa/arg-mendoza03.html,4/6,Liga Mendocina 2003
/tablesa/arg-mendoza04.html,4/6,Liga Mendocina 2004
/tablesa/arg-mendoza05.html,4/6,Liga Mendocina 2005
/tablesa/arg-mendoza06.html,4/6,Liga Mendocina 2006
/tablesa/arg-mendoza07.html,4/5,Liga Mendocina 2007
/tablesa/arg-mendoza08.html,5/5,Liga Mendocina 2008
/tablesa/arg-mendoza09.html,4/6,Liga Mendocina 2009
/tablesa/arg-mendoza15.html,3/3,Federación Mendocina de Football 1915
/tablesa/arg-mendoza16.html,4/4,Unión Mendocina de Football 1916
/tablesa/arg-mendoza17.html,4/3,Unión Mendocina de Football 1917
/tablesa/arg-mendoza18.html,4/3,Unión Mendocina de Football 1918
/tablesa/arg-mendoza19.html,4/4,Unión Mendocina de Football 1919
/tablesa/arg-mendoza20.html,4/4,Unión Mendocina de Football 1920
/tablesa/arg-mendoza2010.html,4/5,Liga Mendocina 2010
/tablesa/arg-mendoza2011.html,4/5,Liga Mendocina 2011
/tablesa/arg-mendoza2012.html,5/4,Liga Mendocina 2012
/tablesa/arg-mendoza2013.html,4/4,Liga Mendocina 2013
/tablesa/arg-mendoza2014.html,5/4,Liga Mendocina 2014
/tablesa/arg-mendoza2015.html,4/5,Liga Mendocina 2014/15
/tablesa/arg-mendoza2016.html,4/5,Liga Mendocina 2015/16
/tablesa/arg-mendoza2017.html,4/5,Liga Mendocina 2017
/tablesa/arg-mendoza2018.html,4/5,Liga Mendocina 2018
/tablesa/arg-mendoza2019.html,4/5,Liga Mendocina 2019
/tablesa/arg-mendoza2020.html,4/5,Liga Mendocina 2020
/tablesa/arg-mendoza2021.html,4/5,Liga Mendocina 2021
/tablesa/arg-mendoza2022.html,4/5,Liga Mendocina 2022
/tablesa/arg-mendoza2023.html,4/4,Liga Mendocina 2023
/tablesa/arg-mendoza2024.html,4/4,Liga Mendocina 2024
/tablesa/arg-mendoza2025.html,4/5,Liga Mendocina 2025
/tablesa/arg-mendoza2026.html,3/2,Liga Mendocina 2026
/tablesa/arg-mendoza21.html,4/3,Liga Mendocina 1921
/tablesa/arg-mendoza22.html,4/4,Liga Mendocina 1922
/tablesa/arg-mendoza23.html,4/5,Liga Mendocina 1923
/tablesa/arg-mendoza24.html,5/4,Liga Mendocina 1924
/tablesa/arg-mendoza25.html,4/4,Liga Mendocina 1925
/tablesa/arg-mendoza26.html,5/4,Liga Mendocina 1926
/tablesa/arg-mendoza27.html,4/4,Liga Mendocina 1927
/tablesa/arg-mendoza28.html,5/4,Liga Mendocina 1928
/tablesa/arg-mendoza29.html,4/4,Liga Mendocina 1929
/tablesa/arg-mendoza2champ.html,41/4,Liga Mendocina - Second Level Champions
/tablesa/arg-mendoza30.html,4/4,Liga Mendocina 1930
/tablesa/arg-mendoza31.html,4/4,Liga Mendocina 1931
/tablesa/arg-mendoza32.html,5/4,Liga Mendocina 1932
/tablesa/arg-mendoza33.html,4/4,Liga Mendocina 1933
/tablesa/arg-mendoza34.html,4/4,Liga Mendocina 1934
/tablesa/arg-mendoza35.html,4/4,Liga Mendocina 1935
/tablesa/arg-mendoza36.html,4/4,Liga Mendocina 1936
/tablesa/arg-mendoza37.html,4/4,Liga Mendocina 1937
/tablesa/arg-mendoza38.html,4/4,Liga Mendocina 1938
/tablesa/arg-mendoza39.html,4/4,Liga Mendocina 1939
/tablesa/arg-mendoza3champ.html,15/3,Liga Mendocina - Third Level Champions
/tablesa/arg-mendoza40.html,4/4,Liga Mendocina 1940
/tablesa/arg-mendoza41.html,4/4,Liga Mendocina 1941
/tablesa/arg-mendoza42.html,5/4,Liga Mendocina 1942
/tablesa/arg-mendoza43.html,5/6,Liga Mendocina 1943
/tablesa/arg-mendoza44.html,4/5,Liga Mendocina 1944
/tablesa/arg-mendoza45.html,4/5,Liga Mendocina 1945
/tablesa/arg-mendoza46.html,4/4,Liga Mendocina 1946
/tablesa/arg-mendoza47.html,4/4,Liga Mendocina 1947
/tablesa/arg-mendoza48.html,4/4,Liga Mendocina 1948
/tablesa/arg-mendoza49.html,4/4,Liga Mendocina 1949
/tablesa/arg-mendoza50.html,4/4,Liga Mendocina 1950
/tablesa/arg-mendoza51.html,4/5,Liga Mendocina 1951
/tablesa/arg-mendoza52.html,4/4,Liga Mendocina 1952
/tablesa/arg-mendoza53.html,4/4,Liga Mendocina 1953
/tablesa/arg-mendoza54.html,4/4,Liga Mendocina 1954
/tablesa/arg-mendoza55.html,4/4,Liga Mendocina 1955
/tablesa/arg-mendoza56.html,4/4,Liga Mendocina 1956
/tablesa/arg-mendoza57.html,4/4,Liga Mendocina 1957
/tablesa/arg-mendoza58.html,4/5,Liga Mendocina 1958
/tablesa/arg-mendoza59.html,4/6,Liga Mendocina 1959
/tablesa/arg-mendoza60.html,4/5,Liga Mendocina 1960
/tablesa/arg-mendoza61.html,4/5,Liga Mendocina 1961
/tablesa/arg-mendoza62.html,4/4,Liga Mendocina 1962
/tablesa/arg-mendoza63.html,4/5,Liga Mendocina 1963
/tablesa/arg-mendoza64.html,4/6,Liga Mendocina 1964
/tablesa/arg-mendoza65.html,4/5,Liga Mendocina 1965
/tablesa/arg-mendoza66.html,4/6,Liga Mendocina 1966
/tablesa/arg-mendoza67.html,4/6,Liga Mendocina 1967
/tablesa/arg-mendoza68.html,4/6,Liga Mendocina 1968
/tablesa/arg-mendoza69.html,4/6,Liga Mendocina 1969
/tablesa/arg-mendoza70.html,4/6,Liga Mendocina 1970
/tablesa/arg-mendoza71.html,4/6,Liga Mendocina 1971
/tablesa/arg-mendoza72.html,4/6,Liga Mendocina 1972
/tablesa/arg-mendoza73.html,4/6,Liga Mendocina 1973
/tablesa/arg-mendoza74.html,4/5,Liga Mendocina 1974
/tablesa/arg-mendoza75.html,5/5,Liga Mendocina 1975
/tablesa/arg-mendoza76.html,4/5,Liga Mendocina 1976
/tablesa/arg-mendoza77.html,4/5,Liga Mendocina 1977
/tablesa/arg-mendoza78.html,4/5,Liga Mendocina 1978
/tablesa/arg-mendoza79.html,4/5,Liga Mendocina 1979
/tablesa/arg-mendoza80.html,4/5,Liga Mendocina 1980
/tablesa/arg-mendoza81.html,5/5,Liga Mendocina 1981
/tablesa/arg-mendoza82.html,4/5,Liga Mendocina 1982
/tablesa/arg-mendoza83.html,4/5,Liga Mendocina 1983
/tablesa/arg-mendoza84.html,4/5,Liga Mendocina 1984
/tablesa/arg-mendoza85.html,4/6,Liga Mendocina 1985
/tablesa/arg-mendoza86.html,5/8,Liga Mendocina 1986
/tablesa/arg-mendoza87.html,4/6,Liga Mendocina 1987
/tablesa/arg-mendoza88.html,4/6,Liga Mendocina 1988
/tablesa/arg-mendoza89.html,4/6,Liga Mendocina 1989
/tablesa/arg-mendoza90.html,4/7,Liga Mendocina 1990
/tablesa/arg-mendoza91.html,4/7,Liga Mendocina 1991
/tablesa/arg-mendoza92.html,4/6,Liga Mendocina 1992
/tablesa/arg-mendoza93.html,4/6,Liga Mendocina 1992/93
/tablesa/arg-mendoza94.html,4/7,Liga Mendocina 1993/94
/tablesa/arg-mendoza95.html,4/6,Liga Mendocina 1995
/tablesa/arg-mendoza96.html,5/6,Liga Mendocina 1996
/tablesa/arg-mendoza97.html,4/6,Liga Mendocina 1997/98
/tablesa/arg-mendoza98.html,4/6,Liga Mendocina 1998/99
/tablesa/arg-mendoza99.html,4/5,Liga Mendocina 1999/00
/tablesa/arg-mendozaall.html,2/3,Argentina - Mendoza - List of Divisional Movements
/tablesa/arg-mendozaalltime.html,2/3,Argentina - Liga Mendocina de Fútbol - All-Time Table (1922-2019)
/tablesa/arg-mendozachamp.html,143/144,Liga Mendocina
/tablesa/arg-mendozawomchamp.html,7/2,Argentina - Provincia de Mendoza - List of Women Champions
/tablesa/arg-mjcruz43.html,1/2,Copa Manuel J. Cruz 1943
/tablesa/arg-names.html,1/2,Argentina - Name Changes
/tablesa/arg-native2014.html,1/1,"Argentina - ""Native Football"" 2014"
/tablesa/arg-olymp-intres.html,5/8,Argentina - Olympic National Team 1928-2021
/tablesa/arg-olympbeach-intres.html,3/5,Argentina - (Men Beach Soccer) Olympic National Team 2009-2023
/tablesa/arg-olympfuts-intres.html,5/5,Argentina - (Men Futsal) Olympic National Team 2002-2018
/tablesa/arg-olympwfuts-intres.html,5/3,Argentina - (Women Futsal) Olympic National Team
/tablesa/arg-olympwom-intres.html,3/6,Argentina - (Women) Olympic National Team 2003-2019
/tablesa/arg-oro36.html,11/6,Argentina - Copa de Oro (Gold Cup) - 1936
/tablesa/arg-oro82.html,3/3,Copa de Oro 1982 (Mar del Plata)
/tablesa/arg-porteno26.html,2/3,Argentina - Campeonato Porteño 1926
/tablesa/arg-pre21.html,5/5,Argentina - Interleague Championship 1921
/tablesa/arg-pre21det.html,2/2,Argentine Interleague Championship 1921 - Match Details
/tablesa/arg-pre22.html,5/5,Argentina - Interleague Championship 1922
/tablesa/arg-pre22det.html,2/2,Argentine Interleague Championship 1922 - Match Details
/tablesa/arg-pre23.html,5/5,Argentina - Interleague Championship 1923
/tablesa/arg-pre23det.html,2/2,Argentine Interleague Championship 1923 - Match Details
/tablesa/arg-pre24.html,5/5,Argentina - Interleague Championship 1924
/tablesa/arg-pre24det.html,2/2,Argentine Interleague Championship 1924 - Match Details
/tablesa/arg-pre25.html,5/5,Argentina - Interleague Championship 1925
/tablesa/arg-pre25det.html,2/2,Argentine Interleague Championship 1925 - Match Details
/tablesa/arg-pre26.html,5/5,Argentina - Interleague Championship 1926
/tablesa/arg-pre26det.html,2/2,Argentine Interleague Championship 1926 - Match Details
/tablesa/arg-pre27.html,5/5,Argentina - Interleague Championship 1927
/tablesa/arg-pre27det.html,2/2,Argentine Interleague Championship 1927 - Match Details
/tablesa/arg-pre28.html,5/5,Argentina - Interleague Championship 1928
/tablesa/arg-pre28det.html,2/2,Argentine Interleague Championship 1928 - Match Details
/tablesa/arg-pre29.html,7/6,Argentina - Interleague Championship 1929
/tablesa/arg-pre29det.html,2/2,Argentine Interleague Championship 1929 - Match Details
/tablesa/arg-pre30.html,5/5,Argentine Interleague Championship 1930
/tablesa/arg-pre30det.html,2/2,Argentine Interleague Championship 1930
/tablesa/arg-pre31.html,5/5,Argentina - Interleague Championship 1931
/tablesa/arg-pre31det.html,2/2,Argentina - Interleague Championship 1931
/tablesa/arg-pre35.html,6/6,Argentine Interleague Championship 1932-35
/tablesa/arg-pre35det.html,2/2,Argentina - Interleague Championship 1935
/tablesa/arg-pre37.html,6/6,Argentine Interleague Championship 1936/37
/tablesa/arg-pre37det.html,2/2,Argentina - Interleague Championship 1936/37
/tablesa/arg-pre40.html,5/5,Argentine Interleague Championship 1940
/tablesa/arg-pre40det.html,2/2,Argentina - Interleague Championship 1940
/tablesa/arg-pre42.html,5/6,Argentine Interleague Championship 1942
/tablesa/arg-pre42det.html,2/2,Argentina - Interleague Championship 1942
/tablesa/arg-pre44.html,5/6,Argentine Interleague Championship 1944
/tablesa/arg-pre44det.html,2/2,Argentina - Interleague Championship 1944
/tablesa/arg-pre46.html,5/4,Argentine Interleague Championship 1946
/tablesa/arg-pre49.html,6/5,Argentine Interleague Championship 1948/49
/tablesa/arg-pre49det.html,2/2,Argentina - Interleague Championship 1949
/tablesa/arg-pre50.html,6/5,Argentine Interleague Championship 1950
/tablesa/arg-pre50det.html,2/2,Argentine Interleague Championship 1950 - Match details
/tablesa/arg-pre52.html,5/4,Argentine Interleague Championship 1952
/tablesa/arg-pre54.html,5/4,Argentine Interleague Championship 1954
/tablesa/arg-pre57.html,5/4,Argentine Interleague Championship 1956/57
/tablesa/arg-pre58.html,5/4,Argentine Interleague Championship 1958
/tablesa/arg-pre60.html,5/4,Argentine Interleague Championship 1960
/tablesa/arg-pre61.html,6/6,Argentine Interleague Championship 1961
/tablesa/arg-pre61det.html,3/2,Argentina - Interleague Championship 1961 - Match Details
/tablesa/arg-pre62.html,5/4,Argentine Interleague Championship 1962
/tablesa/arg-pre64.html,6/5,Argentina - Interleague Championship 1964
/tablesa/arg-pre64det.html,3/2,Argentina - Interleague Championship 1964 - Match Details
/tablesa/arg-pre66.html,5/4,Argentine Interleague Championship 1966
/tablesa/arg-pre68.html,5/4,Argentine Interleague Championship 1968
/tablesa/arg-pre70.html,5/4,Argentine Interleague Championship 1970
/tablesa/arg-pre73.html,4/5,Argentine Interleague Championship 1973
/tablesa/arg-pre76.html,5/4,Argentine Interleague Championship 1976
/tablesa/arg-pre78.html,5/4,Argentine Interleague Championship 1977/78
/tablesa/arg-pre88.html,4/4,Argentine Interleague Championship 1988/89
/tablesa/arg-preparacion42.html,1/2,Argentina - Torneo Preparación 1942
/tablesa/arg-racing-aamendoza86.html,4/2,Racing Club (Avellaneda) rented by Atlético Argentino (Mendoza) 1986
/tablesa/arg-rep43.html,11/4,Argentina - Campeonato de la República - Copa General de División Pedro Pablo Ramírez - 1943
/tablesa/arg-rep43det.html,2/2,Argentina - Campeonato de la República - Copa General de División Pedro Pablo Ramírez - 1943 - Match Details
/tablesa/arg-rep44.html,13/6,Argentina - Campeonato de la República - 1944
/tablesa/arg-rep44det.html,2/2,Argentina - Campeonato de la República - Copa General de División Pedro Pablo Ramírez - 1944 - Match Details
/tablesa/arg-rep45.html,12/5,Argentina - Campeonato de la República - 1945
/tablesa/arg-rep45det.html,2/2,Argentina - Campeonato de la República - Copa General de División Pedro Pablo Ramírez - 1945 - Match Details
/tablesa/arg-res-champ.html,3/2,Argentina - List of Champions of Reserves of First Division
/tablesa/arg-reyna.html,2/2,Copa Mariano Reyna 1912-1944 Match Details
/tablesa/arg-rosario-champ.html,21/22,Argentina - Provincia de Santa Fe - ario
/tablesa/arg-rosario12.html,3/2,Argentina - Santa Fe - Rosario 1912
/tablesa/arg-rosario13.html,4/3,Argentina - Santa Fe - Rosario 1913
/tablesa/arg-rosario14.html,4/3,Argentina - Santa Fe - Rosario 1914
/tablesa/arg-rosario15.html,4/3,Argentina - Santa Fe - Rosario 1915
/tablesa/arg-rosario16.html,4/3,Argentina - Santa Fe - Rosario 1916
/tablesa/arg-rosario17.html,4/3,Argentina - Santa Fe - Rosario 1917
/tablesa/arg-rosario18.html,4/3,Argentina - Santa Fe - Rosario 1918
/tablesa/arg-rosario19.html,4/3,Argentina - Santa Fe - Rosario 1919
/tablesa/arg-rosario20.html,4/3,Argentina - Santa Fe - Rosario 1920
/tablesa/arg-rosario21.html,4/4,Argentina - Santa Fe - Rosario 1921
/tablesa/arg-rosario22.html,4/4,Argentina - Santa Fe - Rosario 1922
/tablesa/arg-rosario23.html,4/4,Argentina - Santa Fe - Rosario 1923
/tablesa/arg-rosario24.html,4/4,Argentina - Santa Fe - Rosario 1924
/tablesa/arg-rosario25.html,4/4,Argentina - Santa Fe - Rosario 1925
/tablesa/arg-rosario26.html,4/4,Argentina - Santa Fe - Rosario 1926
/tablesa/arg-rosario27.html,4/4,Argentina - Santa Fe - Rosario 1927
/tablesa/arg-rosario28.html,4/4,Argentina - Santa Fe - Rosario 1928
/tablesa/arg-rosario29.html,4/4,Argentina - Santa Fe - Rosario 1929
/tablesa/arg-rosario30.html,3/3,Argentina - Santa Fe - Rosario 1930
/tablesa/arg-selection.html,15/2,Argentina National Team - Selection Matches
/tablesa/arg-suecia58.html,4/3,Argentina - Copa Suecia 1958
/tablesa/arg-suecia58det.html,2/2,Argentina - Copa Suecia 1958 - Match Details
/tablesa/arg-u23-intres.html,0/2,U-23 ARGENTINA NATIONAL TEAM - Matches & Statistics 1937-2008
/tablesa/arg-unoff-intres.html,3/5,Other Results of Argentina 1901-2008
/tablesa/arg-unoff-intres-det.html,2/6,Argentina National Team - Unofficial Matches - Match Details
/tablesa/arg-verano.html,41/32,Torneos de Verano (Argentina)
/tablesa/arg-vozcuyo.html,2/3,-
/tablesa/arg-wc.html,1/3,Argentina - World Cup
/tablesa/arg-wom-intres.html,2/4,Argentina - Women National Team 1971-2023
/tablesa/arg-wom01.html,4/3,Argentina (Women) 2000/01
/tablesa/arg-wom02.html,4/3,Argentina (Women) 2001/02
/tablesa/arg-wom03.html,4/3,Argentina (Women) 2002/03
/tablesa/arg-wom04.html,4/4,Argentina (Women) 2003/04
/tablesa/arg-wom05.html,4/3,Argentina (Women) 2004/05
/tablesa/arg-wom06.html,4/3,Argentina (Women) 2005/06
/tablesa/arg-wom07.html,4/4,Argentina (Women) 2006/07
/tablesa/arg-wom08.html,4/4,Argentina (Women) 2007/08
/tablesa/arg-wom09.html,4/4,Argentina (Women) 2008/09
/tablesa/arg-wom2010.html,4/4,Argentina (Women) 2009/10
/tablesa/arg-wom2011.html,4/4,Argentina (Women) 2010/11
/tablesa/arg-wom2012.html,4/3,Argentina (Women) 2011/12
/tablesa/arg-wom2013.html,4/4,Argentina Woman 2012/13
/tablesa/arg-wom2014.html,6/4,Argentina Women 2013/14
/tablesa/arg-wom2015.html,4/5,Argentina Women 2015
/tablesa/arg-wom2016.html,5/5,Argentina Women 2016
/tablesa/arg-wom2017.html,4/5,Argentina Women 2016/17
/tablesa/arg-wom2018.html,4/5,Argentina Women 2017/18
/tablesa/arg-wom2019.html,4/5,Argentina Women 2018/19
/tablesa/arg-wom2020.html,4/5,Argentina (Women) 2019/20
/tablesa/arg-wom2021.html,4/6,Argentina (Women) 2021
/tablesa/arg-wom2022.html,4/6,Argentina (Women) 2022
/tablesa/arg-wom2023.html,4/5,Argentina (Women) 2023
/tablesa/arg-wom2024.html,4/6,Argentina (Women) 2024
/tablesa/arg-wom2025.html,4/4,Argentina (Women) 2025
/tablesa/arg-wom2026.html,3/3,Argentina (Women) 2026
/tablesa/arg-wom91.html,3/4,Argentina (Women) 1991
/tablesa/arg-wom92.html,4/5,Argentina (Women) 1992
/tablesa/arg-wom93.html,4/5,Argentina (Women) 1993
/tablesa/arg-wom94.html,4/5,Argentina (Women) 1994
/tablesa/arg-wom95.html,4/5,Argentina (Women) 1995
/tablesa/arg-wom96.html,4/5,Argentina (Women) 1996
/tablesa/arg-wom97.html,4/5,Argentina (Women) 1997
/tablesa/arg-wom98.html,4/5,Argentina (Women) 1998
/tablesa/arg-wom99.html,4/5,Argentina (Women) 1999
/tablesa/arg-womchamp.html,36/37,Argentina - List of Women Champions
/tablesa/arg00.html,16/12,Argentina 1999/2000
/tablesa/arg01.html,16/11,Argentina 2000/01
/tablesa/arg02.html,15/11,Argentina 2001/02
/tablesa/arg03.html,15/11,Argentina 2002/03
/tablesa/arg04.html,15/11,Argentina 2003/04
/tablesa/arg05.html,16/12,Argentina 2004/05
/tablesa/arg06.html,16/12,Argentina 2005/06
/tablesa/arg07.html,16/13,Argentina 2006/07
/tablesa/arg08.html,16/12,Argentina 2007/08
/tablesa/arg09.html,16/12,Argentina 2008/09
/tablesa/arg10.html,10/7,Argentina 1910
/tablesa/arg11.html,10/6,Argentina 1911
/tablesa/arg12.html,10/6,Argentina 1912
/tablesa/arg13.html,10/7,Argentina 1913
/tablesa/arg14.html,10/6,Argentina 1914
/tablesa/arg15.html,10/6,Argentina 1915
/tablesa/arg16.html,10/7,Argentina 1916
/tablesa/arg17.html,11/7,Argentina 1917
/tablesa/arg18.html,11/7,Argentina 1918
/tablesa/arg1891.html,8/6,Argentina 1891
/tablesa/arg1892.html,9/5,Argentina 1892
/tablesa/arg1893.html,10/6,Argentina 1893
/tablesa/arg1894.html,10/6,Argentina 1894
/tablesa/arg1895.html,10/6,Argentina 1895
/tablesa/arg1896.html,10/7,Argentina 1896
/tablesa/arg1897.html,10/6,Argentina 1897
/tablesa/arg1898.html,10/6,Argentina 1898
/tablesa/arg1899.html,10/6,Argentina 1899
/tablesa/arg19.html,12/8,Argentina 1919
/tablesa/arg1900.html,10/6,Argentina 1900
/tablesa/arg1901.html,10/5,Argentina 1901
/tablesa/arg1902.html,10/5,Argentina 1902
/tablesa/arg1903.html,11/7,Argentina 1903
/tablesa/arg1904.html,11/7,Argentina 1904
/tablesa/arg1905.html,11/7,Argentina 1905
/tablesa/arg1906.html,10/7,Argentina 1906
/tablesa/arg1907.html,10/6,Argentina 1907
/tablesa/arg1908.html,10/6,Argentina 1908
/tablesa/arg1909.html,10/6,Argentina 1909
/tablesa/arg2-00.html,16/10,Argentina Second Level 1999/2000
/tablesa/arg2-01.html,15/9,Argentina Second Level (Primera B - Nacional) 2000/01
/tablesa/arg2-02.html,15/9,Argentina Second Level (Primera B - Nacional) 2001/02
/tablesa/arg2-03.html,15/9,Argentina Second Level (Primera B - Nacional) 2002/03
/tablesa/arg2-04.html,15/9,Argentina Second Level (Primera B - Nacional) 2003/04
/tablesa/arg2-05.html,16/10,Argentina Second Level (Primera B - Nacional) 2004/05
/tablesa/arg2-06.html,16/11,Argentina Second Level (Primera B - Nacional) 2005/06
/tablesa/arg2-07.html,16/10,Argentina Second Level (Primera B - Nacional) 2006/07
/tablesa/arg2-08.html,16/11,Argentina Second Level (Primera B - Nacional) 2007/08
/tablesa/arg2-09.html,16/10,Argentina Second Level (Primera B - Nacional) 2008/09
/tablesa/arg2-17.html,11/3,Argentina Second Level 1917
/tablesa/arg2-18.html,11/4,Argentina Second Level 1918
/tablesa/arg2-19.html,11/4,Argentina Second Level 1919
/tablesa/arg2-1903.html,11/4,Argentina Second Level 1903
/tablesa/arg2-1904.html,11/5,Argentina Second Level 1904
/tablesa/arg2-1905.html,11/4,Argentina Second Level 1905
/tablesa/arg2-20.html,11/4,Argentina Second Level 1920
/tablesa/arg2-2010.html,16/10,Argentina Second Level (Primera B - Nacional) 2009/10
/tablesa/arg2-21.html,11/4,Argentina Second Level 1921
/tablesa/arg2-22.html,11/4,Argentina Second Level 1922
/tablesa/arg2-23.html,11/4,Argentina Second Level 1923
/tablesa/arg2-24.html,11/4,Argentina Second Level 1924
/tablesa/arg2-25.html,11/4,Argentina Second Level 1925
/tablesa/arg2-26.html,11/4,Argentina Second Level 1926
/tablesa/arg2-27.html,11/5,Argentina Second Level 1927
/tablesa/arg2-28.html,11/5,Argentina Second Level 1928
/tablesa/arg2-29.html,11/5,Argentina Second Level 1929
/tablesa/arg2-30.html,11/5,Argentina Second Level 1930
/tablesa/arg2-31.html,11/5,Argentina Second Level 1931
/tablesa/arg2-32.html,11/5,Argentina Second Level 1932
/tablesa/arg2-33.html,11/5,Argentina Second Level 1933 AAF
/tablesa/arg2-34.html,13/7,Argentina Second Level (Amateur) 1934
/tablesa/arg2-34p.html,12/6,Argentina Second Level 1934
/tablesa/arg2-35.html,12/6,Argentina Second Level 1935
/tablesa/arg2-36.html,11/5,Argentina Second Level 1936
/tablesa/arg2-37.html,11/5,Argentina Second Level 1937
/tablesa/arg2-38.html,11/5,Argentina Second Level 1938
/tablesa/arg2-39.html,11/5,Argentina Second Level 1939
/tablesa/arg2-40.html,11/5,Argentina Second Level 1940
/tablesa/arg2-41.html,11/5,Argentina Second Level 1941
/tablesa/arg2-42.html,11/5,Argentina Second Level 1942
/tablesa/arg2-43.html,11/5,Argentina Second Level 1943
/tablesa/arg2-44.html,11/5,Argentina Second Level 1944
/tablesa/arg2-45.html,11/5,Argentina Second Level 1945
/tablesa/arg2-46.html,11/5,Argentina Second Level 1946
/tablesa/arg2-47.html,11/5,Argentina Second Level 1947
/tablesa/arg2-48.html,12/5,Argentina Second Level 1948
/tablesa/arg2-49.html,11/5,Argentina Second Level 1949
/tablesa/arg2-50.html,12/5,Argentina Second Level 1950
/tablesa/arg2-51.html,12/5,Argentina Second Level 1951
/tablesa/arg2-52.html,12/5,Argentina Second Level 1952
/tablesa/arg2-53.html,12/5,Argentina Second Level 1953
/tablesa/arg2-54.html,12/5,Argentina Second Level 1954
/tablesa/arg2-55.html,12/5,Argentina Second Level 1955
/tablesa/arg2-56.html,12/5,Argentina Second Level 1956
/tablesa/arg2-57.html,12/5,Argentina Second Level 1957
/tablesa/arg2-58.html,12/5,Argentina Second Level 1958
/tablesa/arg2-59.html,11/5,Argentina Second Level 1959
/tablesa/arg2-60.html,12/5,Argentina Second Level 1960
/tablesa/arg2-61.html,12/5,Argentina Second Level 1961
/tablesa/arg2-62.html,12/5,Argentina Second Level 1962
/tablesa/arg2-63.html,12/5,Argentina Second Level 1963
/tablesa/arg2-64.html,12/5,Argentina Second Level 1964
/tablesa/arg2-65.html,12/5,Argentina Second Level 1965
/tablesa/arg2-66.html,12/5,Argentina Second Level 1966
/tablesa/arg2-67.html,11/4,Argentina Second Level 1967
/tablesa/arg2-68.html,11/5,Argentina Second Level 1968
/tablesa/arg2-69.html,11/5,Argentina Second Level 1969
/tablesa/arg2-70.html,11/5,Argentina Second Level 1970
/tablesa/arg2-71.html,11/5,Argentina Second Level 1971
/tablesa/arg2-72.html,12/5,Argentina Second Level 1972
/tablesa/arg2-73.html,12/5,Argentina Second Level 1973
/tablesa/arg2-74.html,12/5,Argentina Second Level 1974
/tablesa/arg2-75.html,12/5,Argentina Second Level 1975
/tablesa/arg2-76.html,12/5,Argentina Second Level 1976
/tablesa/arg2-77.html,12/4,Argentina Second Level 1977
/tablesa/arg2-78.html,12/5,Argentina Second Level 1978
/tablesa/arg2-79.html,12/5,Argentina Second Level 1979
/tablesa/arg2-80.html,12/5,Argentina Second Level 1980
/tablesa/arg2-81.html,12/5,Argentina Second Level 1981
/tablesa/arg2-82.html,12/5,Argentina Second Level 1982
/tablesa/arg2-83.html,12/4,Argentina Second Level 1983
/tablesa/arg2-84.html,12/6,Argentina Second Level 1984
/tablesa/arg2-85.html,12/5,Argentina Second Level 1985
/tablesa/arg2-87.html,11/4,Argentina Second Level 1986/87
/tablesa/arg2-88.html,11/4,Argentina Second Level 1987/88
/tablesa/arg2-89.html,11/4,Argentina Second Level 1988/89
/tablesa/arg2-90.html,11/5,Argentina Second Level 1989/90
/tablesa/arg2-91.html,11/5,Argentina Second Level 1990/91
/tablesa/arg2-92.html,11/5,Argentina Second Level 1991/92
/tablesa/arg2-93.html,11/5,Argentina Second Level 1992/93
/tablesa/arg2-94.html,11/5,Argentina Second Level 1993/94
/tablesa/arg2-95.html,11/5,Argentina Second Level 1994/95
/tablesa/arg2-96.html,11/5,Argentina Second Level 1995/96
/tablesa/arg2-97.html,12/5,Argentina Second Level 1996/97
/tablesa/arg2-98.html,12/5,Argentina Second Level 1997/98
/tablesa/arg2-99.html,16/9,Argentina Second Level 1998/99
/tablesa/arg20.html,12/7,Argentina 1920
/tablesa/arg2010.html,16/11,Argentina 2009/10
/tablesa/arg2011.html,16/16,Argentina 2010/11
/tablesa/arg2012.html,10/9,Argentina 2011/12
/tablesa/arg2013.html,11/11,Argentina 2012/13
/tablesa/arg2014.html,14/16,Argentina 2013/14
/tablesa/arg2015.html,18/14,Argentina 2014
/tablesa/arg2015a.html,32/14,Argentina 2015
/tablesa/arg2016.html,22/14,Argentina 2016
/tablesa/arg2017.html,20/14,Argentina 2016/17
/tablesa/arg2018.html,11/14,Argentina 2017/18
/tablesa/arg2019.html,13/12,Argentina 2018/19
/tablesa/arg2020.html,11/13,Argentina 2019/20
/tablesa/arg2021.html,11/12,Argentina 2020/21
/tablesa/arg2022.html,11/12,Argentina 2021/22
/tablesa/arg2023.html,10/13,Argentina 2022/23
/tablesa/arg2024.html,11/15,Argentina 2023/24
/tablesa/arg2025.html,12/12,Argentina 2025
/tablesa/arg2026.html,10/6,Argentina 2026
/tablesa/arg21.html,11/6,Argentina 1921
/tablesa/arg22.html,11/7,Argentina 1922
/tablesa/arg23.html,12/7,Argentina 1923
/tablesa/arg24.html,11/7,Argentina 1924
/tablesa/arg25.html,11/7,Argentina 1925
/tablesa/arg26.html,12/8,Argentina 1926
/tablesa/arg27.html,11/7,Argentina 1927
/tablesa/arg28.html,11/7,Argentina 1928
/tablesa/arg29.html,11/8,Argentina 1929
/tablesa/arg2alltime.html,1/2,Argentina Second Division All-Time Table
/tablesa/arg2champ.html,115/411,Argentina - Second Level Champions
/tablesa/arg2hist.html,2/34,Final Tables Argentina Second Level 1935-2006/07
/tablesa/arg2tops.html,1/2,Argentina - List of Second Level Topscorers
/tablesa/arg3-00.html,16/10,Argentina Third Level 1999/2000
/tablesa/arg3-01.html,15/9,Argentina Third Level (Primera B - Metropolitana) 2000/01
/tablesa/arg3-02.html,15/9,Argentina Third Level (Primera B - Metropolitana) 2001/02
/tablesa/arg3-03.html,15/9,Argentina Third Level (Primera B - Metropolitana) 2002/03
/tablesa/arg3-04.html,14/9,Argentina Third Level (Primera B - Metropolitana) 2003/04
/tablesa/arg3-05.html,16/9,Argentina Third Level (Primera B - Metropolitano) 2004/05
/tablesa/arg3-06.html,16/10,Argentina Third Level (Primera B - Metropolitano) 2005/06
/tablesa/arg3-07.html,16/10,Argentina Third Level (Primera B - Metropolitano) 2006/07
/tablesa/arg3-08.html,16/10,Argentina Third Level (Primera B - Metropolitano) 2007/08
/tablesa/arg3-09.html,16/10,Argentina Third Level (Primera B - Metropolitano) 2008/09
/tablesa/arg3-2010.html,16/9,Argentina Third Level (Primera B - Metropolitano) 2009/10
/tablesa/arg3-87.html,3/2,Argentina Third Level 1986/87
/tablesa/arg3-88.html,4/3,Argentina Third Level 1987/88
/tablesa/arg3-89.html,4/3,Argentina Third Level 1988/89
/tablesa/arg3-90.html,4/3,Argentina Third Level 1989/90
/tablesa/arg3-91.html,4/3,Argentina Third Level 1990/91
/tablesa/arg3-92.html,4/5,Argentina Third Level 1991/92
/tablesa/arg3-93.html,4/5,Argentina Third Level 1992/93
/tablesa/arg3-94.html,4/5,Argentina Third Level 1993/94
/tablesa/arg3-95.html,4/5,Argentina Third Level 1994/95
/tablesa/arg3-96.html,4/5,Argentina Third Level 1995/96
/tablesa/arg3-97.html,4/5,Argentina Third Level 1996/97
/tablesa/arg3-98.html,4/5,Argentina Third Level 1997/98
/tablesa/arg3-99.html,16/9,Argentina Third Level 1998/99
/tablesa/arg3-int00.html,17/10,Argentina Third Level (Interior) 1999/2000
/tablesa/arg3-int01.html,16/9,"Argentina Third Level (Torneo Argentino ""A"" - Interior) 2000/01"
/tablesa/arg3-int02.html,16/10,"Argentina Third Level (Torneo Argentino ""A"" - Interior) 2001/02"
/tablesa/arg3-int03.html,16/9,"Argentina Third Level (Torneo Argentino ""A"" - Interior) 2002/03"
/tablesa/arg3-int04.html,16/10,"Argentina Third Level (Torneo Argentino ""A"" - Interior) 2003/04"
/tablesa/arg3-int05.html,17/10,"Argentina Third Level (Torneo Argentino ""A"" - Interior) 2004/05"
/tablesa/arg3-int06.html,17/10,"Argentina Third Level (Torneo Argentino ""A"" - Interior) 2005/06"
/tablesa/arg3-int07.html,17/11,"Argentina Third Level (Torneo Argentino ""A"" - Interior) 2006/07"
/tablesa/arg3-int08.html,17/11,"Argentina Third Level (Torneo Argentino ""A"" - Interior) 2007/08"
/tablesa/arg3-int09.html,17/11,"Argentina Third Level (Torneo Argentino ""A"" - Interior) 2008/09"
/tablesa/arg3-int2010.html,17/10,"Argentina Third Level (Torneo Argentino ""A"" - Interior) 2009/10"
/tablesa/arg3-int2013.html,3/2,Argentina Third Level (Torneo Argentino - Interior) 2012/13
/tablesa/arg3-int95.html,11/4,Torneo Regional 1995
/tablesa/arg3-int96.html,13/6,Argentina Third Level (Interior) 1995/96
/tablesa/arg3-int97.html,14/7,Argentina Third Level (Interior) 1996/97
/tablesa/arg3-int98.html,13/5,Argentina Third Level (Interior) 1997/98
/tablesa/arg3-int99.html,18/10,Argentina Third Level (Interior) 1998/99
/tablesa/arg30.html,12/8,Argentina 1930
/tablesa/arg31.html,12/7,Argentina 1931
/tablesa/arg31a.html,14/9,Argentina 1931 (amateur)
/tablesa/arg31a-det.html,2/2,Argentina - Asociación Amateurs Argentina de Football - Copa Campeonato - 1931 - Match details
/tablesa/arg32.html,12/8,Argentina 1932
/tablesa/arg32a.html,12/8,Argentina 1932 (amateur)
/tablesa/arg33.html,12/7,Argentina 1933
/tablesa/arg33a.html,12/8,Argentina 1933 (amateur)
/tablesa/arg34.html,14/9,Argentina 1934
/tablesa/arg34a.html,12/8,Argentina 1934 (amateur)
/tablesa/arg35.html,12/7,Argentina 1935
/tablesa/arg36.html,13/9,Argentina 1936
/tablesa/arg37.html,11/7,Argentina 1937
/tablesa/arg38.html,11/7,Argentina 1938
/tablesa/arg39.html,15/8,Argentina 1939
/tablesa/arg3champ.html,40/3,Argentina - Third Level Champions
/tablesa/arg3hist.html,2/6,Argentina - Third Level Tables
/tablesa/arg4-00.html,16/10,Argentina Fourth Level 1999/2000
/tablesa/arg4-01.html,15/9,"Argentina Fourth Level (Primera ""C"" - Metropolitana) 2000/01"
/tablesa/arg4-02.html,15/9,"Argentina Fourth Level (Primera ""C"" - Metropolitana) 2001/02"
/tablesa/arg4-03.html,15/9,"Argentina Fourth Level (Primera ""C"" - Metropolitana) 2002/03"
/tablesa/arg4-04.html,15/9,"Argentina Fourth Level (Primera ""C"" - Metropolitana) 2003/04"
/tablesa/arg4-05.html,16/10,"Argentina Fourth Level (Primera ""C"" - Metropolitana) 2004/05"
/tablesa/arg4-06.html,16/10,"Argentina Fourth Level (Primera ""C"" - Metropolitana) 2005/06"
/tablesa/arg4-07.html,16/10,"Argentina Fourth Level (Primera ""C"" - Metropolitana) 2006/07"
/tablesa/arg4-08.html,16/10,"Argentina Fourth Level (Primera ""C"" - Metropolitana) 2007/08"
/tablesa/arg4-09.html,16/10,"Argentina Fourth Level (Primera ""C"" - Metropolitana) 2008/09"
/tablesa/arg4-2010.html,16/10,"Argentina Fourth Level (Primera ""C"" - Metropolitana) 2009/10"
/tablesa/arg4-99.html,16/8,Argentina Fourth Level 1998/99
/tablesa/arg4-int00.html,16/11,Argentina Fourth Level (Interior) 1999/2000
/tablesa/arg4-int01.html,15/9,"Argentina Fourth Level (Torneo Argentino ""B"" - Interior) 2000/01"
/tablesa/arg4-int02.html,15/9,"Argentina Fourth Level (Torneo Argentino ""B"" - Interior) 2001/02"
/tablesa/arg4-int03.html,15/10,"Argentina Fourth Level (Torneo Argentino ""B"" - Interior) 2002/03"
/tablesa/arg4-int04.html,15/9,"Argentina Fourth Level (Torneo Argentino ""B"" - Interior) 2003/04"
/tablesa/arg4-int05.html,16/10,"Argentina Fourth Level (Torneo Argentino ""B"" - Interior) 2004/05"
/tablesa/arg4-int06.html,16/11,"Argentina Fourth Level (Torneo Argentino ""B"" - Interior) 2005/06"
/tablesa/arg4-int07.html,16/10,"Argentina Fourth Level (Torneo Argentino ""B"" - Interior) 2006/07"
/tablesa/arg4-int08.html,16/11,"Argentina Fourth Level (Torneo Argentino ""B"" - Interior) 2007/08"
/tablesa/arg4-int09.html,16/10,"Argentina Fourth Level (Torneo Argentino ""B"" - Interior) 2008/09"
/tablesa/arg4-int2010.html,17/12,"Argentina Fourth Level (Torneo Argentino ""B"" - Interior) 2009/10"
/tablesa/arg4-int2013.html,1/1,Argentina Fourth Level (Torneo Argentino - Interior) 2012/13
/tablesa/arg4-int96.html,12/5,Argentina Fourth Level (Interior) 1995/96
/tablesa/arg4-int97.html,13/5,Argentina Fourth Level (Interior) 1996/97
/tablesa/arg4-int98.html,13/4,Argentina Fourth Level (Interior) 1997/98
/tablesa/arg4-int99.html,17/9,Argentina Fourth Level (Interior) 1998/99
/tablesa/arg4-reg2025.html,10/3,Argentina CFFA Fourth Level: Torneo Federal Regional Amateur 2024/2025
/tablesa/arg4-reg2026.html,11/3,Argentina CFFA Fourth Level: Torneo Federal Regional Amateur 2025/2026
/tablesa/arg40.html,11/7,Argentina 1940
/tablesa/arg41.html,12/7,Argentina 1941
/tablesa/arg42.html,11/7,Argentina 1942
/tablesa/arg43.html,11/7,Argentina 1943
/tablesa/arg44.html,11/7,Argentina 1944
/tablesa/arg45.html,12/7,Argentina 1945
/tablesa/arg46.html,11/7,Argentina 1946
/tablesa/arg47.html,12/7,Argentina 1947
/tablesa/arg48.html,12/6,Argentina 1948
/tablesa/arg49.html,12/6,Argentina 1949
/tablesa/arg4champ.html,28/2,Argentina - Fourth Level Champions
/tablesa/arg4hist.html,2/5,Argentina - Fourth Level Tables
/tablesa/arg5-00.html,16/9,Argentina Fifth Level 1999/2000
/tablesa/arg5-01.html,15/8,Argentina Fifth Level (Primera D) 2000/01
/tablesa/arg5-02.html,15/9,Argentina Fifth Level (Primera D) 2001/02
/tablesa/arg5-03.html,15/9,Argentina Fifth Level (Primera D) 2002/03
/tablesa/arg5-04.html,15/9,Argentina Fifth Level (Primera D) 2003/04
/tablesa/arg5-05.html,16/10,Argentina Fifth Level (Primera D) 2004/05
/tablesa/arg5-06.html,16/10,Argentina Fifth Level (Primera D) 2005/06
/tablesa/arg5-07.html,16/10,Argentina Fifth Level (Primera D) 2006/07
/tablesa/arg5-08.html,16/10,Argentina Fifth Level (Primera D) 2007/08
/tablesa/arg5-09.html,16/10,Argentina Fifth Level (Primera D) 2008/09
/tablesa/arg5-2010.html,15/10,Argentina Fifth Level (Primera D) 2009/10
/tablesa/arg5-99.html,16/7,Argentina Fifth Level 1998/99
/tablesa/arg5-int05.html,15/9,"Argentina Fifth Level (Torneo Argentino ""C"" - Interior) 2004/05"
/tablesa/arg5-int06.html,16/10,"Argentina Fifth Level (Torneo Argentino ""C"" - Interior) 2005/06"
/tablesa/arg5-int07.html,16/10,"Argentina Fifth Level (Torneo Argentino ""C"" - Interior) 2006/07"
/tablesa/arg5-int08.html,16/10,"Argentina Fifth Level (Torneo Argentino ""C"" - Interior) 2007/08"
/tablesa/arg5-int09.html,15/10,"Argentina Fifth Level (Torneo Argentino ""C"" - Interior) 2008/09"
/tablesa/arg5-int2010.html,16/8,"Argentina Fifth Level (Torneo Argentino ""C"" - Interior) 2009/10"
/tablesa/arg50.html,12/7,Argentina 1950
/tablesa/arg51.html,12/7,Argentina 1951
/tablesa/arg52.html,12/7,Argentina 1952
/tablesa/arg53.html,12/8,Argentina 1953
/tablesa/arg54.html,12/7,Argentina 1954
/tablesa/arg55.html,12/7,Argentina 1955
/tablesa/arg56.html,12/7,Argentina 1956
/tablesa/arg57.html,12/7,Argentina 1957
/tablesa/arg58.html,12/7,Argentina 1958
/tablesa/arg59.html,12/6,Argentina 1959
/tablesa/arg5champ.html,24/2,Argentina - Fifth Level Champions
/tablesa/arg5pm.html,3/4,Argentina - Five or More Goals Scored by One Player in a League Match
/tablesa/arg60.html,12/6,Argentina 1960
/tablesa/arg61.html,12/6,Argentina 1961
/tablesa/arg62.html,12/6,Argentina 1962
/tablesa/arg63.html,12/7,Argentina 1963
/tablesa/arg64.html,12/7,Argentina 1964
/tablesa/arg65.html,11/7,Argentina 1965
/tablesa/arg66.html,12/7,Argentina 1966
/tablesa/arg67.html,12/9,Argentina 1967
/tablesa/arg68.html,12/9,Argentina 1968
/tablesa/arg69.html,12/10,Argentina 1969
/tablesa/arg70.html,12/11,Argentina 1970
/tablesa/arg71.html,11/10,Argentina 1971
/tablesa/arg72.html,12/10,Argentina 1972
/tablesa/arg73.html,12/9,Argentina 1973
/tablesa/arg74.html,12/10,Argentina 1974
/tablesa/arg75.html,12/9,Argentina 1975
/tablesa/arg76.html,12/9,Argentina 1976
/tablesa/arg77.html,11/9,Argentina 1977
/tablesa/arg78.html,11/9,Argentina 1978
/tablesa/arg79.html,12/9,Argentina 1979
/tablesa/arg80.html,12/9,Argentina 1980
/tablesa/arg81.html,12/9,Argentina 1981 - Campeonato Metropolitano
/tablesa/arg82.html,12/10,Argentina 1982
/tablesa/arg83.html,14/11,Argentina 1983 - Campeonato Nacional
/tablesa/arg84.html,11/9,Argentina 1984
/tablesa/arg85.html,12/8,Argentina 1985 - Campeonato Nacional
/tablesa/arg86.html,10/8,Argentina 1985/86
/tablesa/arg87.html,11/9,Argentina 1986/87
/tablesa/arg88.html,11/8,Argentina 1987/88
/tablesa/arg89.html,11/8,Argentina 1988/89
/tablesa/arg90.html,11/8,Argentina 1989/90
/tablesa/arg91.html,11/8,Argentina 1990/91
/tablesa/arg92.html,12/8,Argentina 1991/92
/tablesa/arg93.html,12/7,Argentina 1992/93
/tablesa/arg94.html,12/7,Argentina 1993/94
/tablesa/arg95.html,12/7,Argentina 1994/95
/tablesa/arg96.html,15/8,Argentina 1995/96
/tablesa/arg97.html,13/10,Argentina 1996/97
/tablesa/arg98.html,12/13,Argentina 1997/98
/tablesa/arg99.html,16/11,Argentina 1998/99
/tablesa/argall.html,1/408,Argentina - List of Clubs and Divisional Movements
/tablesa/argalltime.html,1/409,Argentina All-Time Table
/tablesa/argbolres.html,1/2,"Argentina - Bolivia matches, 1926-2003"
/tablesa/argchamp.html,147/415,Argentina - List of Champions and Runners-Up
/tablesa/argchamp-performances.html,4/4,Argentina - Champions Performances - Efficiency by Points
/tablesa/argclub.html,1/35,LIST OF ARGENTINIAN CLUBS AND DIVISIONAL MOVEMENTS (Professional Era 1931-2022)
/tablesa/argclub-intwins.html,1/2,International Friendly Tournaments won by Argentine Clubs
/tablesa/argclubargnatteam.html,2/3,Argentina Clubs vs Argentina National Team
/tablesa/argclubdirectory00.html,14/63,Argentina Club Directory 1999/2000
/tablesa/argclubdirectory01.html,1/1,Argentina Club Directory 2000/01
/tablesa/argclubsnatteams.html,2/4,Argentina Clubs vs National Teams
/tablesa/argcolres.html,1/2,"Argentina - Colombia matches, 1945-2000"
/tablesa/argcomb-amertrip33.html,1/1,American Trip of Liga Argentina Combined 1932/33
/tablesa/argconsejo70.html,2/2,Argentina - Trofeo Consejo Federal - 1969/70
/tablesa/argcup69.html,11/4,Argentina - Copa de Argentina - 1969
/tablesa/argcup69det.html,3/2,Argentina - Copa Argentina - 1969 - Details
/tablesa/argcup70.html,10/3,Argentina - Copa Argentina - 1970
/tablesa/argcup70det.html,3/2,Argentina - Copa Argentina - 1970 - Details
/tablesa/argcuphist.html,123/177,Argentina - Domestic Cup History
/tablesa/argcuptops.html,1/3,Argentina - List of Topscorers - Domestic Cups
/tablesa/argdaia.html,2/2,"Argentina - Copa DAIA, Día Universal de los Derechos Humanos"
/tablesa/argecuares.html,1/2,"Argentina - Ecuador matches, 1941-2000"
/tablesa/argentina-u20-sa.html,1/2,Argentina U-19/U-20 in South American Youth Cup
/tablesa/argentina-u20-wc.html,1/2,Argentina U-20 in World Youth Cup
/tablesa/argfinchamp.html,7/2,Argentina (Torneo Final) - List of Champions and Runners-Up
/tablesa/argfound.html,1/2,Argentina - Foundation Dates of Clubs
/tablesa/arghist.html,18/426,Final Tables Argentina since 1891
/tablesa/arghist-ama1890s.html,26/15,Final Tables Argentina 1891-1900
/tablesa/arghist-ama1900s.html,25/15,-
/tablesa/arghist-ama1910s.html,27/15,-
/tablesa/arghist-ama1920s.html,26/16,-
/tablesa/arghist-ama1930s.html,21/15,-
/tablesa/arghist-pro1930s.html,29/15,-
/tablesa/arghist-pro1940s.html,27/15,Final Tables Argentina 1941-1950
/tablesa/arghist-pro1950s.html,27/15,Final Tables Argentina 1951-1960
/tablesa/arghist-pro1960s.html,27/15,-
/tablesa/arghist-pro1970s.html,27/15,-
/tablesa/arghist-pro1980s.html,27/15,-
/tablesa/arghist-pro1990s.html,27/15,-
/tablesa/arghist-pro2000s.html,27/14,Final Tables Argentina 2001-2010
/tablesa/arghist-pro2010s.html,26/16,Final Tables Argentina 2011-2020
/tablesa/arghist-pro2020s.html,20/15,Final Tables Argentina 2021-2030
/tablesa/argibargurencuphist.html,1/4,Argentina - Copa Ibarguren
/tablesa/arginichamp.html,7/3,Argentina (Torneo Inicial) - List of Champions and Runners-Up
/tablesa/argint-champ.html,63/40,Argentina - Torneo del Interior
/tablesa/argint2-champ.html,30/2,Torneo Argentino B Champions
/tablesa/argint3-champ.html,12/2,Torneo Argentino C Champions
/tablesa/argint67.html,10/3,Torneo Regional 1967
/tablesa/argint68.html,11/4,Torneo Regional 1968
/tablesa/argint69.html,10/5,Torneo Regional 1969
/tablesa/argint70.html,10/4,Torneo Regional 1970
/tablesa/argint71.html,10/5,Torneo Regional 1971
/tablesa/argint72.html,10/5,Torneo Regional 1972
/tablesa/argint73.html,10/4,Torneo Regional 1973
/tablesa/argint74.html,10/5,Torneo Regional 1974
/tablesa/argint75.html,10/4,Torneo Regional 1975
/tablesa/argint76.html,10/4,Torneo Regional 1976
/tablesa/argint77.html,10/4,Torneo Regional 1977
/tablesa/argint78.html,10/5,Torneo Regional 1978
/tablesa/argint79.html,10/4,Torneo Regional 1979
/tablesa/argint80.html,10/6,Torneo Regional 1980
/tablesa/argint81.html,10/3,Torneo Regional 1981
/tablesa/argint82.html,10/5,Torneo Regional 1982
/tablesa/argint83.html,10/4,Torneo Regional 1983
/tablesa/argint84.html,10/4,Torneo Regional 1984
/tablesa/argint85.html,10/4,Torneo Regional 1985
/tablesa/argint85b.html,10/5,Torneo Regional 1985/86
/tablesa/argint86.html,11/4,Torneo del Interior 1986
/tablesa/argint87.html,11/3,Torneo del Interior 1986/87
/tablesa/argint88.html,11/3,Regional 1988
/tablesa/argint89.html,11/3,Torneo del Interior 1988/89
/tablesa/argint90.html,11/4,Torneo del Interior 1989/90
/tablesa/argint91.html,11/3,Regional 1991
/tablesa/argint92.html,11/4,Torneo del Interior 1991/92
/tablesa/argint93.html,11/3,Torneo del Interior 1992/93
/tablesa/argint94.html,11/5,Torneo del Interior 1993/94
/tablesa/argisraelcup.html,2/2,Argentina - Copa Estado de Israel
/tablesa/argjrs-mextrip61.html,1/2,Mexican Trip of AA Argentinos Juniors 1961
/tablesa/argjuniors.html,1/2,Asociación Atlética Argentinos Juniors
/tablesa/argmuseos.html,2/2,Argentina - Trofeo Día de los Museos Municipales
/tablesa/argnacchamp.html,21/3,Argentina (Campeonato Nacional) - List of Champions and Runners-Up
/tablesa/argparares.html,0/2,ARGENTINA-PARAGUAY Matches 1919-2008
/tablesa/argpazvalientes.html,2/2,Argentina - Copa Homenaje a la Paz de los Valientes
/tablesa/argperures.html,1/2,Argentina - Peru matches
/tablesa/argsanmartintours.html,2/2,"Argentina - Copa San Martín de Tours, Patrono de Buenos Aires"
/tablesa/argteamsbrazteams.html,163/3,Argentinian Teams vs. Brazilian Teams
/tablesa/argteamsbrazteams-frien.html,2/1,Argentinian Teams vs. Brazilian Teams - Friendlies
/tablesa/argteamseurteams.html,270/3,Argentinian Teams vs. European Teams
/tablesa/argteamseurteams-frien.html,2/1,Argentinian Teams vs. European Teams - Friendlies
/tablesa/argtops.html,3/410,Argentina - List of Topscorers
/tablesa/argtops-allt.html,117/6,Argentina - All-Time Topscorers
/tablesa/arguru-bec33.html,3/4,"II Copa de Honor ""Sr. Beccar Varela"" - 1933"
/tablesa/arguru-bec33det.html,2/3,"II Copa de Honor ""Sr. Beccar Varela"" - 1933 - Match Details"
/tablesa/arguru-bue36.html,2/2,-
/tablesa/argurures.html,2/7,ARGENTINA-URUGUAY Matches 1902-2017
/tablesa/arias.html,1/2,Trofeo Arias (Cercedilla)
/tablesa/arme-futs-intres.html,1/2,Armenia - List of International Futsal Matches
/tablesa/arme-intres.html,2/3,Armenia - List of International Matches
/tablesa/arme-names.html,1/2,Armenia - Name Changes
/tablesa/arme-wom01.html,3/2,Armenia (Women) 2001
/tablesa/arme-wom04.html,4/3,Armenia (Women) 2004
/tablesa/arme-wom05.html,4/3,Armenia (Women) 2005
/tablesa/arme-wom06.html,4/3,Armenia (Women) 2006
/tablesa/arme-wom09.html,4/3,Armenia (Women) 2009
/tablesa/arme-wom2010.html,4/3,Armenia (Women) 2010
/tablesa/arme-wom2013.html,4/3,Armenia (Women) 2013/14
/tablesa/arme-wom2014.html,4/3,Armenia (Women) 2014/15
/tablesa/arme-wom2015.html,4/3,Armenia (Women) 2015/16
/tablesa/arme-wom2017.html,4/4,Armenia (Women) 2016/17
/tablesa/arme-wom2018.html,4/4,Armenia (Women) 2017/18
/tablesa/arme-wom2019.html,4/4,Armenia (Women) 2018/19
/tablesa/arme-wom2020.html,4/4,Armenia (Women) 2019/20
/tablesa/arme-wom2021.html,4/3,Armenia (Women) 2020/21
/tablesa/arme-wom2022.html,4/4,Armenia (Women) 2021/22
/tablesa/arme-wom2023.html,4/3,Armenia (Women) 2022/23
/tablesa/arme-wom2024.html,4/4,Armenia (Women) 2023/24
/tablesa/arme-wom2025.html,3/3,Armenia (Women) 2024/25
/tablesa/arme-womchamp.html,19/20,Armenia - List of Women Champions
/tablesa/arme00.html,6/5,Armenia 2000
/tablesa/arme01.html,6/5,Armenia 2001 Premier League
/tablesa/arme02.html,7/5,Armenia 2002 Premier League
/tablesa/arme03.html,7/5,Armenia 2003
/tablesa/arme04.html,7/5,Armenia 2004
/tablesa/arme05.html,7/5,Armenia 2005
/tablesa/arme06.html,7/5,Armenia 2006
/tablesa/arme07.html,7/6,Armenia 2007
/tablesa/arme08.html,7/4,Armenia 2008
/tablesa/arme09.html,7/4,Armenia 2009
/tablesa/arme2010.html,7/7,Armenia 2010
/tablesa/arme2011.html,7/5,Armenia 2011
/tablesa/arme2013.html,7/5,Armenia 2012/13
/tablesa/arme2014.html,7/5,Armenia 2013/14
/tablesa/arme2015.html,7/5,Armenia 2014/15
/tablesa/arme2016.html,7/5,Armenia 2015/16
/tablesa/arme2017.html,7/5,Armenia 2016/17
/tablesa/arme2018.html,7/5,Armenia 2017/18
/tablesa/arme2019.html,7/5,Armenia 2018/19
/tablesa/arme2020.html,8/6,Armenia 2019/20
/tablesa/arme2021.html,7/5,Armenia 2020/21
/tablesa/arme2022.html,7/6,Armenia 2021/22
/tablesa/arme2023.html,7/6,Armenia 2022/23
/tablesa/arme2024.html,8/5,Armenia 2023/24
/tablesa/arme2025.html,7/6,Armenia 2024/25
/tablesa/arme2026.html,7/5,Armenia 2025/26
/tablesa/arme2027.html,6/6,Armenia 2026/27
/tablesa/arme2champ.html,1/2,Armenia - List of Second Level Champions
/tablesa/arme56.html,7/3,Armenia 1956
/tablesa/arme78.html,9/3,Armenia 1978
/tablesa/arme92.html,9/6,Armenia 1992
/tablesa/arme93.html,8/6,Armenia 1993
/tablesa/arme94.html,8/6,Armenia 1994
/tablesa/arme95.html,8/7,Armenia 1995 Transitional Spring Season
/tablesa/arme96.html,8/7,Armenia 1995/96
/tablesa/arme97.html,8/7,Armenia 1996/97
/tablesa/arme97b.html,8/7,Armenia 1997 Transitional Fall Championship
/tablesa/arme98.html,6/8,Armenia 1998
/tablesa/arme99.html,6/5,Armenia 1999 Premier League
/tablesa/armealltime.html,1/52,Armenia All-Time Table
/tablesa/armechamp.html,42/53,Armenia - List of Champions
/tablesa/armecup00.html,5/2,Armenia Cup 2000 (Independence Cup)
/tablesa/armecup01.html,5/2,Armenia Cup 2001
/tablesa/armecup02.html,5/2,Armenia Cup 2002
/tablesa/armecup03.html,5/2,Armenia Cup 2003
/tablesa/armecup04.html,5/3,Armenia Cup 2004
/tablesa/armecup05.html,5/3,Armenia Cup 2005
/tablesa/armecup06.html,5/3,Armenia Cup 2006
/tablesa/armecup07.html,5/3,Armenia Cup 2007
/tablesa/armecup08.html,5/3,Armenia Cup 2008
/tablesa/armecup09.html,5/3,Armenia Cup 2009
/tablesa/armecup97.html,6/1,Armenia Cup 1996/97
/tablesa/armecup99.html,5/2,Armenia Cup 1998/99
/tablesa/armecuphist.html,37/52,Armenia - List of Cup Finals
/tablesa/armefound.html,2/2,Armenia - List of Foundation Dates
/tablesa/armenia-satrip96.html,1/3,Río de la Plata Trip of Armenia 1996
/tablesa/armenia-womtourn2021.html,1/1,"""Our Game"" Armenia Women's International Friendly Tournament 2021"
/tablesa/armesupcuphist.html,12/13,Armenia - List of Super Cup Finals
/tablesa/armetops.html,1/36,Armenia - List of Topscorers
/tablesa/army-six55.html,1/2,1955 Six-Nation Army Tournament
/tablesa/arnhem94.html,2/3,Gelderland Toernooi (Arnhem) 1994
/tablesa/arnhem98.html,2/3,Gelderland Toernooi (Arnhem) 1998
/tablesa/arronizjuv.html,1/2,Trofeo Juvenil Villa de Arroniz (Navarra)
/tablesa/arsenal-braztrip49.html,2/3,Brazilian Trip of Arsenal FC 1949
/tablesa/arsenal-braztrip51.html,2/3,Brazilian Trip of Arsenal FC 1951
/tablesa/arsenal-sea75.html,1/2,Arsenal FC tour of South East Asia 1975
/tablesa/arsenal-zaf64.html,2/2,Arsenal tour to South Africa 1964
/tablesa/arsenal95.html,0/1,-
/tablesa/artfranchi85.html,4/2,Artemio Franchi Trophy 1985
/tablesa/artfranchi93.html,4/3,Artemio Franchi Trophy 1993
/tablesa/artfranfin.html,5/5,Artemio Franchi Trophy and Finalissima
/tablesa/artigas.html,1/2,Copa Artigas
/tablesa/aruba-intres.html,1/2,Aruba - List of International Matches
/tablesa/aruba-u13-08.html,1/1,Torneo Internacional U-13 di Himno y Bandera 2008
/tablesa/aruba-wom01.html,3/2,Aruba Women 2001
/tablesa/aruba-wom02.html,4/3,Aruba Women 2002
/tablesa/aruba-wom03.html,4/3,Aruba Women 2003
/tablesa/aruba-wom04.html,4/2,Aruba Women 2004
/tablesa/aruba-wom05.html,4/2,Aruba Women 2004/05
/tablesa/aruba-wom07.html,4/3,Aruba Women 2006/07
/tablesa/aruba-wom08.html,4/4,Aruba Women 2007/08
/tablesa/aruba-wom09.html,4/3,Aruba Women 2008/09
/tablesa/aruba-wom2010.html,4/3,Aruba Women 2009/10
/tablesa/aruba-wom2011.html,4/3,Aruba Women 2010/11
/tablesa/aruba-wom2013.html,4/3,Aruba Women 2012/13
/tablesa/aruba-wom2014.html,4/3,Aruba Women 2013/14
/tablesa/aruba-wom2015.html,4/3,Aruba Women 2014/15
/tablesa/aruba-wom2016.html,4/4,Aruba Women 2015/16
/tablesa/aruba-wom2018.html,4/4,Aruba Women 2017/18
/tablesa/aruba-wom2019.html,4/4,Aruba Women 2018/19
/tablesa/aruba-wom2020.html,4/4,Aruba Women 2019/20
/tablesa/aruba-wom2022.html,4/4,Aruba Women 2021/22
/tablesa/aruba-wom2022a.html,4/3,Aruba Women 2022
/tablesa/aruba-wom2024.html,4/4,Aruba Women 2023/24
/tablesa/aruba-wom2025.html,3/3,Aruba Women 2024/25
/tablesa/aruba-womchamp.html,20/22,Aruba - List of Women Champions
/tablesa/aruba00.html,4/3,Aruba 2000
/tablesa/aruba01.html,5/5,Aruba 2001
/tablesa/aruba02.html,6/4,Aruba 2002
/tablesa/aruba03.html,6/4,Aruba 2003/04
/tablesa/aruba05.html,4/4,Aruba 2004/05
/tablesa/aruba06.html,4/5,Aruba 2005/06
/tablesa/aruba07.html,4/5,Aruba 2006/07
/tablesa/aruba08.html,4/5,Aruba 2007/08
/tablesa/aruba09.html,5/5,Aruba 2008/09
/tablesa/aruba2010.html,5/5,Aruba 2009/10
/tablesa/aruba2011.html,5/5,Aruba 2010/11
/tablesa/aruba2012.html,5/5,Aruba 2011/12
/tablesa/aruba2013.html,5/5,Aruba 2012/13
/tablesa/aruba2014.html,5/5,Aruba 2013/14
/tablesa/aruba2015.html,5/5,Aruba 2014/15
/tablesa/aruba2016.html,5/5,Aruba 2015/16
/tablesa/aruba2017.html,5/5,Aruba 2016/17
/tablesa/aruba2018.html,5/6,Aruba 2017/18
/tablesa/aruba2019.html,5/6,Aruba 2018/19
/tablesa/aruba2020.html,5/5,Aruba 2019/20
/tablesa/aruba2021.html,5/5,Aruba 2020/21
/tablesa/aruba2022.html,5/5,Aruba 2021/22
/tablesa/aruba2023.html,5/5,Aruba 2022/23
/tablesa/aruba2024.html,5/5,Aruba 2023/24
/tablesa/aruba2025.html,5/5,Aruba 2024/25
/tablesa/aruba2026.html,4/6,Aruba 2025/26
/tablesa/aruba2champ.html,1/2,Aruba - List of Second Level Champions
/tablesa/aruba31.html,3/2,Aruba 1930/31
/tablesa/aruba34.html,4/3,Aruba 1933/34
/tablesa/aruba35.html,4/3,Aruba 1934/35
/tablesa/aruba42.html,4/3,Aruba 1942
/tablesa/aruba43.html,4/2,Aruba 1943
/tablesa/aruba44.html,4/2,Aruba 1944
/tablesa/aruba45.html,4/2,Aruba 1944/45
/tablesa/aruba46.html,4/2,Aruba 1945/46
/tablesa/aruba47.html,5/5,Aruba 1947
/tablesa/aruba4856lago.html,2/10,Aruba (Lago Football) 1948-1956
/tablesa/aruba49.html,5/4,Aruba 1949
/tablesa/aruba50.html,5/3,Aruba 1950
/tablesa/aruba51.html,5/4,Aruba 1951
/tablesa/aruba53.html,5/4,Aruba 1953/54
/tablesa/aruba54.html,5/4,Aruba 1954
/tablesa/aruba55.html,5/5,Aruba 1955/56
/tablesa/aruba56.html,4/4,Aruba 1956
/tablesa/aruba58.html,4/4,Aruba 1958
/tablesa/aruba64.html,7/6,Dutch Antilles 1964/65
/tablesa/aruba67.html,8/7,Dutch Antilles 1967/68
/tablesa/aruba68.html,8/10,Dutch Antilles 1968/69
/tablesa/aruba81.html,11/9,Dutch Antilles 1981/82
/tablesa/aruba85.html,5/5,Aruba 1985
/tablesa/aruba89.html,4/3,Aruba 1989
/tablesa/aruba90.html,4/3,Aruba 1990
/tablesa/aruba91.html,4/3,Aruba 1991
/tablesa/aruba93.html,5/4,Aruba 1993
/tablesa/aruba94.html,4/5,Aruba 1994
/tablesa/aruba98.html,4/4,Aruba 1998
/tablesa/aruba99.html,4/4,Aruba 1999
/tablesa/arubachamp.html,69/81,Aruba - List of Champions
/tablesa/arubacuphist.html,25/20,Aruba - List of Cup Winners
/tablesa/as-u13-05.html,2/2,Asian U-13 Championship 2005
/tablesa/as-u14-01.html,2/2,1st Asian U-14 Championship 2001
/tablesa/as-u16.html,21/23,Asian U-16/U-17 Championships
/tablesa/as-u16-00.html,4/3,9th Asian U-16 Championship 2000
/tablesa/as-u16-2010.html,5/4,Asian U-16 Championship 2010
/tablesa/as-u16-2012.html,4/3,Asian U-16 Championship 2012
/tablesa/as-u16-2014.html,4/3,Asian U-16 Championship 2014
/tablesa/as-u16-2016.html,4/3,Asian U-16 Championship 2016
/tablesa/as-u16-2018.html,4/3,Asian U-16 Championship 2018
/tablesa/as-u16-85.html,4/3,1st Asian U-16 Championship 1985
/tablesa/as-u16-86.html,5/4,2nd Asian U-16 Championship 1986
/tablesa/as-u16-88.html,5/4,3rd Asian U-16 Championship 1988
/tablesa/as-u16-90.html,5/3,4th Asian U-16 Championship 1990
/tablesa/as-u16-92.html,5/3,5th Asian U-16 Championship 1992
/tablesa/as-u16-94.html,5/4,6th Asian U-16 Championship 1994
/tablesa/as-u16-96.html,5/3,7th Asian U-16 Championship 1996
/tablesa/as-u16-98.html,6/5,8th Asian U-16 Championship 1998
/tablesa/as-u17-02.html,4/3,Asian U-17 Championship 2002
/tablesa/as-u17-04.html,4/4,Asian U-17 Championship 2004
/tablesa/as-u17-06.html,4/3,Asian U-17 Championship 2006
/tablesa/as-u17-08.html,4/3,Asian U-17 Championship 2008
/tablesa/as-u17-2023.html,4/3,Asian U-17 Championship 2023
/tablesa/as-u17-2025.html,3/3,Asian U-17 Championship 2025
/tablesa/as-u19.html,43/45,Asian U-19/U-20 Championship
/tablesa/as-u19-00.html,4/3,Asian U-19 Championship 2000
/tablesa/as-u19-2010.html,4/3,Asian U-19 Championship 2010
/tablesa/as-u19-2012.html,4/3,Asian U-19 Championship 2012
/tablesa/as-u19-2014.html,4/3,Asian U-19 Championship 2014
/tablesa/as-u19-2016.html,4/3,Asian U-19 Championship 2016
/tablesa/as-u19-2018.html,4/3,Asian U-19 Championship 2018
/tablesa/as-u19-59.html,3/2,Asian U-19 Championship 1959
/tablesa/as-u19-60.html,4/4,Asian U-19 Championship 1960
/tablesa/as-u19-61.html,4/4,Asian U-19 Championship 1961
/tablesa/as-u19-62.html,4/3,Asian U-19 Championship 1962
/tablesa/as-u19-63.html,4/3,Asian U-19 Championship 1963
/tablesa/as-u19-64.html,4/4,Asian U-19 Championship 1964
/tablesa/as-u19-65.html,4/4,Asian U-19 Championship 1965
/tablesa/as-u19-66.html,4/4,Asian U-19 Championship 1966
/tablesa/as-u19-67.html,4/4,Asian U-19 Championship 1967
/tablesa/as-u19-68.html,4/3,Asian U-19 Championship 1968
/tablesa/as-u19-69.html,4/3,Asian U-19 Championship 1969
/tablesa/as-u19-70.html,4/4,Asian U-19 Championship 1970
/tablesa/as-u19-71.html,4/3,Asian U-19 Championship 1971
/tablesa/as-u19-72.html,4/4,Asian U-19 Championship 1972
/tablesa/as-u19-73.html,4/4,Asian U-19 Championship 1973
/tablesa/as-u19-74.html,4/4,Asian U-19 Championship 1974
/tablesa/as-u19-75.html,4/3,Asian U-19 Championship 1975
/tablesa/as-u19-76.html,4/4,Asian U-19 Championship 1976
/tablesa/as-u19-77.html,4/4,Asian U-19 Championship 1977
/tablesa/as-u19-78.html,5/3,Asian U-19 Championship 1978
/tablesa/as-u19-80.html,5/5,Asian U-19 Championship 1980
/tablesa/as-u19-82.html,6/3,Asian U-19 Championship 1982
/tablesa/as-u19-85.html,5/3,Asian U-19 Championship 1985
/tablesa/as-u19-86.html,5/4,Asian U-19 Championship 1986
/tablesa/as-u19-88.html,6/5,Asian U-19 Championship 1988
/tablesa/as-u19-90.html,5/3,Asian U-19 Championship 1990
/tablesa/as-u19-92.html,6/5,Asian U-19 Championship 1992
/tablesa/as-u19-94.html,5/4,Asian U-19 Championship 1994
/tablesa/as-u19-96.html,5/4,Asian U-19 Championship 1996
/tablesa/as-u19-98.html,4/4,Asian U-19 Championship 1998
/tablesa/as-u20-02.html,4/3,Asian U-20 Championship 2002
/tablesa/as-u20-04.html,4/3,Asian U-20 Championship 2004
/tablesa/as-u20-06.html,4/3,Asian U-20 Championship 2006
/tablesa/as-u20-08.html,4/3,Asian U-20 Championship 2008
/tablesa/as-u20-2023.html,5/4,Asian U-20 Championship 2023
/tablesa/as-u20-2025.html,4/4,Asian U-20 Championship 2025
/tablesa/as-u23.html,8/8,Asian U-23 Championship
/tablesa/as-u23-2014.html,3/2,Asian U-22/U-23 Championship 2014
/tablesa/as-u23-2016.html,5/4,Asian U-23 Championship 2016
/tablesa/as-u23-2018.html,4/3,Asian U-23 Championship 2018
/tablesa/as-u23-2020.html,5/4,Asian U-23 Championship 2020
/tablesa/as-u23-2022.html,4/3,Asian U-23 Championship 2022
/tablesa/as-u23-2024.html,6/4,Asian U-23 Championship 2024
/tablesa/as-u23-2026.html,3/3,Asian U-23 Championship 2026
/tablesa/as-u23-96.html,2/2,Games of the XXVI. Olympiad 1996 - Football Qualifying Tournament AFC
/tablesa/as-wom-u16.html,10/10,Asian Women U-16/U-17 Championship
/tablesa/as-wom-u16-07.html,5/4,Asian Women U-16 Championship 2007
/tablesa/as-wom-u16-09.html,5/4,Asian Women U-16 Championship 2009
/tablesa/as-wom-u16-2011.html,5/4,Asian Women U-16 Championship 2011
/tablesa/as-wom-u16-2013.html,5/4,Asian Women U-16 Championship 2013
/tablesa/as-wom-u16-2015.html,5/4,Asian Women U-16 Championship 2015
/tablesa/as-wom-u16-2017.html,5/4,Asian Women U-16 Championship 2017
/tablesa/as-wom-u16-2019.html,4/3,Asian Women U-16 Championship 2019
/tablesa/as-wom-u17-05.html,3/2,Asian Women U-17 Championship 2005
/tablesa/as-wom-u17-2024.html,3/5,Asian Women U-17 Championship 2024
/tablesa/as-wom-u19.html,13/13,Asian Women U-19/U-20 Championship
/tablesa/as-wom-u19-02.html,3/3,Asian Women U-19 Championship 2002
/tablesa/as-wom-u19-04.html,5/3,Asian Women U-19 Championship 2004
/tablesa/as-wom-u19-05.html,5/4,Asian Women U-19 Championship 2006
/tablesa/as-wom-u19-07.html,4/4,Asian Women U-19 Championship 2007
/tablesa/as-wom-u19-09.html,5/4,Asian Women U-19 Championship 2009
/tablesa/as-wom-u19-2011.html,5/4,Asian Women U-19 Championship 2011
/tablesa/as-wom-u19-2013.html,5/4,Asian Women U-19 Championship 2013
/tablesa/as-wom-u19-2015.html,5/4,Asian Women U-19 Championship 2015
/tablesa/as-wom-u19-2017.html,5/4,Asian Women U-19 Championship 2017
/tablesa/as-wom-u19-2019.html,4/3,Asian Women U-19 Championship 2019
/tablesa/as-wom-u20-2024.html,5/4,Asian Women U-20 Championship 2024
/tablesa/as-wom-u20-2026.html,3/4,Asian Women U-20 Championship 2026
/tablesa/as1.html,46/6,Asian Champions' Cup
/tablesa/as2.html,16/4,Asian Cup Winners' Cup
/tablesa/as3.html,21/3,AFC Cup/AFC Champions League Two and Presidents Cup
/tablesa/asafr.html,3/7,Afro-Asian Cup of Nations
/tablesa/asafrgam01.html,2/2,Afro-Asian Games 2003
/tablesa/asahi70.html,1/2,Asahi Shimbun Three Nation Goodwill Soccer Series (Japan) 1970
/tablesa/ascen00.html,5/5,Ascension Island 1999/00
/tablesa/ascen01.html,5/4,Ascension Island 2000/01
/tablesa/ascen02.html,5/4,Ascension Island 2001/02
/tablesa/ascen03.html,5/4,Ascension Island 2002/03
/tablesa/ascen04.html,5/4,Ascension Island 2003/04
/tablesa/ascen05.html,5/4,Ascension Island 2004/05
/tablesa/ascen06.html,5/4,Ascension Island 2005/06
/tablesa/ascen07.html,5/4,Ascension Island 2006/07
/tablesa/ascen08.html,5/2,Ascension Island 2007/08
/tablesa/ascen09.html,5/3,Ascension Island 2008/09
/tablesa/ascen2010.html,5/5,Ascension Island 2009/10
/tablesa/ascen2011.html,5/4,Ascension Island 2010/11
/tablesa/ascen2012.html,5/5,Ascension Island 2011/12
/tablesa/ascen2013.html,5/5,Ascension Island 2012/13
/tablesa/ascen2014.html,5/4,Ascension Island 2013/14
/tablesa/ascen2015.html,5/5,Ascension Island 2014/15
/tablesa/ascen2016.html,5/5,Ascension Island 2016
/tablesa/ascen2018.html,5/4,Ascension Island 2018
/tablesa/ascen2021.html,5/4,Ascension Island 2021
/tablesa/ascen2025.html,4/1,Ascension Island 2025
/tablesa/ascen99.html,4/4,Ascension Island 1998/99
/tablesa/ascenchamp.html,18/23,Ascension Island - List of Champions
/tablesa/ascencuphist.html,19/23,Ascension Island - List of Cup Winners
/tablesa/ascoef.html,1/2,Asian Cups Coefficients 1995-2001
/tablesa/ascup00.html,3/6,Asian Club Competitions 1999/2000
/tablesa/ascup01.html,3/5,Asian Club Competitions 2000/01
/tablesa/ascup02.html,3/5,Asian Club Competitions 2001/02
/tablesa/ascup03.html,3/4,Asian Club Competitions 2002/03
/tablesa/ascup04.html,4/4,Asian Club Competitions 2004
/tablesa/ascup05.html,3/5,Asian Club Competitions 2005
/tablesa/ascup06.html,4/6,Asian Club Competitions 2006
/tablesa/ascup06-chldet.html,2/1,Asian Champions League 2006 Details
/tablesa/ascup07.html,3/6,Asian Club Competitions 2007
/tablesa/ascup08.html,3/4,Asian Club Competitions 2008
/tablesa/ascup09.html,4/5,Asian Club Competitions 2009
/tablesa/ascup2010.html,3/5,Asian Club Competitions 2010
/tablesa/ascup2011.html,3/5,Asian Club Competitions 2011
/tablesa/ascup2012.html,3/5,Asian Club Competitions 2012
/tablesa/ascup2013.html,3/5,Asian Club Competitions 2013
/tablesa/ascup2014.html,3/5,Asian Club Competitions 2014
/tablesa/ascup2015.html,3/5,Asian Club Competitions 2015
/tablesa/ascup2016.html,3/5,Asian Club Competitions 2016
/tablesa/ascup2017.html,3/5,Asian Club Competitions 2017
/tablesa/ascup2018.html,3/5,Asian Club Competitions 2018
/tablesa/ascup2019.html,3/5,Asian Club Competitions 2019
/tablesa/ascup2020.html,3/5,Asian Club Competitions 2020
/tablesa/ascup2021.html,3/6,Asian Club Competitions 2021
/tablesa/ascup2022.html,2/6,Asian Club Competitions 2022/23
/tablesa/ascup67.html,3/3,Asian Club Competitions 1967
/tablesa/ascup68.html,4/4,Asian Club Competitions 1968/69
/tablesa/ascup70.html,4/4,Asian Club Competitions 1970
/tablesa/ascup71.html,4/5,Asian Club Competitions 1971
/tablesa/ascup72.html,4/3,Asian Club Competitions 1972
/tablesa/ascup86.html,6/6,Asian Club Competitions 1985/86
/tablesa/ascup87.html,5/5,Asian Club Competitions 1986/87
/tablesa/ascup88.html,5/4,Asian Club Competitions 1987/88
/tablesa/ascup89.html,5/6,Asian Club Competitions 1988/89
/tablesa/ascup90.html,5/5,Asian Club Competitions 1989/90
/tablesa/ascup91.html,3/5,Asian Club Competitions 1990/91
/tablesa/ascup92.html,4/5,Asian Club Competitions 1991/92
/tablesa/ascup93.html,4/4,Asian Club Competitions 1992/93
/tablesa/ascup94.html,4/4,Asian Club Competitions 1993/94
/tablesa/ascup95.html,3/6,Asian Club Competitions 1994/95
/tablesa/ascup96.html,3/5,Asian Club Competitions 1995/96
/tablesa/ascup97.html,3/6,Asian Club Competitions 1996/97
/tablesa/ascup98.html,3/8,Asian Club Competitions 1997/98
/tablesa/ascup99.html,3/7,Asian Club Competitions 1998/99
/tablesa/asean-futsal.html,1/1,ASEAN Futsal Championship
/tablesa/asean-schools-u14-03.html,1/1,ASEAN Schools Championship 2003
/tablesa/asean-u17-02.html,2/2,ASEAN U-17 Championship 2002
/tablesa/asean-u17-07.html,2/2,ASEAN U-17 Championship 2007
/tablesa/asean-u18-03.html,1/1,ASEAN U-18 Championship 2003
/tablesa/asean-u20-02.html,1/1,ASEAN U-20 Championship 2002
/tablesa/asean-u21-05.html,2/2,ASEAN U-21 Championship 2005
/tablesa/asean-wom.html,2/3,ASEAN Women's Championship 1982-1985
/tablesa/asean00.html,5/4,"ASEAN (""Tiger"") Cup 2000 (Thailand)"
/tablesa/asean02.html,4/5,"ASEAN (""Tiger"") Cup 2002 (Indonesia and Singapore)"
/tablesa/asean04.html,4/4,"ASEAN (""Tiger"") Cup 2004 (Vietnam)"
/tablesa/asean07.html,5/4,ASEAN Football Federation Championship 2006/07
/tablesa/asean07det.html,2/1,ASEAN Football Federation Championship 2007 - Details
/tablesa/asean08.html,4/3,ASEAN Football Federation Championship 2008
/tablesa/asean2010.html,4/3,AFF Suzuki Cup 2010
/tablesa/asean2012.html,4/3,AFF Suzuki Cup 2012
/tablesa/asean2014.html,4/3,AFF Suzuki Cup 2014
/tablesa/asean2016.html,4/3,AFF Suzuki Cup 2016
/tablesa/asean2018.html,4/3,AFF Suzuki Cup 2018
/tablesa/asean2021.html,4/3,AFF Suzuki Cup 2021/22
/tablesa/asean2023.html,4/3,AFF Mitsubishi Electric Cup 2022/23
/tablesa/asean2025.html,3/4,AFF Mitsubishi Electric Cup 2024/25
/tablesa/asean96.html,3/3,"ASEAN (""Tiger"") Cup 1996"
/tablesa/asean98.html,5/7,"ASEAN (""Tiger"") Cup 1998 (Vietnam)"
/tablesa/asean98-det.html,3/2,"ASEAN (""Tiger"") Cup 1998 (Vietnam) Details"
/tablesa/aseanclub03.html,6/4,ASEAN Club Championship 2003
/tablesa/aseanclub03det.html,2/1,ASEAN Club Championship 2003 - Match Details
/tablesa/aseanclub05.html,2/2,ASEAN Champions Cup 2005
/tablesa/aseanfull00.html,3/2,"ASEAN (""Tiger"") Cup 2000 (Thailand) (Full Info)"
/tablesa/asemyouth.html,1/1,ASEM Youth Games (U-18)
/tablesa/asergace.html,1/2,"Trofeo Euskadi ""Asergace"""
/tablesa/asgames02.html,4/4,Asian Games 2002
/tablesa/asgames06.html,5/3,Asian Games 2006
/tablesa/asgames2010.html,4/3,Asian Games 2010
/tablesa/asgames2014.html,4/3,Asian Games 2014
/tablesa/asgames2018.html,4/3,Asian Games 2018
/tablesa/asgames2023.html,3/4,Asian Games 2023
/tablesa/asgames51.html,4/6,Asian Games 1951
/tablesa/asgames54.html,4/7,Asian Games 1954
/tablesa/asgames58.html,5/4,Asian Games 1958
/tablesa/asgames62.html,5/6,Asian Games 1962
/tablesa/asgames66.html,4/4,Asian Games 1966
/tablesa/asgames70.html,4/5,Asian Games 1970
/tablesa/asgames74.html,4/5,Asian Games 1974
/tablesa/asgames78.html,4/4,Asian Games 1978
/tablesa/asgames82.html,4/7,Asian Games 1982
/tablesa/asgames86.html,4/5,Asian Games 1986
/tablesa/asgames90.html,4/5,Asian Games 1990
/tablesa/asgames94.html,3/6,Asian Games 1994
/tablesa/asgames98.html,4/4,Asian Games 1998
/tablesa/asia-ccsf.html,1/2,Asian Cups Semifinal Balance
/tablesa/asia-champ-alltime.html,1/3,Asian Nations Cup Final Tournaments 1956-2024 - All-Time Table
/tablesa/asia-games.html,23/22,Asian Games
/tablesa/asia-intres2001.html,1/2,International Matches 2001 - Asian Countries (AFC)
/tablesa/asia-pacific00.html,1/1,Asia-Pacific Cup 2001
/tablesa/asia-schools.html,2/4,Asian Schools Championship
/tablesa/asia-women01.html,4/3,Asian Women's Championship 2001
/tablesa/asia-women03.html,4/4,Asian Women's Championship 2003
/tablesa/asia-women05.html,4/4,Asian Women's Championship 2006
/tablesa/asia-women08.html,4/3,Asian Women's Championship 2008
/tablesa/asia-women2010.html,5/4,Asian Women's Championship 2010
/tablesa/asia-women2014.html,5/4,Asian Women's Championship 2014
/tablesa/asia-women2018.html,5/4,Asian Women's Championship 2018
/tablesa/asia-women2022.html,6/4,Asian Women's Championship 2022
/tablesa/asia-women2026.html,3/4,Asian Women's Championship 2026
/tablesa/asia-women86.html,3/2,Asian Women's Championship 1986
/tablesa/asia-women89.html,4/4,Asian Women's Championship 1989
/tablesa/asia-women91.html,5/5,Asian Women's Championship 1991
/tablesa/asia-women93.html,4/4,Asian Women's Championship 1993
/tablesa/asia-women95.html,4/4,Asian Women's Championship 1995
/tablesa/asia-women97.html,5/4,Asian Women's Championship 1997
/tablesa/asia-women99.html,4/3,Asian Women's Championship 1999
/tablesa/asia-womgames.html,11/12,Asian Games (Women's Tournament)
/tablesa/asia-xussr92.html,2/4,Asia Cup 1992
/tablesa/asia-xussr94.html,2/4,Asia Cup 1994 (Uzbekistan)
/tablesa/asiachamp.html,20/40,Asian Nations Cup
/tablesa/asiaja2011.html,2/2,Copa Jalisco 2011-2014
/tablesa/asiancommtourn.html,1/2,Tournaments for Asian Communist Nations 1956-1960
/tablesa/asiancup-alltime.html,1/1,Asian Nations Cup - All-Time Tables and Final Placings
/tablesa/asiarank08.html,1/2,AFC Final Assessment Ranking 2008
/tablesa/asics94.html,1/2,Asics Cup 1994
/tablesa/asistencia44.html,1/2,Torneo Beneficio Asistencia Pública 1944
/tablesa/asoce.html,2/4,AFC-OFC Challenge
/tablesa/assam-indep98.html,1/2,Assam Independence Day Cup 1998
/tablesa/assoclima-arg26.html,1/2,Association FBC (Lima) Trip to Argentina 1926
/tablesa/assomption-u17.html,1/1,U-17 Tournoi de l'Assomption 2007 (Ivory Coast)
/tablesa/assup.html,11/1,Asian Super Cup
/tablesa/asturias-cubatrip41.html,2/2,Cuban trip of Asturias (Mexico) 1941
/tablesa/aswomen.html,17/21,Asian Women's Championship
/tablesa/aswomgames02.html,4/3,Asian Games 2002 (Women's Tournament)
/tablesa/aswomgames06.html,4/3,Asian Games 2006 (Women's Tournament)
/tablesa/aswomgames2010.html,4/3,Asian Games 2010 (Women's Tournament)
/tablesa/aswomgames2014.html,4/3,Asian Games 2014 (Women's Tournament)
/tablesa/aswomgames2018.html,4/3,Asian Games 2018 (Women's Tournament)
/tablesa/aswomgames2023.html,3/4,Asian Games 2023 (Women's Tournament)
/tablesa/aswomgames90.html,3/2,Asian Games 1990 (Women's Tournament)
/tablesa/aswomgames94.html,4/5,Asian Games 1994 (Women's Tournament)
/tablesa/aswomgames98.html,4/3,Asian Games 1998 (Women's Tournament)
/tablesa/atalanta100-07.html,1/1,Tournament Daihatsu - Centenary of BC Atalanta 2007
/tablesa/athens-supersport.html,1/3,Supersport Tournament (Athinai) 1999-2001
/tablesa/athletic-mextour35.html,1/2,Mexican trip of Athletic Club (Bilbao) 1935
/tablesa/atk-peace05.html,1/1,"Ahmad Tejan Kabbah Peace Trophy 2005 (Freetown, Sierra Leone)"
/tablesa/atl-nacional.html,1/2,Atlético Nacional
/tablesa/atlanta-braztour37.html,1/3,CA Atlanta Trip to Brazil 1936/37
/tablesa/atlanta-braztour51.html,1/3,Brazilian Trip of Atlanta 1951
/tablesa/atlanta96.html,0/1,Olympic Football Tournament (Men) 1996 (Atlanta)
/tablesa/atlante-usatrip40.html,2/3,USA trip of Atlante (Mexico) 1940
/tablesa/atlante-usatrip42.html,2/3,USA trip of Atlante (Mexico) 1942
/tablesa/atlante50-69.html,3/4,50th Anniversary Atlante FC (Mexico) 1969
/tablesa/atlante55-73.html,2/3,55th Anniversary Atlante FC (Mexico) 1973
/tablesa/atlantic-iberic-reg-u18.html,1/2,Atlantic Regions Tournament (U-17/U-18)
/tablesa/atlanticcup.html,1/2,Atlantic Cup
/tablesa/atlantico.html,9/9,Copa del Atlántico
/tablesa/atlantico-wom-u19-08.html,1/1,Copa de Atlantico 2008 (Women U-19) (Spain)
/tablesa/atlantico47.html,3/4,Copa del Atlántico 1947
/tablesa/atlantico47det.html,3/3,Copa del Atlántico 1947 - Match Details
/tablesa/atlantico71.html,1/3,Taça do Atlântico 1971
/tablesa/atlanticoclub56.html,4/6,Copa del Atlántico (Taça do Atlântico) de Clubes 1956
/tablesa/atlanticoclub56det.html,3/4,Copa del Atlántico (Taça do Atlântico) de Clubes 1956 - Match Details
/tablesa/atlas-cam64.html,1/2,Atlas (Guadalajara) in Central America 1964
/tablesa/atlas-camtour52.html,1/2,Central American trip of CF Atlas (Guadalajara) 1952
/tablesa/atlas100-2016.html,1/2,100th Anniversary CF Atlas (Mexico) 2016
/tablesa/atlaschivas.html,1/2,Atlas vs Guadalajara - Clásico Tapatío (Derby of Guadalajara)
/tablesa/atletespa-trip35.html,2/4,South American Trip of Atlético de Madrid/RCD Espanyol 1935
/tablesa/atletico-cuba52.html,1/2,Atlético de Madrid tour of Cuba 1952
/tablesa/atletico-sanmartin.html,1/2,Tucumán Derby (Clásico Tucumano) - Atlético Tucumán vs. San Martín
/tablesa/atleticom-argtrip62.html,1/3,Atlético de Madrid Trip to Argentina 1962
/tablesa/atleticom-satrip64.html,1/3,South American Trip of Atlético de Madrid 1964
/tablesa/atleticom-satrip67.html,1/3,South American Trip of Atlético de Madrid 1967
/tablesa/atleticomg-trip50.html,1/3,European Trip of Atlético Mineiro 1950
/tablesa/audax-arg32.html,2/5,Argentine Trip of Audax Italiano (Chile) 1932
/tablesa/audax-argtrip57.html,2/4,Argentine Trip of Audax Italiano (Chile) 1957
/tablesa/audax-mextour33.html,1/2,Mexican Trip of Audax Italiano (Santiago) 1933
/tablesa/aurora-mextour34.html,1/2,Mexican Trip of FBC Aurora Arequipa (Peru) 1934
/tablesa/aus-4n-u23-95.html,1/2,Australia - Four Nations U-23 Tournament 1995
/tablesa/aus-darwinhist.html,1/2,Australia - Darwin Football History
/tablesa/aus-fct00.html,8/3,Australia - Federal Capital Territory 2000
/tablesa/aus-fct01.html,7/2,Australia - Federal Capital Territory 2001
/tablesa/aus-fct27.html,7/2,Australia - Federal Capital Territory 1926
/tablesa/aus-fct27b.html,8/3,Australia - Federal Capital Territory 1927
/tablesa/aus-fct28.html,8/3,Australia - Federal Capital Territory 1928
/tablesa/aus-fct29.html,8/3,Australia - Federal Capital Territory 1929
/tablesa/aus-fct54.html,8/3,Australia - Federal Capital Territory 1954
/tablesa/aus-fct55.html,8/3,Australia - Federal Capital Territory 1955
/tablesa/aus-fct56.html,8/3,Australia - Federal Capital Territory 1956
/tablesa/aus-fct57.html,8/3,Australia - Federal Capital Territory 1957
/tablesa/aus-fct58.html,8/3,Australia - Federal Capital Territory 1958
/tablesa/aus-fct59.html,8/3,Australia - Federal Capital Territory 1959
/tablesa/aus-fct60.html,8/3,Australia - Federal Capital Territory 1960
/tablesa/aus-fct61.html,8/3,Australia - Federal Capital Territory 1961
/tablesa/aus-fct62.html,8/3,Australia - Federal Capital Territory 1962
/tablesa/aus-fct63.html,8/3,Australia - Federal Capital Territory 1963
/tablesa/aus-fct64.html,8/3,Australia - Federal Capital Territory 1964
/tablesa/aus-fct65.html,8/3,Australia - Federal Capital Territory 1965
/tablesa/aus-fct66.html,8/3,Australia - Federal Capital Territory 1966
/tablesa/aus-fct67.html,8/3,Australia - Federal Capital Territory 1967
/tablesa/aus-fct68.html,8/3,Australia - Federal Capital Territory 1968
/tablesa/aus-fct69.html,8/3,Australia - Federal Capital Territory 1969
/tablesa/aus-fct70.html,8/3,Australia - Federal Capital Territory 1970
/tablesa/aus-fct71.html,8/3,Australia - Federal Capital Territory 1971
/tablesa/aus-fct72.html,8/3,Australia - Federal Capital Territory 1972
/tablesa/aus-fct73.html,8/3,Australia - Federal Capital Territory 1973
/tablesa/aus-fct74.html,8/3,Australia - Federal Capital Territory 1974
/tablesa/aus-fct75.html,8/3,Australia - Federal Capital Territory 1975
/tablesa/aus-fct76.html,8/3,Australia - Federal Capital Territory 1976
/tablesa/aus-fct77.html,8/3,Australia - Federal Capital Territory 1977
/tablesa/aus-fct78.html,8/3,Australia - Federal Capital Territory 1978
/tablesa/aus-fct79.html,8/3,Australia - Federal Capital Territory 1979
/tablesa/aus-fct80.html,8/3,Australia - Federal Capital Territory 1980
/tablesa/aus-fct81.html,8/3,Australia - Federal Capital Territory 1981
/tablesa/aus-fct82.html,8/3,Australia - Federal Capital Territory 1982
/tablesa/aus-fct83.html,8/3,Australia - Federal Capital Territory 1983
/tablesa/aus-fct84.html,8/3,Australia - Federal Capital Territory 1984
/tablesa/aus-fct85.html,8/3,Australia - Federal Capital Territory 1985
/tablesa/aus-fct86.html,8/3,Australia - Federal Capital Territory 1986
/tablesa/aus-fct87.html,8/3,Australia - Federal Capital Territory 1987
/tablesa/aus-fct88.html,8/3,Australia - Federal Capital Territory 1988
/tablesa/aus-fct89.html,8/3,Australia - Federal Capital Territory 1989
/tablesa/aus-fct90.html,8/3,Australia - Federal Capital Territory 1990
/tablesa/aus-fct91.html,8/3,Australia - Federal Capital Territory 1991
/tablesa/aus-fct92.html,8/3,Australia - Federal Capital Territory 1992
/tablesa/aus-fct93.html,8/3,Australia - Federal Capital Territory 1993
/tablesa/aus-fct94.html,8/3,Australia - Federal Capital Territory 1994
/tablesa/aus-fct95.html,8/3,Australia - Federal Capital Territory 1995
/tablesa/aus-fct96.html,8/3,Australia - Federal Capital Territory 1996
/tablesa/aus-fct97.html,8/3,Australia - Federal Capital Territory 1997
/tablesa/aus-fct98.html,8/3,Australia - Federal Capital Territory 1998
/tablesa/aus-fct99.html,8/3,Australia - Federal Capital Territory 1999
/tablesa/aus-interstate.html,7/4,Australia - Interstate Challenge Cup
/tablesa/aus-nsw1885.html,8/5,Australia 1885
/tablesa/aus-nsw1886.html,8/3,Australia 1886
/tablesa/aus-nsw1887.html,10/3,Australia 1887
/tablesa/aus-nsw1888.html,10/3,Australia 1888
/tablesa/aus-nsw1889.html,10/3,Australia 1889
/tablesa/aus-nsw1890.html,10/3,Australia 1890
/tablesa/aus-nsw1891.html,10/3,Australia 1891
/tablesa/aus-nsw1892.html,10/3,Australia 1892
/tablesa/aus-nsw1893.html,10/3,Australia 1893
/tablesa/aus-nsw1894.html,10/3,Australia 1894
/tablesa/aus-nsw1895.html,10/3,Australia 1895
/tablesa/aus-nsw1896.html,10/4,Australia 1896
/tablesa/aus-nsw1hist.html,9/38,Australia - New South Wales - Final Tables 1928-1950
/tablesa/aus-nsw52.html,9/3,Australia - New South Wales 1952
/tablesa/aus-nswcup.html,9/17,Australia - New South Wales Cup Tournaments
/tablesa/aus-nswhist.html,7/19,Australia - New South Wales - Final Tables 1961-1976
/tablesa/aus-queen1884.html,7/2,Australia 1884
/tablesa/aus-queen1897.html,8/4,Australia 1897
/tablesa/aus-queen20.html,8/3,Australia - Queensland 1920
/tablesa/aus-queen21.html,8/3,Australia - Queensland 1921
/tablesa/aus-queen28.html,8/3,Australia - Queensland 1928
/tablesa/aus-queen30.html,8/3,Australia - Queensland 1930
/tablesa/aus-queen44.html,8/3,Australia - Queensland 1944
/tablesa/aus-queen45.html,8/3,Australia - Queensland 1945
/tablesa/aus-queen79.html,8/3,Australia - Queensland 1979
/tablesa/aus-queen80.html,8/3,Australia - Queensland 1980
/tablesa/aus-queen81.html,7/2,Australia - Queensland 1981
/tablesa/aus-regchamp.html,148/274,Australia - List of Regional Champions
/tablesa/aus-regcuphist.html,15/270,Australia - List of Regional Cup Winners
/tablesa/aus-south1903.html,7/2,Australia - South Australia 1903
/tablesa/aus-south1904.html,8/3,Australia - South Australia 1904
/tablesa/aus-south1905.html,8/3,Australia - South Australia 1905
/tablesa/aus-south1906.html,8/3,Australia - South Australia 1906
/tablesa/aus-south1907.html,8/4,Australia - South Australia 1907
/tablesa/aus-south1908.html,8/4,Australia - South Australia 1908
/tablesa/aus-south1909.html,8/4,Australia - South Australia 1909
/tablesa/aus-south1910.html,8/4,Australia - South Australia 1910
/tablesa/aus-south1911.html,8/4,Australia - South Australia 1911
/tablesa/aus-south1912.html,8/4,Australia - South Australia 1912
/tablesa/aus-south26.html,8/3,Australia - South Australia 1926
/tablesa/aus-south29.html,8/3,Australia - South Australia 1929
/tablesa/aus-south32.html,8/3,Australia - South Australia 1932
/tablesa/aus-south34.html,8/3,Australia - South Australia 1934
/tablesa/aus-south40.html,8/3,Australia - South Australia 1940
/tablesa/aus-south50.html,7/3,Australia - South Australia 1950
/tablesa/aus-u23-fournat2000.html,1/1,Australia - Four Nations U-23 Tournament 2000
/tablesa/aus-vic09.html,7/2,Australia - Victoria 1909
/tablesa/aus-vic10.html,8/3,Australia - Victoria 1910
/tablesa/aus-vic11.html,8/3,Australia - Victoria 1911
/tablesa/aus-vic12.html,8/3,Australia - Victoria 1912
/tablesa/aus-vic13.html,8/3,Australia - Victoria 1913
/tablesa/aus-vic14.html,8/3,Australia - Victoria 1914
/tablesa/aus-vic15.html,8/3,Australia - Victoria 1915
/tablesa/aus-vic19.html,8/3,Australia - Victoria 1919
/tablesa/aus-vic20.html,8/3,Australia - Victoria 1920
/tablesa/aus-vic21.html,8/3,Australia - Victoria 1921
/tablesa/aus-vic22.html,8/3,Australia - Victoria 1922
/tablesa/aus-vic23.html,8/3,Australia - Victoria 1923
/tablesa/aus-vic24.html,8/3,Australia - Victoria 1924
/tablesa/aus-vic25.html,8/3,Australia - Victoria 1925
/tablesa/aus-vic26.html,8/3,Australia - Victoria 1926
/tablesa/aus-vic27.html,8/3,Australia - Victoria 1927
/tablesa/aus-vic28.html,8/3,Australia - Victoria 1928
/tablesa/aus-vic29.html,8/3,Australia - Victoria 1929
/tablesa/aus-vic30.html,8/3,Australia - Victoria 1930
/tablesa/aus-vic31.html,8/3,Australia - Victoria 1931
/tablesa/aus-vic32.html,8/3,Australia - Victoria 1932
/tablesa/aus-vic33.html,8/3,Australia - Victoria 1933
/tablesa/aus-vic34.html,8/3,Australia - Victoria 1934
/tablesa/aus-vic35.html,8/3,Australia - Victoria 1935
/tablesa/aus-vic36.html,8/3,Australia - Victoria 1936
/tablesa/aus-vic37.html,8/3,Australia - Victoria 1937
/tablesa/aus-vic38.html,8/3,Australia - Victoria 1938
/tablesa/aus-vic39.html,8/3,Australia - Victoria 1939
/tablesa/aus-vic40.html,8/3,Australia - Victoria 1940
/tablesa/aus-vic41.html,8/3,Australia - Victoria 1941
/tablesa/aus-vic42.html,8/3,Australia - Victoria 1942
/tablesa/aus-vic43.html,8/3,Australia - Victoria 1943
/tablesa/aus-vic44.html,8/3,Australia - Victoria 1944
/tablesa/aus-vic45.html,8/3,Australia - Victoria 1945
/tablesa/aus-viccuphist.html,6/3,Australia - Victoria - Cup Results 1946-1958
/tablesa/aus-vichist.html,7/45,Australia - Victoria - Final Tables 1946-1986
/tablesa/aus-wom00.html,5/6,Australia (Women) 1999-00
/tablesa/aus-wom01.html,5/6,Australia (Women) 2000-01
/tablesa/aus-wom02.html,5/5,Australia (Women) 2001-02
/tablesa/aus-wom03.html,6/5,Australia - Women 2002/03
/tablesa/aus-wom04.html,8/5,Australia - Women 2003/04
/tablesa/aus-wom05.html,8/5,Australia - Women 2004/05
/tablesa/aus-wom06.html,8/4,Australia - Women 2005/06
/tablesa/aus-wom09.html,8/4,Australia - Women 2008/09
/tablesa/aus-wom2010.html,8/4,Australia - Women 2009/10
/tablesa/aus-wom2011.html,8/4,Australia - Women 2010/11
/tablesa/aus-wom2012.html,8/4,Australia - Women 2011/12
/tablesa/aus-wom2013.html,8/4,Australia - Women 2012/13
/tablesa/aus-wom2014.html,8/4,Australia - Women 2013/14
/tablesa/aus-wom2015.html,8/4,Australia - Women 2014
/tablesa/aus-wom2016.html,8/4,Australia - Women 2015/16
/tablesa/aus-wom2017.html,8/4,Australia - Women 2016/17
/tablesa/aus-wom2018.html,8/4,Australia - Women 2017/18
/tablesa/aus-wom2019.html,8/4,Australia - Women 2018/19
/tablesa/aus-wom2020.html,8/4,Australia - Women 2019/20
/tablesa/aus-wom2021.html,8/4,Australia - Women 2020/21
/tablesa/aus-wom2022.html,8/4,Australia - Women 2021/22
/tablesa/aus-wom2023.html,8/4,Australia - Women 2022/23
/tablesa/aus-wom2024.html,8/4,Australia - Women 2023/24
/tablesa/aus-wom2025.html,7/3,Australia - Women 2021/22
/tablesa/aus-wom31.html,5/1,Australia (Women) 1931
/tablesa/aus-wom32.html,6/3,Australia (Women) 1932
/tablesa/aus-wom97.html,6/6,Australia (Women) 1996-97
/tablesa/aus-wom98.html,6/6,Australia (Women) 1997-98
/tablesa/aus-wom99.html,6/6,Australia (Women) 1998-99
/tablesa/aus-womchamp.html,28/30,Australia - List of Women Champions
/tablesa/aus-womcuphist.html,1/2,Australia - List of Women Cup Winners
/tablesa/aus-woz31.html,7/2,Australia - Western Australia 1931
/tablesa/aus-woz46.html,8/3,Australia - Western Australia 1946
/tablesa/aus-woz52.html,8/3,Australia - Western Australia 1952
/tablesa/aus-woz53.html,8/3,Australia - Western Australia 1953
/tablesa/aus-wozhist.html,7/20,Australia - Western Australia - Final Tables 1981-1997
/tablesa/aus00.html,9/7,Australia 1999/00
/tablesa/aus01.html,9/7,Australia 2000/01
/tablesa/aus02.html,8/7,Australia 2001/02
/tablesa/aus03.html,8/7,Australia 2002/03
/tablesa/aus04.html,8/7,Australia 2003/04
/tablesa/aus05.html,9/6,Australia 2004/05
/tablesa/aus06.html,9/8,Australia 2005/06
/tablesa/aus07.html,9/7,Australia 2006/07
/tablesa/aus08.html,9/7,Australia 2007/08
/tablesa/aus09.html,9/7,Australia 2008/09
/tablesa/aus1898.html,8/3,Australia 1898
/tablesa/aus1899.html,8/3,Australia 1899
/tablesa/aus1900.html,8/3,Australia 1900
/tablesa/aus1901.html,8/3,Australia 1901
/tablesa/aus1902.html,8/3,Australia 1902
/tablesa/aus1903.html,9/4,Australia 1903
/tablesa/aus1904.html,9/4,Australia 1904
/tablesa/aus1905.html,9/4,Australia 1905
/tablesa/aus1906.html,9/4,Australia 1906
/tablesa/aus1907.html,9/4,Australia 1907
/tablesa/aus1908.html,9/4,Australia 1908
/tablesa/aus1909.html,10/4,Australia 1909
/tablesa/aus1910.html,10/4,Australia 1910
/tablesa/aus1911.html,10/4,Australia 1911
/tablesa/aus1912.html,10/4,Australia 1912
/tablesa/aus1913.html,9/4,Australia 1913
/tablesa/aus1914.html,9/4,Australia 1914
/tablesa/aus1915.html,9/4,Australia 1915
/tablesa/aus1916.html,8/3,Australia 1916
/tablesa/aus1917.html,8/3,Australia 1917
/tablesa/aus1918.html,8/3,Australia 1918
/tablesa/aus1919.html,9/4,Australia 1919
/tablesa/aus1920.html,10/4,Australia 1920
/tablesa/aus1921.html,9/4,Australia 1921
/tablesa/aus1922.html,9/4,Australia 1922
/tablesa/aus1923.html,9/4,Australia 1923
/tablesa/aus1924.html,9/4,Australia 1924
/tablesa/aus1925.html,9/4,Australia 1925
/tablesa/aus1926.html,11/4,Australia 1926
/tablesa/aus1927.html,10/4,Australia 1927
/tablesa/aus1928.html,12/4,Australia 1928
/tablesa/aus1929.html,11/4,Australia 1929
/tablesa/aus1930.html,11/4,Australia 1930
/tablesa/aus1931.html,11/4,Australia 1931
/tablesa/aus1932.html,11/4,Australia 1932
/tablesa/aus1933.html,10/4,Australia 1933
/tablesa/aus1934.html,11/4,Australia 1934
/tablesa/aus1935.html,10/4,Australia 1935
/tablesa/aus1936.html,10/4,Australia 1936
/tablesa/aus1937.html,10/4,Australia 1937
/tablesa/aus1938.html,10/4,Australia 1938
/tablesa/aus1939.html,10/4,Australia 1939
/tablesa/aus1940.html,11/4,Australia 1940
/tablesa/aus1941.html,10/4,Australia 1941
/tablesa/aus1942.html,10/4,Australia 1942
/tablesa/aus1943.html,10/4,Australia 1943
/tablesa/aus1944.html,11/4,Australia 1944
/tablesa/aus1945.html,11/4,Australia 1945
/tablesa/aus1946.html,11/4,Australia 1946
/tablesa/aus1947.html,10/4,Australia 1947
/tablesa/aus1948.html,10/4,Australia 1948
/tablesa/aus1949.html,10/4,Australia 1949
/tablesa/aus1950.html,11/4,Australia 1950
/tablesa/aus1951.html,9/4,Australia 1951
/tablesa/aus1952.html,11/4,Australia 1952
/tablesa/aus1953.html,10/4,Australia 1953
/tablesa/aus1954.html,10/4,Australia 1954
/tablesa/aus1955.html,10/4,Australia 1955
/tablesa/aus1956.html,10/4,Australia 1956
/tablesa/aus1957.html,10/4,Australia 1957
/tablesa/aus1958.html,10/4,Australia 1958
/tablesa/aus1959.html,10/4,Australia 1959
/tablesa/aus1960.html,10/4,Australia 1960
/tablesa/aus1961.html,11/4,Australia 1961
/tablesa/aus1962.html,11/4,Australia 1962
/tablesa/aus1963.html,11/4,Australia 1963
/tablesa/aus1964.html,11/4,Australia 1964
/tablesa/aus1965.html,12/5,Australia 1965
/tablesa/aus1966.html,11/4,Australia 1966
/tablesa/aus1967.html,11/4,Australia 1967
/tablesa/aus1968.html,11/4,Australia 1968
/tablesa/aus1969.html,11/4,Australia 1969
/tablesa/aus1970.html,11/4,Australia 1970
/tablesa/aus1971.html,11/4,Australia 1971
/tablesa/aus1972.html,11/4,Australia 1972
/tablesa/aus1973.html,11/4,Australia 1973
/tablesa/aus1974.html,11/4,Australia 1974
/tablesa/aus1975.html,11/4,Australia 1975
/tablesa/aus1976.html,11/4,Australia 1976
/tablesa/aus1977.html,11/5,Australia 1977
/tablesa/aus1978.html,11/5,Australia 1978
/tablesa/aus1979.html,12/5,Australia 1979
/tablesa/aus1980.html,12/5,Australia 1980
/tablesa/aus1981.html,13/5,Australia 1981
/tablesa/aus1982.html,12/5,Australia 1982
/tablesa/aus1983.html,12/5,Australia 1983
/tablesa/aus1984.html,12/5,Australia 1984
/tablesa/aus1985.html,12/5,Australia 1985
/tablesa/aus2010.html,9/7,Australia 2009/10
/tablesa/aus2011.html,9/7,Australia 2010/11
/tablesa/aus2012.html,9/7,Australia 2011/12
/tablesa/aus2013.html,9/6,Australia 2012/13
/tablesa/aus2014.html,9/6,Australia 2013/14
/tablesa/aus2015.html,9/6,Australia 2014/15
/tablesa/aus2016.html,9/7,Australia 2015/16
/tablesa/aus2017.html,9/7,Australia 2016/17
/tablesa/aus2018.html,9/7,Australia 2017/18
/tablesa/aus2019.html,9/7,Australia 2018/19
/tablesa/aus2020.html,9/6,Australia 2019/20
/tablesa/aus2021.html,9/6,Australia 2020/21
/tablesa/aus2022.html,9/6,Australia 2021/22
/tablesa/aus2023.html,9/7,Australia 2022/23
/tablesa/aus2024.html,9/5,Australia 2023/24
/tablesa/aus2025.html,9/6,Australia 2024/25
/tablesa/aus2026.html,8/4,Australia 2025/26
/tablesa/aus87.html,11/7,Australia 1987
/tablesa/aus88.html,11/7,Australia 1988
/tablesa/aus89.html,11/6,Australia 1989
/tablesa/aus92.html,10/7,Australia 1991/92
/tablesa/aus93.html,10/7,Australia 1992/93
/tablesa/aus94.html,10/7,Australia 1993/94
/tablesa/aus95.html,10/7,Australia 1994/95
/tablesa/aus96.html,10/7,Australia 1995/96
/tablesa/aus97.html,10/7,Australia 1996/97
/tablesa/aus98.html,9/7,Australia 1997/98
/tablesa/aus99.html,9/6,Australia 1998/99
/tablesa/auschamp.html,55/272,Australia - List of Champions
/tablesa/auscup65.html,6/2,Australia (AMPOL Cup New South Wales) 1965
/tablesa/auscup86.html,12/6,Australia 1986
/tablesa/auscup90.html,10/7,Australia 1989/90
/tablesa/auscup91.html,10/7,Australia 1990/91
/tablesa/auscuphist.html,22/273,Australia - List of Cup Winners
/tablesa/auscuphistfull.html,2/15,Australia - Cup Data 1962-1989
/tablesa/ausfound.html,1/24,Australia - List of Foundation Dates
/tablesa/aushist.html,7/270,Australia - List of Final Tables
/tablesa/austops.html,1/2,Australia - Golden Boot Winners
/tablesa/australiacup-wom.html,1/3,Australia Cup - Women Tournament
/tablesa/austria-w-venez60.html,1/2,FK Austria Wien Trip to Venezuela 1960
/tablesa/austriawien-mextour56.html,1/2,Mexican Trip of FK Austria (Wien) 1956
/tablesa/auswomenallt.html,1/20,Australia - Women All-Time Table
/tablesa/auswomenhist.html,11/31,Australia - List of Women's Final Tables
/tablesa/auswomenplall.html,1/20,Australia - Women List of Final Placings
/tablesa/auswomentops-allt.html,1/28,Australia (Women) - All-Time Topscorers
/tablesa/auxerre-tourn.html,1/2,Auxerre Tournaments
/tablesa/avc-wom-tourn.html,1/1,De Mâr AVC International Tournament (Women)
/tablesa/avellaneda15.html,1/2,Copa Ciudad de Avellaneda 2015
/tablesa/aviles.html,1/2,Trofeo Ramón Ralla (Avilés-Asturias)
/tablesa/ayacucho.html,1/2,Ayacucho Fútbol Club
/tablesa/ayamonte.html,1/2,Trofeo Antonio Concepción (Ayamonte)
/tablesa/ayof07.html,1/1,Australian Youth Olympic Festival 2007 (AYOF)
/tablesa/azar-tabriz05.html,1/1,8th Sardarn Shahid Azarbaijan Cup (Tabriz) 2005
/tablesa/azer-ghana88.html,1/2,Azerbaijan SSR representative team tour of Ghana 1988
/tablesa/azer-intres.html,2/3,Azerbaijan - List of International Matches
/tablesa/azer-wom04.html,3/2,Azerbaijan Women 2003
/tablesa/azer-wom05.html,4/3,Azerbaijan Women 2004
/tablesa/azer-wom06.html,4/3,Azerbaijan Women 2006
/tablesa/azer-wom07.html,4/3,Azerbaijan Women 2007
/tablesa/azer-wom2015.html,4/2,Azerbaijan Women 2014/15
/tablesa/azer-wom2017.html,4/3,Azerbaijan Women 2016/17
/tablesa/azer-wom2024.html,4/3,Azerbaijan Women 2023/24
/tablesa/azer-wom2025.html,3/3,Azerbaijan Women 2024/25
/tablesa/azer-womchamp.html,8/9,Azerbaijan - List of Women Champions
/tablesa/azer00.html,5/5,Azerbaijan 1999/2000
/tablesa/azer01.html,5/5,Azerbaijan 2000/01
/tablesa/azer02.html,5/5,Azerbaijan 2001/02
/tablesa/azer03.html,5/5,Azerbaijan 2002/03
/tablesa/azer03a.html,5/5,Azerbaijan 2003/04
/tablesa/azer05.html,5/5,Azerbaijan 2004/05
/tablesa/azer06.html,5/5,Azerbaijan 2005/06
/tablesa/azer07.html,5/5,Azerbaijan 2006/07
/tablesa/azer08.html,5/5,Azerbaijan 2007/08
/tablesa/azer09.html,5/4,Azerbaijan 2008/09
/tablesa/azer2010.html,6/6,Azerbaijan 2009/10
/tablesa/azer2011.html,6/5,Azerbaijan 2010/11
/tablesa/azer2012.html,6/5,Azerbaijan 2011/12
/tablesa/azer2013.html,6/5,Azerbaijan 2012/13
/tablesa/azer2014.html,6/5,Azerbaijan 2013/14
/tablesa/azer2015.html,6/5,Azerbaijan 2014/15
/tablesa/azer2016.html,6/5,Azerbaijan 2015/16
/tablesa/azer2017.html,6/5,Azerbaijan 2016/17
/tablesa/azer2018.html,6/5,Azerbaijan 2017/18
/tablesa/azer2019.html,6/5,Azerbaijan 2018/19
/tablesa/azer2020.html,6/5,Azerbaijan 2019/20
/tablesa/azer2021.html,6/5,Azerbaijan 2020/21
/tablesa/azer2022.html,6/5,Azerbaijan 2021/22
/tablesa/azer2023.html,6/5,Azerbaijan 2022/23
/tablesa/azer2024.html,6/5,Azerbaijan 2023/24
/tablesa/azer2025.html,6/5,Azerbaijan 2024/25
/tablesa/azer2026.html,6/6,Azerbaijan 2025/26
/tablesa/azer2027.html,5/4,Azerbaijan 2026/27
/tablesa/azer28.html,4/2,Azerbaijan 1928
/tablesa/azer2champ.html,1/2,Azerbaijan - List of Second Level Champions
/tablesa/azer49.html,5/3,Azerbaijan 1949
/tablesa/azer56.html,5/3,Azerbaijan 1956
/tablesa/azer83.html,5/3,Azerbaijan 1983
/tablesa/azer84.html,5/4,Azerbaijan 1984
/tablesa/azer85.html,5/3,Azerbaijan 1985
/tablesa/azer87.html,7/4,Azerbaijan 1987
/tablesa/azer88.html,5/3,Azerbaijan 1988
/tablesa/azer89.html,5/2,Azerbaijan 1989
/tablesa/azer92.html,5/6,Azerbaijan 1992
/tablesa/azer93.html,5/6,Azerbaijan 1993
/tablesa/azer94.html,5/6,Azerbaijan 1993/94
/tablesa/azer95.html,5/6,Azerbaijan 1994/95
/tablesa/azer96.html,5/7,Azerbaijan 1995/96
/tablesa/azer97.html,5/8,Azerbaijan 1996/97
/tablesa/azer98.html,5/7,Azerbaijan 1997/98
/tablesa/azer99.html,5/5,Azerbaijan 1998/99
/tablesa/azerchamp.html,49/60,Azerbaijan - List of Champions
/tablesa/azerclub.html,1/3,Azerbaijan Club Directory
/tablesa/azercup00.html,4/2,Azerbaijan Cup 1999/2000
/tablesa/azercup01.html,4/2,Azerbaijan Cup 2000/01
/tablesa/azercup02.html,4/2,Azerbaijan Cup 2001/02
/tablesa/azercup03.html,4/2,Azerbaijan Cup 2003/04
/tablesa/azercup05.html,4/2,Azerbaijan Cup 2004/05
/tablesa/azercup06.html,4/2,Azerbaijan Cup 2005/06
/tablesa/azercup07.html,4/2,Azerbaijan Cup 2006/07
/tablesa/azercup08.html,4/2,Azerbaijan Cup 2007/08
/tablesa/azercup09.html,4/2,Azerbaijan Cup 2008/09
/tablesa/azercup97.html,4/1,Azerbaijan Cup 1996/97
/tablesa/azercup98.html,4/1,Azerbaijan Cup 1997/98
/tablesa/azercup99.html,4/2,Azerbaijan Cup 1998/99
/tablesa/azercuphist.html,37/60,Azerbaijan - List of Cup Finals
/tablesa/azerfound.html,2/2,Azerbaijan - List of Foundation Dates
/tablesa/azerhist.html,1/2,Azerbaijan - List of Final Tables
/tablesa/azersupcuphist.html,1/20,Azerbaijan - List of Super Cup Finals
/tablesa/azertops.html,1/2,Azerbaijan - List of Topscorers
/tablesa/azikwe.html,6/3,Azikiwe Cup 1961-1967
/tablesa/azores08.html,3/2,Azores 2007/08
/tablesa/azores09.html,4/3,Azores 2008/09
/tablesa/azores2010.html,4/3,Azores 2009/10
/tablesa/azores2011.html,4/3,Azores 2010/11
/tablesa/azores2012.html,4/4,Azores 2011/12
/tablesa/azores2014.html,5/4,Azores 2013/14
/tablesa/azores2015.html,5/3,Azores 2014/15
/tablesa/azores2016.html,5/4,Azores 2015/16
/tablesa/azores2017.html,5/4,Azores 2016/17
/tablesa/azores2018.html,5/4,Azores 2017/18
/tablesa/azores2019.html,5/4,Azores 2018/19
/tablesa/azores2020.html,5/4,Azores 2019/20
/tablesa/azores2021.html,5/4,Azores 2020/21
/tablesa/azores2022.html,5/4,Azores 2021/22
/tablesa/azores2023.html,5/4,Azores 2022/23
/tablesa/azores2024.html,4/4,Azores 2023/24
/tablesa/azoreschamp.html,12/13,Azores - List of Champions
/tablesa/azorescuphist.html,6/17,Azores - List of Cup Winners
/tablesa/azoresfound.html,1/3,Azores - List of Foundation Dates
/tablesa/azteca-inaug66.html,1/2,"Inauguration of Estadio Azteca, Ciudad de México 1966"
/tablesa/azteca01.html,1/1,Copa Azteca Sol (Monterrey) 2001
/tablesa/azteca2000.html,2/3,Azteca 2000 Tournament 1985
/tablesa/azteca82.html,1/2,Cuadrangular Águila Azteca 1982
/tablesa/azteca87.html,1/2,Torneo Triangular Copa Azteca 1987
