path,links,title
/tabless/praha-tourn.html,0/2,?
/tabless/sa-am-u20-99.html,0/2,?
/tabless/sa-u15.html,11/11,South American U-15 Championships
/tabless/sa-u15-05.html,4/3,South American U-15 Championship 2005 (Bolivia)
/tabless/sa-u15-07.html,4/3,South American U-15 Championship 2007 (Brazil)
/tabless/sa-u15-09.html,4/3,South American U-15 Championship 2009 (Bolivia)
/tabless/sa-u15-2011.html,4/3,South American U-15 Championship 2011 (Uruguay)
/tabless/sa-u15-2013.html,4/3,South American U-15 Championship 2013 (Bolivia)
/tabless/sa-u15-2015.html,4/3,South American U-15 Championship 2015 (Colombia)
/tabless/sa-u15-2017.html,4/3,South American U-15 Championship 2017 (Argentina)
/tabless/sa-u15-2019.html,4/3,South American U-15 Championship 2019 (Paraguay)
/tabless/sa-u15-2024.html,3/3,South American U-15 Championship 2024 (Bolivia)
/tabless/sa-u16-04.html,3/3,South American U-16 Championship 2004 (Paraguay)
/tabless/sa-u16-85.html,4/3,South American U-16 Championship 1985 (Argentina)
/tabless/sa-u16-86.html,5/4,South American U-16 Championship 1986 (Peru)
/tabless/sa-u16-88.html,5/4,South American U-16 Championship 1988 (Ecuador)
/tabless/sa-u17.html,21/21,South American U-17 Championships
/tabless/sa-u17-01.html,4/3,South American U-17 Championship 2001 (Peru)
/tabless/sa-u17-03.html,4/3,South American U-17 Championship 2003 (Bolivia)
/tabless/sa-u17-05.html,5/4,South American U-17 Championship 2005 (Venezuela)
/tabless/sa-u17-07.html,4/3,South American U-17 Championship 2007 (Ecuador)
/tabless/sa-u17-09.html,4/3,South American U-17 Championship 2009 (Chile)
/tabless/sa-u17-2011.html,5/4,South American U-17 Championship 2011 (Ecuador)
/tabless/sa-u17-2013.html,4/3,South American U-17 Championship 2013 (Argentina)
/tabless/sa-u17-2015.html,4/4,South American U-17 Championship 2015 (Paraguay)
/tabless/sa-u17-2017.html,4/4,South American U-17 Championship 2017 (Chile)
/tabless/sa-u17-2019.html,4/3,South American U-17 Championship 2019 (Peru)
/tabless/sa-u17-2023.html,4/3,South American U-17 Championship 2023 (Ecuador)
/tabless/sa-u17-2025.html,3/3,South American U-17 Championship 2025 (Colombia)
/tabless/sa-u17-91.html,5/4,South American U-17 Championship 1991 (Paraguay)
/tabless/sa-u17-93.html,5/3,South American U-17 Championship 1993 (Colombia)
/tabless/sa-u17-95.html,5/3,South American U-17 Championship 1995 (Peru)
/tabless/sa-u17-97.html,5/3,South American U-17 Championship 1997 (Paraguay)
/tabless/sa-u17-99.html,5/3,South American U-17 Championship 1999 (Uruguay)
/tabless/sa-u20-01.html,4/3,XX Sudamericano Juvenil 2001 (Ecuador)
/tabless/sa-u20-03.html,5/4,XXI Sudamericano Juvenil 2003 (Uruguay)
/tabless/sa-u20-03det.html,3/1,XXI Sudamericano Juvenil 2003 (Uruguay) - Details
/tabless/sa-u20-05.html,4/3,XXII Sudamericano Juvenil 2005 (Colombia)
/tabless/sa-u20-07.html,4/5,XXIII Sudamericano Juvenil 2007 (Paraguay)
/tabless/sa-u20-09.html,4/3,XXIV Sudamericano Juvenil 2009 (Venezuela)
/tabless/sa-u20-11.html,4/4,XXV Sudamericano Juvenil 2011 (Peru)
/tabless/sa-u20-2013.html,4/3,XXVI Sudamericano Juvenil 2013 (Argentina)
/tabless/sa-u20-2015.html,4/6,XXVII Sudamericano Juvenil 2015 (Uruguay)
/tabless/sa-u20-2017.html,4/4,XXVIII Sudamericano Juvenil 2017 (Ecuador)
/tabless/sa-u20-2019.html,4/3,XXIX Sudamericano Juvenil 2019 (Chile)
/tabless/sa-u20-2023.html,6/4,XXX Sudamericano Juvenil 2023 (Colombia)
/tabless/sa-u20-2025.html,4/4,XXXI Sudamericano Juvenil 2025 (Venezuela)
/tabless/sa-u20-95.html,5/3,XVII Sudamericano Juvenil 1995 (Bolivia)
/tabless/sa-u20-97.html,5/3,XVIII Sudamericano Juvenil 1997 (Chile)
/tabless/sa-u20-99.html,5/5,XIX Sudamericano Juvenil 1999 (Argentina)
/tabless/sa-u21.html,33/36,South American Youth Championships
/tabless/sa-u21-54.html,3/2,I Sudamericano Juvenil 1954 (Venezuela)
/tabless/sa-u21-58.html,5/4,II Sudamericano Juvenil 1958 (Chile)
/tabless/sa-u21-58det.html,2/2,II Sudamericano Juvenil 1958 (Chile) Details
/tabless/sa-u21-64.html,4/3,III Sudamericano Juvenil 1964 (Colombia)
/tabless/sa-u21-67.html,4/3,IV Sudamericano Juvenil 1967 (Paraguay)
/tabless/sa-u21-71.html,4/4,V Sudamericano Juvenil 1971 (Paraguay)
/tabless/sa-u21-74.html,4/3,VI Sudamericano Juvenil 1974 (Chile)
/tabless/sa-u21-75.html,4/3,VII Sudamericano Juvenil 1975 (Peru)
/tabless/sa-u21-77.html,5/3,VIII Sudamericano Juvenil 1977 (Venezuela)
/tabless/sa-u21-79.html,6/3,IX Sudamericano Juvenil 1979 (Uruguay)
/tabless/sa-u21-81.html,5/3,X Sudamericano Juvenil 1981 (Ecuador)
/tabless/sa-u21-83.html,5/3,XI Sudamericano Juvenil 1983 (Bolivia)
/tabless/sa-u21-85.html,5/3,XII Sudamericano Juvenil 1985 (Paraguay)
/tabless/sa-u21-87.html,5/4,XIII Sudamericano Juvenil 1987 (Colombia)
/tabless/sa-u21-88det.html,2/2,XIV Sudamericano Juvenil 1988 (Argentina) - Match Details and Squad Lists
/tabless/sa-u21-89.html,7/5,XIV Sudamericano Juvenil 1988 (Argentina)
/tabless/sa-u21-89det.html,3/2,XIV Sudamericano Juvenil 1988 (Argentina)
/tabless/sa-u21-91.html,6/5,XV Sudamericano Juvenil 1991 (Venezuela)
/tabless/sa-u21-91-details.html,3/1,XV Sudamericano Juvenil 1991 (Venezuela) Details
/tabless/sa-u21-92.html,7/5,XVI Sudamericano Juvenil 1992 (Colombia)
/tabless/sa-u21-92-details.html,3/1,XVI Sudamericano Juvenil 1992 (Colombia) Details
/tabless/saar-intres.html,2/4,Saar - List of International Matches and Line-Ups
/tabless/saarchamp.html,6/2,Saar - List of Champions
/tabless/saarhist.html,6/5,Saar - Final Tables 1948/49-1950/51
/tabless/saarland.html,6/6,Internationaler Saarland Pokal
/tabless/saavedra75.html,1/2,Copa Cornelio Saavedra
/tabless/sabahfa07.html,1/1,Sabah FA Triangular Tournament 2007
/tabless/sabahphil77.html,1/2,Sabah state (Malaysia) visit to the Philippines 1977
/tabless/sabaria-mextour29.html,1/2,Mexican trip of Sabaria FC (Szombathely) 1929
/tabless/sabastatiasix.html,1/2,"Six-a-Side Tournaments (Sint Maarten, Saba, Sint Eustatius) 2024-2025"
/tabless/sac-thai62.html,2/2,Saigon Administration Club tour of Thailand 1962
/tabless/sachamp.html,51/97,Copa América
/tabless/sachampfull.html,45/4,The Copa América Archive
/tabless/sachampfulldiff.html,2/1,The Copa América Archive - Known Discrepancies
/tabless/sachampfulltrivia.html,2/1,The Copa América Archive - Trivia
/tabless/sachamptrivia.html,2/2,Copa América Trivia
/tabless/sadc-u20-04.html,0/1,?
/tabless/saddam86.html,1/4,Saddam International Tournament (Baghdad) 1986
/tabless/saenzpena41.html,1/2,Copa Roque Sáenz Peña
/tabless/saf-u14-04.html,0/1,?
/tabless/safa-satrip06.html,1/4,South American Trip of South African Football Association 1906
/tabless/saff-wom.html,9/10,South Asian Women's Championship
/tabless/saff-wom2010.html,3/2,2010 SAFF Women's Championship (Bangladesh)
/tabless/saff-wom2012.html,4/3,2012 SAFF Women's Championship (Sri Lanka)
/tabless/saff-wom2014.html,4/3,2014 SAFF Women's Championship (Pakistan)
/tabless/saff-wom2016.html,4/3,2016 SAFF Women's Championship (India)
/tabless/saff-wom2019.html,4/3,"2019 SAFF Women's Championship (Biratnagar, Nepal)"
/tabless/saff-wom2022.html,4/3,2022 SAFF Women's Championship (Nepal)
/tabless/saff-wom2024.html,4/3,2024 SAFF Women's Championship (Nepal)
/tabless/saff-wom2026.html,3/4,2026 SAFF Women's Championship (India)
/tabless/saffcup.html,15/16,South Asian Football Federation Cup
/tabless/saffgold-wom2019.html,0/1,?
/tabless/saffgold02.html,4/3,"South Asian Gold Cup 2003 (Dhaka, Bangladesh)"
/tabless/saffgold05.html,4/3,"South Asian Gold Cup 2005 (Karachi, Pakistan)"
/tabless/saffgold08.html,4/3,South Asian Gold Cup 2008 (Colombo and Malé)
/tabless/saffgold09.html,4/3,South Asian Gold Cup 2009 (Dhaka)
/tabless/saffgold2011.html,4/3,South Asian Gold Cup 2011 (New Delhi)
/tabless/saffgold2013.html,4/3,South Asian Championship 2013 (Kathmandu)
/tabless/saffgold2015.html,4/3,South Asian Championship 2015/16 (Trivandrum)
/tabless/saffgold2018.html,4/3,South Asian Championship 2018 (Dhaka)
/tabless/saffgold2021.html,4/3,South Asian Championship 2021 (Malé)
/tabless/saffgold2023.html,3/4,South Asian Championship 2023 (Bangalore)
/tabless/saffgold93.html,3/2,1st SAARC (South Asian Association for Regional Co-operation) Tournament 1993
/tabless/saffgold95.html,4/3,"South Asian Gold Cup 1995 (Colombo, Sri Lanka)"
/tabless/saffgold97.html,4/3,"South Asian Gold Cup 1997 (Kathmandu, Nepal)"
/tabless/saffgold99.html,4/3,"South Asian Gold Cup 1999 (Margoa, Goa)"
/tabless/safg.html,15/16,South Asian Federation Games
/tabless/safg-wom.html,5/5,South Asian Federation Games (Women's Tournament)
/tabless/safg01.html,4/3,9th South Asian Federation Games 2004 (Pakistan)
/tabless/safg06.html,4/3,10th South Asian Federation Games 2006 (Colombo)
/tabless/safg2010.html,5/4,11th South Asian Federation Games 2010 (Bangladesh)
/tabless/safg2016.html,5/4,12th South Asian Federation Games 2016 (India)
/tabless/safg2019.html,4/5,13th South Asian Federation Games 2019 (Nepal)
/tabless/safg84.html,3/2,1st South Asian Federation Games 1984
/tabless/safg85.html,4/4,"2nd South Asian Federation Games 1985 (Dhaka, Bangladesh)"
/tabless/safg87.html,4/4,"3rd South Asian Federation Games 1987 (Calcutta, India)"
/tabless/safg89.html,4/3,"4th South Asian Federation Games 1989 (Islamabad, Pakistan)"
/tabless/safg91.html,4/4,"5th South Asian Federation Games 1991 (Colombo, Sri Lanka)"
/tabless/safg93.html,4/3,6th South Asian Federation Games 1993 (Bangladesh)
/tabless/safg95.html,4/3,7th South Asian Federation Games 1995
/tabless/safg99.html,4/3,"8th South Asian Federation Games 1999 (Kathmandu, Nepal)"
/tabless/sah2h.html,47/1,Head-to-Head Records of South American National Teams
/tabless/sahsa82.html,0/2,?
/tabless/saigon-springtree71.html,2/3,Spring Tree Cup (Saigon) 1971
/tabless/saigon-springtree72.html,2/3,Spring Tree Cup 1972 (Saigon)
/tabless/saigonhk-trip47.html,1/2,All-Saigon tour of Hong Kong 1947
/tabless/saints-braztrip48.html,1/2,Brazilian Trip of Southampton FC 1948
/tabless/saints-satrip04.html,2/5,Río de la Plata Trip of Southampton FC 1904
/tabless/saitama-u12.html,1/1,U-12 Saitama Tournament (Japan)
/tabless/saitamacity.html,1/1,Saitama City Cup (Japan)
/tabless/sal-fernando.html,1/2,"Trofeo de la Sal (San Fernando, Cádiz)"
/tabless/salalah2018.html,1/1,Salalah International Tournament 2018
/tabless/salamanca75-98.html,1/2,75th Anniversary of Salamanca 1998
/tabless/salamancajuv.html,1/2,"Trofeo Internacional Juvenil ""Caja Duero"" de Salamanca"
/tabless/salonika96.html,1/2,Salonika 1996 Tournament
/tabless/salv-vilarrasa60.html,1/2,Trofeig Salvador Vilarrasa 1960
/tabless/salvador81.html,0/3,?
/tabless/salzburg-east.html,1/4,Salzburg Friendly Tournaments
/tabless/salzburg-indo55.html,9/5,Austria Salzburg tour of South East Asia 1955
/tabless/salzburgfv61.html,1/2,Turnier Salzburger Fussballverband 1961
/tabless/sam-ccsf.html,1/2,South American Club Cups - Semifinal Balance
/tabless/sam-indoor-jun-91.html,1/2,South American Indoor Junior Championship 1991
/tabless/sam-intclub-friend01.html,1/1,South American Clubs' International Friendly Matches 2001
/tabless/sam-intres2001.html,1/2,International Matches 2001 - South American Countries (CONMEBOL)
/tabless/sam-intres91.html,2/3,South America International Matches 1991
/tabless/sam-intres92.html,2/3,South America International Matches 1991
/tabless/sam-olym-qual.html,18/3,Pre-Olímpico - South-American Olympic Qualifying Tournament
/tabless/sam-olyqual04.html,1/2,South-American Olympic Qualifying Tournament 2004
/tabless/sam-wom-u17.html,10/10,South American Women U-17 Championship
/tabless/sam-wom-u17-08.html,4/3,Southamerican Women U-17 Championship 2008
/tabless/sam-wom-u17-2010.html,5/4,Southamerican Women U-17 Championship 2010
/tabless/sam-wom-u17-2012.html,5/4,Southamerican Women U-17 Championship 2012
/tabless/sam-wom-u17-2013.html,5/4,South American Women U-17 Championship 2013
/tabless/sam-wom-u17-2016.html,5/5,South American Women U-17 Championship 2016
/tabless/sam-wom-u17-2018.html,5/4,South American Women U-17 Championship 2018
/tabless/sam-wom-u17-2022.html,4/4,South American Women U-17 Championship 2022
/tabless/sam-wom-u17-2024.html,4/4,South American Women U-17 Championship 2024
/tabless/sam-wom-u17-2025.html,3/5,South American Women U-17 Championship 2025
/tabless/sam-wom-u19-02.html,4/3,South America - Under 19 Women’s Qualifying Tournament 2002
/tabless/sam-wom-u19-06.html,5/4,South America - Under 20 Women's Qualifying Tournament 2006
/tabless/sam-wom-u20.html,13/13,South American Women U-19/U-20 Championship
/tabless/sam-wom-u20-08.html,5/4,Southamerican Women U-20 Championship 2008
/tabless/sam-wom-u20-2010.html,5/4,Southamerican Women U-20 Championship 2010
/tabless/sam-wom-u20-2012.html,5/4,Southamerican Women U-20 Championship 2012
/tabless/sam-wom-u20-2014.html,5/4,2014 South American U-20 Women's Championship
/tabless/sam-wom-u20-2015.html,5/4,2015 South American U-20 Women's Championship
/tabless/sam-wom-u20-2018.html,5/4,2018 South American U-20 Women's Championship
/tabless/sam-wom-u20-2022.html,4/4,2022 South American U-20 Women's Championship
/tabless/sam-wom-u20-2024.html,5/4,2024 South American U-20 Women's Championship
/tabless/sam-wom-u20-2026.html,3/4,2026 South American U-20 Women's Championship
/tabless/sam-women.html,11/12,South-American Women's Championship
/tabless/sam-women-allt.html,0/2,?
/tabless/sam-women02.html,5/4,South-American Women's Championship 2002
/tabless/sam-women06.html,5/5,South-American Women's Championship 2006
/tabless/sam-women2010.html,5/5,South-American Women's Championship 2010
/tabless/sam-women2014.html,6/6,South-American Women's Championship 2014
/tabless/sam-women2018.html,8/5,South-American Women's Championship 2018
/tabless/sam-women2022.html,8/6,South-American Women's Championship 2022
/tabless/sam-women2025.html,3/4,South-American Women's Championship 2025
/tabless/sam-women91.html,4/4,South-American Women's Championship 1991
/tabless/sam-women95.html,5/5,South-American Women's Championship 1995
/tabless/sam-women98.html,6/5,South-American Women's Championship 1998
/tabless/sam91.html,0/2,?
/tabless/samoa-intres.html,1/2,(Western) Samoa - List of International Matches
/tabless/samoa-womchamp.html,22/9,Samoa - List of Women Champions
/tabless/samoa00.html,4/4,(West) Samoa 2000
/tabless/samoa01.html,5/4,(West) Samoa 2001
/tabless/samoa02.html,6/4,(West) Samoa 2002
/tabless/samoa03.html,5/4,(West) Samoa 2003
/tabless/samoa04.html,6/5,(West) Samoa 2004
/tabless/samoa05.html,5/4,(West) Samoa 2005
/tabless/samoa06.html,5/3,(West) Samoa 2006
/tabless/samoa07.html,5/3,(West) Samoa 2007
/tabless/samoa08.html,5/3,(West) Samoa 2008
/tabless/samoa2010.html,5/4,(West) Samoa 2009/10
/tabless/samoa2011.html,5/4,(West) Samoa 2010/11
/tabless/samoa2013.html,5/4,(West) Samoa 2012/13
/tabless/samoa2015.html,5/3,(West) Samoa 2014/15
/tabless/samoa2016.html,5/4,(West) Samoa 2016
/tabless/samoa2017.html,5/3,(West) Samoa 2017
/tabless/samoa2018.html,5/6,(West) Samoa 2018
/tabless/samoa2019.html,5/4,(West) Samoa 2019
/tabless/samoa2020.html,5/4,(West) Samoa 2020
/tabless/samoa2021.html,5/4,(West) Samoa 2021
/tabless/samoa2023.html,5/4,(West) Samoa 2022
/tabless/samoa2024.html,5/4,(West) Samoa 2023
/tabless/samoa2025.html,5/4,(West) Samoa 2024
/tabless/samoa2025a.html,5/4,(West) Samoa 2025
/tabless/samoa2026.html,4/4,(West) Samoa 2026
/tabless/samoa84.html,4/2,(West) Samoa 1984
/tabless/samoa85.html,5/3,(West) Samoa 1985
/tabless/samoa97.html,4/4,(West) Samoa 1997
/tabless/samoa98.html,4/4,(West) Samoa 1998
/tabless/samoa99.html,4/5,(West) Samoa 1999
/tabless/samoachamp.html,30/31,Samoa - List of Champions
/tabless/samoacuphist.html,14/24,Samoa - List of Cup Winners
/tabless/samoafound.html,1/2,Samoa - Foundation Dates of Clubs
/tabless/samoawom00.html,0/1,?
/tabless/samoawom01.html,0/1,?
/tabless/samoawom02.html,0/1,?
/tabless/samoawom03.html,0/2,?
/tabless/samoawom04.html,5/2,(West) Samoa (Women) 2004
/tabless/samoawom05.html,0/2,?
/tabless/samoawom07.html,0/1,?
/tabless/samoawom2010.html,0/1,?
/tabless/samoawom2011.html,0/1,?
/tabless/samoawom2013.html,0/1,?
/tabless/samoawom2014.html,0/1,?
/tabless/samoawom2015.html,0/1,?
/tabless/samoawom2016.html,0/1,?
/tabless/samoawom2017.html,0/2,?
/tabless/samoawom2018.html,4/4,(West) Samoa (Women) 2018
/tabless/samoawom2019.html,4/4,(West) Samoa (Women) 2019
/tabless/samoawom2020.html,4/4,(West) Samoa (Women) 2020
/tabless/samoawom2021.html,4/4,(West) Samoa (Women) 2021
/tabless/samoawom2023.html,4/4,(West) Samoa (Women) 2022
/tabless/samoawom2024.html,4/4,(West) Samoa (Women) 2023
/tabless/samoawom2025.html,3/3,(West) Samoa (Women) 2024
/tabless/sampdoria.html,3/3,Sampdoria
/tabless/sampierdarenese.html,3/4,Sampierdarenese
/tabless/samsungcrc-u17-02.html,0/2,?
/tabless/sanagustin.html,1/2,Club Atlético Universidad Nacional San Agustín
/tabless/sanagustin25.html,0/2,?
/tabless/sanbenedetto98.html,1/2,Trofeo San Benedetto del Trento 1998 (Italy)
/tabless/sandak75.html,0/2,?
/tabless/sandviken-afr58.html,2/4,Sandvikens IF tour to Africa 1958
/tabless/sandviken-spain58.html,1/2,Sandvikens IF (Sweden) tour of Spain 1958
/tabless/sangines.html,1/3,Trofeo San Ginés de fútbol
/tabless/sangiorgio-u17.html,1/2,Torneo Giovanile U-17 Internazionale dell'Amicizia
/tabless/sanisidro51.html,1/2,Copa San Isidro 1951
/tabless/sanjose86.html,0/3,?
/tabless/sanjose90.html,0/2,?
/tabless/sanjulian.html,1/2,Trofeo San Julián (Cuenca)
/tabless/sanlorenzo-boltrip52.html,1/2,Bolivian Trip of San Lorenzo de Almagro 1952
/tabless/sanlorenzo-mextour51.html,1/2,Mexican Tour of CA San Lorenzo de Almagro (Buenos Aires) 1951
/tabless/sanlorenzo-mextour65.html,2/2,Mexican Tour of CA San Lorenzo de Almagro (Buenos Aires) 1965
/tabless/sanlorenzo-perutrip50.html,1/2,Peruvian Trip of San Lorenzo de Almagro 1950
/tabless/sanlorenzo-trip50.html,1/3,San Lorenzo de Almagro Trip to Europe 1949/50
/tabless/sanlorenzo-trip56.html,1/3,San Lorenzo de Almagro Trip to Europe 1955/56
/tabless/sanlorenzo-trip64.html,1/3,San Lorenzo de Almagro Trip to Europe 1963/64
/tabless/sanlorenzo-trip65.html,2/3,American Trip of San Lorenzo de Almagro 1965
/tabless/sanlorenzo-trip74.html,3/3,San Lorenzo de Almagro Trips to Europe 1974
/tabless/sanlorenzo-trip76.html,3/3,San Lorenzo de Almagro Trip to Spain 1976
/tabless/sanlorenzo-trip95.html,2/3,European Trip of San Lorenzo de Almagro 1995
/tabless/sanm-intres.html,3/3,San Marino - International Results
/tabless/sanm-intres-det.html,2/2,San Marino - International Results - Details
/tabless/sanm00.html,5/6,San Marino 1999/2000
/tabless/sanm01.html,5/5,San Marino 2000/01
/tabless/sanm02.html,5/5,San Marino 2001/02
/tabless/sanm03.html,5/5,San Marino 2002/03
/tabless/sanm04.html,5/5,San Marino 2003/04
/tabless/sanm05.html,5/5,San Marino 2004/05
/tabless/sanm06.html,5/5,San Marino 2005/06
/tabless/sanm07.html,5/5,San Marino 2006/07
/tabless/sanm08.html,5/5,San Marino 2007/08
/tabless/sanm09.html,5/4,San Marino 2008/09
/tabless/sanm2010.html,5/5,San Marino 2009/10
/tabless/sanm2011.html,5/5,San Marino 2010/11
/tabless/sanm2012.html,5/5,San Marino 2011/12
/tabless/sanm2013.html,5/5,San Marino 2012/13
/tabless/sanm2014.html,5/5,San Marino 2013/14
/tabless/sanm2015.html,5/5,San Marino 2014/15
/tabless/sanm2016.html,5/5,San Marino 2015/16
/tabless/sanm2017.html,5/5,San Marino 2016/17
/tabless/sanm2018.html,5/5,San Marino 2017/18
/tabless/sanm2019.html,5/5,San Marino 2018/19
/tabless/sanm2020.html,5/5,San Marino 2019/20
/tabless/sanm2021.html,5/5,San Marino 2020/21
/tabless/sanm2022.html,5/5,San Marino 2021/22
/tabless/sanm2023.html,5/5,San Marino 2022/23
/tabless/sanm2024.html,5/5,San Marino 2023/24
/tabless/sanm2025.html,5/5,San Marino 2024/25
/tabless/sanm2026.html,4/6,San Marino 2025/26
/tabless/sanm46.html,6/2,San Marino 1946
/tabless/sanm48.html,6/2,San Marino 1948
/tabless/sanm86.html,6/4,San Marino 1985/86
/tabless/sanm87.html,6/4,San Marino 1986/87
/tabless/sanm88.html,6/4,San Marino 1987/88
/tabless/sanm89.html,6/4,San Marino 1988/89
/tabless/sanm90.html,6/4,San Marino 1989/90
/tabless/sanm91.html,6/5,San Marino 1990/91
/tabless/sanm92.html,5/5,San Marino 1991/92
/tabless/sanm93.html,5/4,San Marino 1992/93
/tabless/sanm94.html,5/5,San Marino 1993/94
/tabless/sanm95.html,5/5,San Marino 1994/95
/tabless/sanm96.html,5/5,San Marino 1995/96
/tabless/sanm97.html,5/6,San Marino 1996/97
/tabless/sanm98.html,5/6,San Marino 1997/98
/tabless/sanm99.html,5/5,San Marino 1998/99
/tabless/sanmartin.html,1/2,Deportivo Universidad San Martín de Porres
/tabless/sanmchamp.html,43/56,San Marino - List of Champions
/tabless/sanmcup01.html,4/1,San Marino Cup (Coppa Titano) 2001
/tabless/sanmcup02.html,4/1,San Marino Cups 2002
/tabless/sanmcup03.html,4/1,San Marino Cup (Coppa Titano) 2003
/tabless/sanmcup04.html,4/1,San Marino Cup (Coppa Titano) 2004
/tabless/sanmcup05.html,4/1,San Marino Cups 2005
/tabless/sanmcup06.html,4/1,San Marino Cups 2006
/tabless/sanmcup07.html,4/1,San Marino Cups 2006/07
/tabless/sanmcup08.html,4/1,San Marino Cups 2007/08
/tabless/sanmcup09.html,4/1,San Marino Cups 2008/09
/tabless/sanmcup37.html,5/3,San Marino 1937
/tabless/sanmcup54.html,6/4,San Marino 1950
/tabless/sanmcuphist.html,40/57,San Marino - List of Cup Winners
/tabless/sanmfound.html,1/2,San Marino - List of Foundation Dates
/tabless/sanrafael65.html,1/3,Copa Intendente Municipal San Rafael 1965
/tabless/sanremo-u18.html,1/3,San Remo U-19 Tournament (Italy)
/tabless/sanroquearosa.html,1/2,Trofeo San Roque (Villagarcía de Arosa-Pontevedra)
/tabless/sanroquelepe.html,1/2,Trofeo San Roque de Lepe (Huelva)
/tabless/sanseb-inttourn.html,4/4,International Tournaments played in San Sebastián 1910-1993
/tabless/sanseb-inttourn66det.html,0/3,?
/tabless/sanseb-inttourn67.html,0/3,?
/tabless/sanseb-inttourn68det.html,0/4,?
/tabless/sanseb-u19.html,1/2,"Trofeo Internacional Juvenil Real Sociedad (San Sebastián, Guipúzcoa)"
/tabless/santacruzpalma.html,1/2,"Trofeo Ciudad de Santa Cruz de La Palma (Santa Cruz de la Palma-Islas 
Canarias)"
/tabless/santafexi-paratrip27.html,1/2,Santa Fe Combined Trip to Paraguay 1927
/tabless/santagiuliana.html,1/2,Memorial Alfonso Santagiuliana (Vicenza)
/tabless/santamarinella-u16-86.html,0/2,?
/tabless/santander-veneztrip26.html,2/2,Deportivo Santander (Colombia) Trip to Venezuela 1926
/tabless/santander05.html,1/1,250th Anniversary of the City of Santander (Spain) 2005
/tabless/santiago-clubtourn.html,17/23,Torneo Internacional de Chile (Santiago de Chile)
/tabless/santiago-cuad46.html,0/2,?
/tabless/santiago-tourn42.html,2/2,Torneo Internacional de Chile 1942
/tabless/santiago-tourn43.html,2/2,Torneo Internacional de Chile 1943
/tabless/santiago-tourn51.html,4/3,Torneo Internacional de Chile (Santiago) 1951
/tabless/santiago-tourn53.html,5/3,Torneo Internacional de Chile (Santiago) 1953
/tabless/santiago-tourn62.html,2/3,Torneo Internacional de Chile 1962
/tabless/santiago-tourn63.html,2/2,Torneo Internacional de Chile 1963
/tabless/santiago-tourn64a.html,2/3,Torneo Internacional de Chile 1964 (first)
/tabless/santiago-tourn64b.html,2/3,Torneo Internacional de Chile 1964 (second)
/tabless/santiago-tourn65.html,2/4,Torneo Internacional de Chile 1965 (first)
/tabless/santiago-tourn65b.html,2/2,Torneo Internacional de Chile 1965 (second)
/tabless/santiago-tourn65c.html,2/2,Torneo Internacional de Chile 1965 (third)
/tabless/santiago-tourn66.html,2/3,Torneo Internacional de Chile 1966
/tabless/santiago-tourn68.html,2/4,Torneo Internacional de Chile 1968
/tabless/santiago-tourn69.html,2/4,Torneo Internacional de Chile 1969
/tabless/santiago-tourn77.html,2/4,Torneo Internacional de Chile 1977
/tabless/santiago-u15.html,0/2,?
/tabless/santis92.html,1/1,Santis Cup 1992 (Sankt Gallen)
/tabless/santmagi72.html,1/2,Trofeig Sant Magí (Tarragona) 1972
/tabless/santos-argtrip54.html,2/4,Santos FC Trip to Argentina 1954
/tabless/santos-argtrip61.html,3/5,Santos FC Trips to Argentina 1961
/tabless/santos-argtrip62.html,4/5,Santos FC Trip to Argentina 1962
/tabless/santos-argtrip64.html,3/6,Santos FC Trips to Argentina 1964
/tabless/santos-argtrip65.html,4/5,Santos FC Trips to Argentina 1965
/tabless/santos-argtrip66.html,3/5,Santos FC Trips to Argentina 1966
/tabless/santos-argtrip67.html,3/5,Santos FC Trip to Argentina 1967
/tabless/santos-argtrip70.html,3/5,Santos FC Trip to Argentina 1970
/tabless/santos-argtrip77.html,2/4,Santos FC Trips to Argentina 1977
/tabless/santos-mex66tour.html,1/2,Mexican Tour of Santos FC 1966
/tabless/santosindep-veneztrip65.html,1/2,Santos and Independiente Trip to Venezuela 1965
/tabless/sanwabank97.html,2/4,Sanwa Bank Cup 1994-1997
/tabless/saotome-indep75.html,0/2,?
/tabless/saotome-intres.html,1/2,São Tomé e Príncipe - List of International Matches
/tabless/saotome-tourn87.html,0/3,?
/tabless/saotome-wom2016.html,0/1,?
/tabless/saotome-wom2018.html,4/1,São Tomé e Príncipe (Women) 2018
/tabless/saotome00.html,5/5,São Tomé e Príncipe 2000
/tabless/saotome01.html,5/5,São Tomé e Príncipe 2001
/tabless/saotome03.html,5/4,São Tomé e Príncipe 2002/03
/tabless/saotome04.html,5/3,São Tomé e Príncipe 2004
/tabless/saotome06.html,5/4,São Tomé e Príncipe 2006/07
/tabless/saotome09.html,5/4,São Tomé e Príncipe 2009/10
/tabless/saotome2011.html,5/4,São Tomé e Príncipe 2011
/tabless/saotome2012.html,5/5,São Tomé e Príncipe 2012
/tabless/saotome2013.html,5/5,São Tomé e Príncipe 2013
/tabless/saotome2014.html,5/5,São Tomé e Príncipe 2014
/tabless/saotome2015.html,5/5,São Tomé e Príncipe 2015
/tabless/saotome2016.html,5/5,São Tomé e Príncipe 2016
/tabless/saotome2017.html,5/5,São Tomé e Príncipe 2017
/tabless/saotome2018.html,5/5,São Tomé e Príncipe 2018
/tabless/saotome2019.html,5/5,São Tomé e Príncipe 2019
/tabless/saotome2020.html,5/2,São Tomé e Príncipe 2020
/tabless/saotome2022.html,5/5,São Tomé e Príncipe 2021/22
/tabless/saotome2023.html,5/5,São Tomé e Príncipe 2023
/tabless/saotome2024.html,5/5,São Tomé e Príncipe 2024
/tabless/saotome2025.html,5/5,São Tomé e Príncipe 2025
/tabless/saotome2026.html,4/6,São Tomé e Príncipe 2026
/tabless/saotome76.html,4/2,São Tomé e Príncipe 1975/76
/tabless/saotome79.html,5/3,São Tomé e Príncipe 1978/79
/tabless/saotome80.html,5/4,São Tomé e Príncipe 1979/80
/tabless/saotome81.html,5/3,São Tomé e Príncipe 1980/81
/tabless/saotome82.html,5/4,São Tomé e Príncipe 1981/82
/tabless/saotome83.html,5/2,São Tomé e Príncipe 1983
/tabless/saotome84.html,5/4,São Tomé e Príncipe 1983/84
/tabless/saotome85.html,5/4,São Tomé e Príncipe 1984/85
/tabless/saotome86.html,5/4,São Tomé e Príncipe 1985/86
/tabless/saotome87.html,5/4,São Tomé e Príncipe 1986/87
/tabless/saotome88.html,5/4,São Tomé e Príncipe 1987/88
/tabless/saotome89.html,5/4,São Tomé e Príncipe 1988/89
/tabless/saotome90.html,6/5,São Tomé e Príncipe 1989/90
/tabless/saotome94.html,6/5,São Tomé e Príncipe 1993/94
/tabless/saotome95.html,5/3,São Tomé e Príncipe 1994/95
/tabless/saotome97.html,5/3,São Tomé e Príncipe 1997
/tabless/saotome99.html,5/5,São Tomé e Príncipe 1999
/tabless/saotomechamp.html,38/43,São Tomé e Príncipe - List of Champions
/tabless/saotomecup92.html,5/2,São Tomé e Príncipe (Cup) 1992
/tabless/saotomecuphist.html,32/43,São Tomé e Príncipe - List of Cup Winners
/tabless/saotomefound.html,1/2,São Tomé e Príncipe - List of Foundation Dates
/tabless/saotomelowchamp.html,1/2,São Tomé e Príncipe - List of Second and Third Level Champions
/tabless/sappada2012.html,0/1,?
/tabless/saprissa-intl.html,2/3,Saprissa - International Matches
/tabless/saprissa-mextrip61.html,1/2,Mexican Trip of Deportivo Saprissa 1961
/tabless/saprissa-trip59.html,3/5,World Trip of Saprissa 1959
/tabless/saprissa-veneztrip59.html,2/2,Saprissa Trip to Venezuela 1959
/tabless/sardegna91.html,1/2,Sardinia Cup in Cagliari (Italy) 1991
/tabless/sarinhena.html,1/2,"Trofeo Villa de Sariñena, Mewmorial Mariano Torres (Sariñena, Huesca)"
/tabless/sark-intres.html,2/2,Sark International Matches
/tabless/sarreguemines-tourn90.html,1/2,Friendly Tournament Sarreguemines 1990
/tabless/sarrivera04.html,1/1,Torneo SAR Rivera (Switzerland)
/tabless/sasol-u23.html,0/2,?
/tabless/sau-friend75.html,0/2,?
/tabless/sau-intres.html,1/2,Saudi Arabia - List of International Matches
/tabless/sau-wc.html,0/2,?
/tabless/sau-wom2019.html,0/1,?
/tabless/sau-wom2020.html,3/2,Saudi Arabia (Women) 2020
/tabless/sau-wom2022.html,3/3,Saudi Arabia (Women) 2021/22
/tabless/sau-wom2023.html,3/3,Saudi Arabia (Women) 2022/23
/tabless/sau-wom2024.html,2/3,Saudi Arabia (Women) 2023/24
/tabless/sau00.html,5/5,Saudi Arabia 1999/2000
/tabless/sau01.html,5/5,Saudi Arabia 2000/01
/tabless/sau02.html,5/4,Saudi Arabia 2001/02
/tabless/sau03.html,5/5,Saudi Arabia 2002/03
/tabless/sau04.html,6/5,Saudi Arabia 2003/04
/tabless/sau05.html,6/5,Saudi Arabia 2004/05
/tabless/sau06.html,6/5,Saudi Arabia 2005/06
/tabless/sau07.html,6/5,Saudi Arabia 2006/07
/tabless/sau08.html,6/5,Saudi Arabia 2007/08
/tabless/sau09.html,6/5,Saudi Arabia 2008/09
/tabless/sau2010.html,6/5,Saudi Arabia 2009/10
/tabless/sau2011.html,6/5,Saudi Arabia 2010/11
/tabless/sau2012.html,6/5,Saudi Arabia 2011/12
/tabless/sau2013.html,6/5,Saudi Arabia 2012/13
/tabless/sau2014.html,6/5,Saudi Arabia 2013/14
/tabless/sau2015.html,6/5,Saudi Arabia 2014/15
/tabless/sau2016.html,6/5,Saudi Arabia 2015/16
/tabless/sau2017.html,6/5,Saudi Arabia 2016/17
/tabless/sau2018.html,6/6,Saudi Arabia 2017/18
/tabless/sau2019.html,6/5,Saudi Arabia 2018/19
/tabless/sau2020.html,6/5,Saudi Arabia 2019/20
/tabless/sau2021.html,6/6,Saudi Arabia 2020/21
/tabless/sau2022.html,6/5,Saudi Arabia 2021/22
/tabless/sau2023.html,6/6,Saudi Arabia 2022/23
/tabless/sau2024.html,6/5,Saudi Arabia 2023/24
/tabless/sau2025.html,6/5,Saudi Arabia 2024/25
/tabless/sau2026.html,5/6,Saudi Arabia 2025/26
/tabless/sau2champ.html,1/2,Saudi Arabia - List of Second Level Champions
/tabless/sau3champ.html,1/2,Saudi Arabia - List of Third Level Champions
/tabless/sau75.html,4/5,Saudi Arabia 1974/75
/tabless/sau76.html,5/6,Saudi Arabia 1975/76
/tabless/sau77.html,5/6,Saudi Arabia 1976/77
/tabless/sau78.html,5/4,Saudi Arabia 1977/78
/tabless/sau79.html,5/4,Saudi Arabia 1978/79
/tabless/sau80.html,5/4,Saudi Arabia 1979/80
/tabless/sau81.html,5/6,Saudi Arabia 1980/81
/tabless/sau82.html,5/4,Saudi Arabia 1981/82
/tabless/sau83.html,5/6,Saudi Arabia 1982/83
/tabless/sau84.html,5/6,Saudi Arabia 1983/84
/tabless/sau85.html,6/4,Saudi Arabia 1984/85
/tabless/sau86.html,6/4,Saudi Arabia 1985/86
/tabless/sau87.html,5/4,Saudi Arabia 1986/87
/tabless/sau88.html,6/5,Saudi Arabia 1987/88
/tabless/sau89.html,6/6,Saudi Arabia 1988/89
/tabless/sau90.html,6/6,Saudi Arabia 1989/90
/tabless/sau91.html,5/4,Saudi Arabia 1990/91
/tabless/sau92.html,6/5,Saudi Arabia 1991/92
/tabless/sau93.html,5/5,Saudi Arabia 1992/93
/tabless/sau94.html,5/5,Saudi Arabia 1993/94
/tabless/sau95.html,5/5,Saudi Arabia 1994/95
/tabless/sau96.html,5/5,Saudi Arabia 1995/96
/tabless/sau97.html,5/6,Saudi Arabia 1996/97
/tabless/sau98.html,5/6,Saudi Arabia 1997/98
/tabless/sau99.html,5/5,Saudi Arabia 1998/99
/tabless/sauchamp.html,53/54,Saudi Arabia - List of Champions
/tabless/saucuphist.html,54/56,Saudi Arabia - List of Cup Winners
/tabless/saufound.html,1/2,Saudi Arabia - Foundation Dates of Clubs
/tabless/sautops.html,1/25,Saudi Arabia - List of Topscorers
/tabless/scania100.html,0/2,?
/tabless/scburgdorf100-98.html,1/2,Centenary of Sportclub Burgdorf 1998 (Switzerland)
/tabless/scc-bataviatrip21.html,3/5,Batavia Trip of Singapore Cricket Club 1921
/tabless/schalke04-50-54.html,1/2,Jubiläumsturnier (50th Anniversary) FC Schalke 04 1954
/tabless/schalke75-79.html,1/2,Tournament of Schalke 04 in 1979
/tabless/schoeller-dd.html,1/2,Walter Schoeller Cup in Derendingen (Switzerland)
/tabless/schuetzi91.html,1/2,Schützi Cup 1991 (Winterthur)
/tabless/scilly.html,31/34,Scilly Islands
/tabless/scilly00.html,4/4,Scilly Islands 1999/00
/tabless/scilly04.html,4/3,Scilly Islands 2003/04
/tabless/scilly05.html,4/3,Scilly Islands 2004/05
/tabless/scilly06.html,4/3,Scilly Islands 2005/06
/tabless/scilly07.html,4/3,Scilly Islands 2006/07
/tabless/scilly08.html,4/3,Scilly Islands 2007/08
/tabless/scilly09.html,4/3,Scilly Islands 2008/09
/tabless/scilly2010.html,4/3,Scilly Islands 2009/10
/tabless/scilly2011.html,4/3,Scilly Islands 2010/11
/tabless/scilly2012.html,4/3,Scilly Islands 2011/12
/tabless/scilly2013.html,4/3,Scilly Islands 2012/13
/tabless/scilly2014.html,4/3,Scilly Islands 2013/14
/tabless/scilly2015.html,4/3,Scilly Islands 2014/15
/tabless/scilly2016.html,4/3,Scilly Islands 2015/16
/tabless/scilly2017.html,4/3,Scilly Islands 2016/17
/tabless/scilly2018.html,4/3,Scilly Islands 2017/18
/tabless/scilly2019.html,4/4,Scilly Islands 2018/19
/tabless/scilly2020.html,4/4,Scilly Islands 2019/20
/tabless/scilly2021.html,4/4,Scilly Islands 2020/21
/tabless/scilly2022.html,4/4,Scilly Islands 2021/22
/tabless/scilly2023.html,4/4,Scilly Islands 2022/23
/tabless/scilly2024.html,4/4,Scilly Islands 2023/24
/tabless/scilly2025.html,4/4,Scilly Islands 2024/25
/tabless/scilly2026.html,3/5,Scilly Islands 2025/26
/tabless/scilly25.html,3/1,Scilly Islands 1924/25
/tabless/scilly26.html,4/3,Scilly Islands 1925/26
/tabless/scilly49.html,4/3,Scilly Islands 1948/49
/tabless/scilly50.html,4/3,Scilly Islands 1949/50
/tabless/scilly92.html,4/3,Scilly Islands 1991/92
/tabless/scilly95.html,4/3,Scilly Islands 1994/95
/tabless/scillyfound.html,1/1,Scilly Islands Foundation Dates
/tabless/scillyonesse.html,1/3,Lyonesse Cup
/tabless/scirea-u16.html,1/2,Coppa Gaetano Scirea (U-16 Tournament)
/tabless/scor-intl.html,148/5,Information on Scorers at International Tournaments
/tabless/scot-dewarshield.html,2/2,Scotland - Dewar Shield 1898-1983
/tabless/scot-eastchamp.html,0/26,East Of Scotland League Champions
/tabless/scot-eastshield.html,2/4,Scotland - Edinburgh Shield/East of Scotland Shield 1881-2016
/tabless/scot-edinburghcuphist.html,2/4,Scotland - Edinburgh Cup 1876-1881
/tabless/scot-glasgowcuphist.html,0/27,The Glasgow Cup 1887-1988
/tabless/scot-highalltime.html,1/2,Scotland - Highland League All-Time Table
/tabless/scot-highchamp.html,11/27,Highland League Champions
/tabless/scot-highhist.html,0/1,?
/tabless/scot-innheb2012.html,5/3,Scotland - Inner Hebrides 2012
/tabless/scot-innheb2015.html,5/4,Scotland - Inner Hebrides 2015
/tabless/scot-innheb2016.html,5/3,Scotland - Inner Hebrides 2016
/tabless/scot-innheb2017.html,5/4,Scotland - Inner Hebrides 2017
/tabless/scot-innheb2018.html,5/4,Scotland - Inner Hebrides 2018
/tabless/scot-innheb2019.html,5/4,Scotland - Inner Hebrides 2019
/tabless/scot-innheb2021.html,5/3,Scotland - Inner Hebrides 2021
/tabless/scot-innheb2022.html,5/4,Scotland - Inner Hebrides 2022
/tabless/scot-innheb2023.html,5/4,Scotland - Inner Hebrides 2023
/tabless/scot-innheb2024.html,5/4,Scotland - Inner Hebrides 2024
/tabless/scot-innheb2025.html,4/3,Scotland - Inner Hebrides 2025
/tabless/scot-innheb72.html,4/2,Scotland - Inner Hebrides 1972
/tabless/scot-innhebchamp.html,13/15,Scotland - Inner Hebrides - List of Champions
/tabless/scot-innhebcuphist.html,10/14,Scotland - Inner Hebrides - List of Cup Winners
/tabless/scot-intres.html,27/41,Scotland - International Results
/tabless/scot-intres-sources.html,14/18,Scotland Internationals - List of Sources
/tabless/scot-intres1880.html,4/4,Scotland - International Matches 1872-1880
/tabless/scot-intres1890.html,5/5,Scotland - International Matches 1881-1890
/tabless/scot-intres1900.html,5/5,Scotland - International Matches 1891-1900
/tabless/scot-intres1910.html,5/5,Scotland - International Matches 1901-1910
/tabless/scot-intres1920.html,5/5,Scotland - International Matches 1911-1920
/tabless/scot-intres1930.html,5/7,Scotland - International Matches 1921-1930
/tabless/scot-intres1939.html,5/5,Scotland - International Matches 1931-1939
/tabless/scot-intres1950.html,5/5,Scotland - International Matches 1946-1950
/tabless/scot-intres1955.html,5/5,Scotland - International Matches 1951-1955
/tabless/scot-intres1960.html,5/5,Scotland - International Matches 1956-1960
/tabless/scot-intres1965.html,5/5,Scotland - International Matches 1961-1965
/tabless/scot-intres1970.html,5/5,Scotland - International Matches 1966-1970
/tabless/scot-intres1975.html,5/4,Scotland - International Matches 1971-1975
/tabless/scot-intres1980.html,5/4,Scotland - International Matches 1976-1980
/tabless/scot-intres1985.html,5/4,Scotland - International Matches 1981-1985
/tabless/scot-intres1990.html,5/4,Scotland - International Matches 1986-1990
/tabless/scot-intres1991.html,0/1,?
/tabless/scot-intres1992.html,0/1,?
/tabless/scot-intres1995.html,5/3,Scotland - International Matches 1991-1995
/tabless/scot-intres2001.html,5/4,Scotland - International Matches 1996-2001
/tabless/scot-intres2002.html,0/1,?
/tabless/scot-intres2003.html,0/1,?
/tabless/scot-intres2004.html,0/1,?
/tabless/scot-intres2005.html,4/3,Scotland - International Matches 2002-2005
/tabless/scot-intres2010.html,4/3,Scotland International Matches 2006-2010
/tabless/scot-intres2015.html,4/3,Scotland International Matches 2011-2015
/tabless/scot-intres2020.html,4/3,Scotland International Matches 2016-2020
/tabless/scot-intres2021.html,4/3,Scotland International Matches 2021-2025
/tabless/scot-intres2026.html,3/2,Scotland International Matches 2026-2030
/tabless/scot-outheb00.html,4/3,Scotland - Outer Hebrides 2000
/tabless/scot-outheb01.html,4/3,Scotland - Outer Hebrides 2001
/tabless/scot-outheb02.html,4/3,Scotland - Outer Hebrides 2002
/tabless/scot-outheb03.html,4/3,Scotland - Outer Hebrides 2003
/tabless/scot-outheb04.html,4/3,Scotland - Outer Hebrides 2004
/tabless/scot-outheb05.html,4/3,Scotland - Outer Hebrides 2005
/tabless/scot-outheb06.html,4/3,Scotland - Outer Hebrides 2006
/tabless/scot-outheb07.html,4/3,Scotland - Outer Hebrides 2007
/tabless/scot-outheb08.html,4/3,Scotland - Outer Hebrides 2008
/tabless/scot-outheb09.html,4/3,Scotland - Outer Hebrides 2009
/tabless/scot-outheb1904.html,3/2,Scotland - Outer Hebrides 1904
/tabless/scot-outheb2010.html,4/3,Scotland - Outer Hebrides 2010
/tabless/scot-outheb2011.html,4/3,Scotland - Outer Hebrides 2011
/tabless/scot-outheb2012.html,4/3,Scotland - Outer Hebrides 2012
/tabless/scot-outheb2013.html,4/3,Scotland - Outer Hebrides 2013
/tabless/scot-outheb2014.html,4/3,Scotland - Outer Hebrides 2014
/tabless/scot-outheb2015.html,4/4,Scotland - Outer Hebrides 2015
/tabless/scot-outheb2016.html,4/4,Scotland - Outer Hebrides 2016
/tabless/scot-outheb2017.html,4/4,Scotland - Outer Hebrides 2017
/tabless/scot-outheb2018.html,4/4,Scotland - Outer Hebrides 2018
/tabless/scot-outheb2019.html,4/3,Scotland - Outer Hebrides 2019
/tabless/scot-outheb2021.html,4/3,Scotland - Outer Hebrides 2021
/tabless/scot-outheb2022.html,4/3,Scotland - Outer Hebrides 2022
/tabless/scot-outheb2023.html,4/3,Scotland - Outer Hebrides 2023
/tabless/scot-outheb2024.html,4/5,Scotland - Outer Hebrides 2024
/tabless/scot-outheb2025.html,5/3,Scotland - Outer Hebrides 2025
/tabless/scot-outheb37.html,4/4,Scotland - Outer Hebrides 1937
/tabless/scot-outheb38.html,4/4,Scotland - Outer Hebrides 1938
/tabless/scot-outheb39.html,4/2,Scotland - Outer Hebrides 1939
/tabless/scot-outheb46.html,4/3,Scotland - Outer Hebrides 1946
/tabless/scot-outheb47.html,4/3,Scotland - Outer Hebrides 1947
/tabless/scot-outheb49.html,4/3,Scotland - Outer Hebrides 1949
/tabless/scot-outheb50.html,4/3,Scotland - Outer Hebrides 1950
/tabless/scot-outheb53.html,4/3,Scotland - Outer Hebrides 1953
/tabless/scot-outheb54.html,4/3,Scotland - Outer Hebrides 1954
/tabless/scot-outheb62.html,4/3,Scotland - Outer Hebrides 1962
/tabless/scot-outheb63.html,4/3,Scotland - Outer Hebrides 1963
/tabless/scot-outheb64.html,4/4,Scotland - Outer Hebrides 1964
/tabless/scot-outheb65.html,4/3,Scotland - Outer Hebrides 1965
/tabless/scot-outheb66.html,4/3,Scotland - Outer Hebrides 1966
/tabless/scot-outheb67.html,4/3,Scotland - Outer Hebrides 1967
/tabless/scot-outheb68.html,4/3,Scotland - Outer Hebrides 1968
/tabless/scot-outheb69.html,4/3,Scotland - Outer Hebrides 1969
/tabless/scot-outheb70.html,4/3,Scotland - Outer Hebrides 1970
/tabless/scot-outheb71.html,4/3,Scotland - Outer Hebrides 1971
/tabless/scot-outheb72.html,4/3,Scotland - Outer Hebrides 1972
/tabless/scot-outheb73.html,4/3,Scotland - Outer Hebrides 1973
/tabless/scot-outheb74.html,4/3,Scotland - Outer Hebrides 1974
/tabless/scot-outheb75.html,4/3,Scotland - Outer Hebrides 1975
/tabless/scot-outheb76.html,4/3,Scotland - Outer Hebrides 1976
/tabless/scot-outheb77.html,4/3,Scotland - Outer Hebrides 1977
/tabless/scot-outheb78.html,4/3,Scotland - Outer Hebrides 1978
/tabless/scot-outheb79.html,4/3,Scotland - Outer Hebrides 1979
/tabless/scot-outheb80.html,4/3,Scotland - Outer Hebrides 1980
/tabless/scot-outheb81.html,4/3,Scotland - Outer Hebrides 1981
/tabless/scot-outheb82.html,4/3,Scotland - Outer Hebrides 1982
/tabless/scot-outheb83.html,4/3,Scotland - Outer Hebrides 1983
/tabless/scot-outheb84.html,4/3,Scotland - Outer Hebrides 1984
/tabless/scot-outheb85.html,4/3,Scotland - Outer Hebrides 1985
/tabless/scot-outheb86.html,4/3,Scotland - Outer Hebrides 1986
/tabless/scot-outheb87.html,4/3,Scotland - Outer Hebrides 1987
/tabless/scot-outheb88.html,4/3,Scotland - Outer Hebrides 1988
/tabless/scot-outheb89.html,4/3,Scotland - Outer Hebrides 1989
/tabless/scot-outheb90.html,4/3,Scotland - Outer Hebrides 1990
/tabless/scot-outheb91.html,4/3,Scotland - Outer Hebrides 1991
/tabless/scot-outheb92.html,4/3,Scotland - Outer Hebrides 1992
/tabless/scot-outheb93.html,4/3,Scotland - Outer Hebrides 1993
/tabless/scot-outheb94.html,4/3,Scotland - Outer Hebrides 1994
/tabless/scot-outheb95.html,4/3,Scotland - Outer Hebrides 1995
/tabless/scot-outheb96.html,4/3,Scotland - Outer Hebrides 1996
/tabless/scot-outheb97.html,4/3,Scotland - Outer Hebrides 1997
/tabless/scot-outheb98.html,4/3,Scotland - Outer Hebrides 1998
/tabless/scot-outheb99.html,4/3,Scotland - Outer Hebrides 1999
/tabless/scot-outhebchamp.html,74/76,Scotland - Outer Hebrides - List of Champions
/tabless/scot-outhebcuphist.html,10/3,Scotland - Outer Hebrides - List of Cup Winners
/tabless/scot-southchamp.html,0/26,South Of Scotland League Champions
/tabless/scot-unoff-intres.html,10/11,Scotland - Unofficial Matches Results
/tabless/scot-unoff-intres1891.html,4/3,Scotland Unofficial Matches 1870-1891
/tabless/scot-unoff-intres1919.html,5/4,Scotland Unofficial Matches 1902-1919
/tabless/scot-unoff-intres1927.html,5/3,Scotland Unofficial Matches 1927
/tabless/scot-unoff-intres1935.html,5/4,Scotland Unofficial Matches 1929-1935
/tabless/scot-unoff-intres1945.html,5/4,Scotland Unofficial Matches 1939-1945
/tabless/scot-unoff-intres1959.html,5/4,Scotland Unofficial Matches 1946-1959
/tabless/scot-unoff-intres1967.html,5/4,Scotland Unofficial Matches 1960-1967
/tabless/scot-unoff-intres1990.html,4/3,Scotland Unofficial Matches 1971-1990
/tabless/scot-wom00.html,0/1,?
/tabless/scot-wom01.html,0/1,?
/tabless/scot-wom02.html,0/1,?
/tabless/scot-wom03.html,0/1,?
/tabless/scot-wom04.html,0/2,?
/tabless/scot-wom05.html,0/2,?
/tabless/scot-wom06.html,0/2,?
/tabless/scot-wom07.html,0/2,?
/tabless/scot-wom08.html,0/3,?
/tabless/scot-wom09.html,5/3,Scotland (Women) 2008/09
/tabless/scot-wom09a.html,0/4,?
/tabless/scot-wom2010.html,5/4,Scotland (Women) 2010
/tabless/scot-wom2011.html,5/5,Scotland (Women) 2011
/tabless/scot-wom2012.html,5/5,Scotland (Women) 2012
/tabless/scot-wom2013.html,5/4,Scotland (Women) 2013
/tabless/scot-wom2014.html,0/4,?
/tabless/scot-wom2015.html,5/4,Scotland (Women) 2015
/tabless/scot-wom2016.html,5/5,Scotland (Women) 2016
/tabless/scot-wom2017.html,5/5,Scotland (Women) 2017
/tabless/scot-wom2018.html,5/5,Scotland (Women) 2018
/tabless/scot-wom2019.html,5/5,Scotland (Women) 2019
/tabless/scot-wom2020.html,5/5,Scotland (Women) 2020
/tabless/scot-wom2021.html,5/4,Scotland (Women) 2020/21
/tabless/scot-wom2022.html,5/5,Scotland (Women) 2021/22
/tabless/scot-wom2023.html,5/5,Scotland (Women) 2022/23
/tabless/scot-wom2024.html,5/5,Scotland (Women) 2023/24
/tabless/scot-wom2025.html,4/5,Scotland (Women) 2024/25
/tabless/scot-wom93.html,0/1,?
/tabless/scot-wom94.html,0/1,?
/tabless/scot-wom95.html,0/1,?
/tabless/scot-wom96.html,0/1,?
/tabless/scot-wom97.html,0/1,?
/tabless/scot-wom98.html,0/1,?
/tabless/scot-wom99.html,0/1,?
/tabless/scot-womchamp.html,24/18,Scotland (Women) - List of Champions
/tabless/scot-womcuphist.html,34/18,Scotland (Women) - List of Cup Winners
/tabless/scot00.html,12/9,Scotland 1999/2000
/tabless/scot01.html,12/8,Scotland 2000/01
/tabless/scot02.html,12/7,SCOTTISH FOOTBALL REVIEW SEASON 2001/02
/tabless/scot03.html,16/7,Scotland 2002/03
/tabless/scot04.html,16/7,Scotland 2003/04
/tabless/scot05.html,16/7,Scotland 2004/05
/tabless/scot06.html,16/6,Scotland 2005/06
/tabless/scot07.html,16/7,Scotland 2006/07
/tabless/scot08.html,16/7,Scotland 2007/08
/tabless/scot09.html,16/5,Scotland 2008/09
/tabless/scot15.html,15/6,Scotland 1914/15
/tabless/scot16.html,15/6,Scotland 1915/16
/tabless/scot17.html,15/6,Scotland 1916/17
/tabless/scot18.html,15/6,Scotland 1917/18
/tabless/scot1891.html,14/6,Scotland 1890/91
/tabless/scot1892.html,15/6,Scotland 1891/92
/tabless/scot1893.html,15/6,Scotland 1892/93
/tabless/scot1894.html,15/6,Scotland 1893/94
/tabless/scot1895.html,15/6,Scotland 1894/95
/tabless/scot1896.html,15/7,Scotland 1895/96
/tabless/scot1897.html,15/6,Scotland 1896/97
/tabless/scot19.html,15/6,Scotland 1918/19
/tabless/scot1900.html,15/6,Scotland 1899/00
/tabless/scot1901.html,15/6,Scotland 1900/01
/tabless/scot1902.html,15/6,Scotland 1901/02
/tabless/scot1903.html,15/6,Scotland 1902/03
/tabless/scot1904.html,15/6,Scotland 1903/04
/tabless/scot1905.html,15/6,Scotland 1904/05
/tabless/scot1910.html,15/5,Scotland 1909/10
/tabless/scot2010.html,16/7,Scotland 2009/10
/tabless/scot2011.html,16/7,Scotland 2010/11
/tabless/scot2012.html,16/7,Scotland 2011/12
/tabless/scot2013.html,16/7,Scotland 2012/13
/tabless/scot2014.html,16/7,Scotland 2013/14
/tabless/scot2015.html,16/7,Scotland 2014/15
/tabless/scot2016.html,16/7,Scotland 2015/16
/tabless/scot2017.html,16/7,Scotland 2016/17
/tabless/scot2018.html,16/7,Scotland 2017/18
/tabless/scot2019.html,16/7,Scotland 2018/19
/tabless/scot2020.html,16/7,Scotland 2019/20
/tabless/scot2021.html,16/6,Scotland 2020/21
/tabless/scot2022.html,16/7,Scotland 2021/22
/tabless/scot2023.html,16/7,Scotland 2022/23
/tabless/scot2024.html,16/7,Scotland 2023/24
/tabless/scot2025.html,16/8,Scotland 2024/25
/tabless/scot2026.html,15/8,Scotland 2025/26
/tabless/scot2alltime.html,1/2,Scotland - All-Time Table Second Level 1893-2005
/tabless/scot2champ.html,2/95,Scotland - List of 2nd Level Champions
/tabless/scot2hist.html,2/45,Scotland - Final Tables Second Level 1894-2005
/tabless/scot3alltime.html,1/2,Scotland - All-Time Table Third Level 1924-2005
/tabless/scot3champ.html,2/94,Scotland - List of 3rd Level Champions
/tabless/scot3hist.html,2/45,Scotland - Final Tables Third Level 1924-2004
/tabless/scot47.html,15/7,Scotland 1946/47
/tabless/scot4champ.html,1/93,Scotland - List of 4th Level Champions
/tabless/scot60.html,15/5,Scotland 1959/60
/tabless/scot61.html,15/5,Scotland 1960/61
/tabless/scot62.html,15/5,Scotland 1961/62
/tabless/scot63.html,15/5,Scotland 1962/63
/tabless/scot64.html,15/5,Scotland 1963/64
/tabless/scot65.html,15/5,Scotland 1964/65
/tabless/scot66.html,15/6,Scotland 1965/66
/tabless/scot67.html,15/6,Scotland 1966/67
/tabless/scot76.html,15/6,Scotland 1975/76
/tabless/scot77.html,15/6,Scotland 1976/77
/tabless/scot78.html,15/6,Scotland 1977/78
/tabless/scot79.html,15/6,Scotland 1978/79
/tabless/scot80.html,15/6,Scotland 1979/80
/tabless/scot86.html,15/6,Scotland 1985/86
/tabless/scot90.html,15/6,Scotland 1989/90
/tabless/scot91.html,12/3,Scotland 1990/91
/tabless/scot92.html,12/3,Scotland 1991/92
/tabless/scot93.html,15/6,Scotland 1992/93
/tabless/scot94.html,15/6,Scotland 1993/94
/tabless/scot95.html,15/6,Scotland 1994/95
/tabless/scot96.html,15/6,Scotland 1995/96
/tabless/scot97.html,15/10,Scotland 1996/97
/tabless/scot98.html,15/9,Scotland 1997/98
/tabless/scot99.html,15/9,Scotland 1998/99
/tabless/scotall.html,1/94,Scotland - List of Divisional Movements
/tabless/scotalltime.html,1/93,Scotland - All-Time Table
/tabless/scotamacuphist.html,1/2,Scotland - Amateur Cup
/tabless/scotchamp.html,70/95,Scotland - List of Champions
/tabless/scotchcuphist.html,35/6,Scottish League Challenge Cup Finals
/tabless/scotcup00.html,11/1,Scotland Cup 1999/2000
/tabless/scotcup01.html,11/1,Scotland Cup 2000/01
/tabless/scotcup02.html,11/1,Scotland FA Cup 2001/02
/tabless/scotcup03.html,11/1,Scotland FA Cup 2002/03
/tabless/scotcup04.html,11/1,Scotland FA Cup 2003/04
/tabless/scotcup05.html,11/1,Scotland Cup 2004/05
/tabless/scotcup06.html,11/1,Scotland Cup 2005/06
/tabless/scotcup07.html,11/1,Scotland Cup 2006/07
/tabless/scotcup08.html,11/1,Scotland Cup 2007/08
/tabless/scotcup09.html,11/1,Scotland Cup 2008/09
/tabless/scotcup98.html,12/1,Scotland Cup 1997/98
/tabless/scotcup99.html,12/1,Scotland Cup 1998/99
/tabless/scotcuphist.html,32/96,Scotland - List of Cup Finals
/tabless/scotcuphistfull.html,2/4,Scotland - Cup Results 1873/74-1877/78 and 1889/90-1995/96
/tabless/scotfound.html,1/2,Scotland - List of Foundation Dates
/tabless/scothist.html,43/43,Scotland - List of Final Tables 1891-1999
/tabless/scotlandxi-asotour67.html,2/2,Scotland XI Tour of Asia and Oceania 1967
/tabless/scotleagcup00.html,8/1,Scotland League Cup 1999/2000
/tabless/scotleagcup01.html,8/1,Scotland League Cup 2000/01
/tabless/scotleagcup02.html,11/2,Scotland League Cup 2001/02
/tabless/scotleagcup03.html,11/2,Scotland League Cup 2002/03
/tabless/scotleagcup04.html,11/2,Scotland League Cup 2003/04
/tabless/scotleagcup05.html,11/2,Scotland League Cup 2004/05
/tabless/scotleagcup06.html,11/2,Scotland League Cup 2005/06
/tabless/scotleagcup07.html,12/2,Scotland League Cup 2006/07
/tabless/scotleagcup08.html,12/2,Scotland League Cup 2007/08
/tabless/scotleagcup09.html,12/2,Scotland League Cup 2008/09
/tabless/scotleagcuphist.html,30/95,Scotland - List of League Cup Finals
/tabless/scotplall.html,1/2,Scotland - Final Placings
/tabless/scotqualcuphist.html,1/95,Scotland - List of Qualifying Cup Finals
/tabless/scotshirecuphist.html,5/3,Scotland - List of Regional Cup Winners
/tabless/scottops.html,1/2,Scotland - List of Topscorers
/tabless/scottops-allt.html,1/4,Scotland - All-Time Topscorers
/tabless/scozwires.html,1/2,Scotland-Switzerland matches
/tabless/sdk5jaar84.html,0/2,?
/tabless/sds81.html,1/2,SDS Cup 1981 (Ikast)
/tabless/sea01.html,6/5,"South East Asian Games 2001 (Kuala Lumpur, Malaysia)"
/tabless/sea01-det.html,4/2,"South East Asian Games 2001 (Kuala Lumpur, Malaysia) - Match Details"
/tabless/sea03.html,6/5,"South East Asian Games 2003 (Hanoi & Ho Chi Minh City, Vietnam)"
/tabless/sea03-det.html,4/1,"South East Asian Games 2003 (Hanoi & Ho Chi Minh City, Vietnam) - Match Details"
/tabless/sea05.html,6/5,"South East Asian Games 2005 (Manila, Philippines)"
/tabless/sea07.html,5/4,South East Asian Games 2007 (Thailand)
/tabless/sea09.html,5/4,South East Asian Games 2009 (Vientiane)
/tabless/sea2011.html,4/3,South East Asian Games 2011 (Jakarta)
/tabless/sea2013.html,5/4,South East Asian Games 2013 (Nay Pyi Taw)
/tabless/sea2015.html,4/3,South East Asian Games 2015 (Singapore)
/tabless/sea2017.html,5/5,South East Asian Games 2017 (Malaysia)
/tabless/sea2019.html,5/4,South East Asian Games 2019 (Philippines)
/tabless/sea2022.html,5/4,South East Asian Games 2022 (Vietnam)
/tabless/sea2023.html,5/4,South East Asian Games 2023 (Cambodia)
/tabless/sea2025.html,4/5,South East Asian Games 2025 (Thailand)
/tabless/sea56.html,3/2,"South East Asian Games 1956 (Manila, Philippines)"
/tabless/sea59.html,4/4,"South East Asian Peninsula Games 1959 (Bangkok, Thailand)"
/tabless/sea61.html,4/4,"South East Asian Peninsula Games 1961 (Rangoon, Burma)"
/tabless/sea65.html,4/4,"South East Asian Peninsula Games 1965 (Kuala Lumpur, Malaysia)"
/tabless/sea67.html,4/4,"South East Asian Peninsula Games 1967 (Bangkok, Thailand)"
/tabless/sea69.html,4/4,"South East Asian Peninsula Games 1969 (Rangoon, Burma)"
/tabless/sea71.html,4/3,"South East Asian Peninsula Games 1971 (Kuala Lumpur, Malaysia)"
/tabless/sea73.html,4/4,South East Asian Peninsula Games 1973 (Singapore)
/tabless/sea75.html,4/4,"South East Asian Peninsula Games 1975 (Bangkok, Thailand)"
/tabless/sea77.html,4/4,"South East Asian Games 1977 (Kuala Lumpur, Malaysia)"
/tabless/sea79.html,4/4,"South East Asian Games 1979 (Jakarta, Indonesia)"
/tabless/sea81.html,4/3,South East Asian Games 1981 (Manila)
/tabless/sea83.html,4/4,South East Asian Games 1983 (Singapore)
/tabless/sea85.html,5/5,"South East Asian Games 1985 (Bangkok, Thailand)"
/tabless/sea87.html,4/4,"South East Asian Games 1987 (Jakarta, Indonesia)"
/tabless/sea89.html,4/4,"South East Asian Games 1989 (Kuala Lumpur, Malaysia)"
/tabless/sea91.html,4/4,"South East Asian Games 1991 (Manila, Philippines)"
/tabless/sea93.html,4/3,South East Asian Games 1993 (Singapore)
/tabless/sea95.html,5/4,South East Asian Games 1995 (Thailand)
/tabless/sea97.html,5/4,"South East Asian Games 1997 (Jakarta, Indonesia)"
/tabless/sea99.html,5/4,"South East Asian Games 1999 (Bandar Seri Begawan, Brunei)"
/tabless/sea99-det.html,3/2,"South East Asian Games 1999 Details (Bandar Seri Begawan, Brunei)"
/tabless/seat-pg.html,1/1,Trofeo Seat Pagine Gialle (Italy)
/tabless/seatiger.html,17/19,Tiger Cup and AFF Cup
/tabless/seawom-games.html,16/16,SEA Games (Women's Tournament)
/tabless/seawom01.html,5/5,"South East Asian Games 2001 Women's Tournament (Kuala Lumpur, Malaysia)"
/tabless/seawom03.html,5/5,South East Asian Games 2003 Women's Tournament (Vietnam)
/tabless/seawom05.html,5/4,South East Asian Games 2005 Women's Tournament (Marikina City)
/tabless/seawom07.html,5/4,South East Asian Games 2007 Women's Tournament (Thailand)
/tabless/seawom09.html,5/4,South East Asian Games 2009 Women's Tournament (Vientiane)
/tabless/seawom2013.html,5/4,South East Asian Games 2013 Women's Tournament (Mandalay)
/tabless/seawom2017.html,5/4,South East Asian Games 2017 Women's Tournament (Malaysia)
/tabless/seawom2019.html,5/4,South East Asian Games 2019 Women's Tournament (Philippines)
/tabless/seawom2022.html,5/4,South East Asian Games 2022 Women's Tournament (Vietnam)
/tabless/seawom2023.html,5/4,South East Asian Games 2023 Women's Tournament (Cambodia)
/tabless/seawom2025.html,4/4,South East Asian Games 2025 Women's Tournament (Thailand)
/tabless/seawom85.html,4/4,"South East Asian Games 1985 Women's Tournament (Bangkok, Thailand)"
/tabless/seawom95.html,5/5,"South East Asian Games 1995 Women's Tournament (Chiang Mai, Thailand)"
/tabless/seawom97.html,5/5,"South East Asian Games 1997 Women's Tournament (Jakarta, Indonesia)"
/tabless/sedan-tourn92.html,1/2,Friendly Tournament Sedan 1992
/tabless/seeland.html,2/3,Seeland Cup (Switzerland)
/tabless/segovia.html,1/2,Trofeos de Segovia
/tabless/selangor-nz78.html,2/2,Selangor Tour of New Zealand 1978
/tabless/sempione.html,1/2,Sempione Cup (Switzerland)
/tabless/sendai-u19.html,0/2,?
/tabless/sene-intres.html,1/2,Senegal - List of International Matches
/tabless/sene-wom01.html,0/1,?
/tabless/sene-wom02.html,0/1,?
/tabless/sene-wom03.html,0/2,?
/tabless/sene-wom04.html,0/2,?
/tabless/sene-wom05.html,0/2,?
/tabless/sene-wom06.html,0/2,?
/tabless/sene-wom07.html,0/1,?
/tabless/sene-wom09.html,0/2,?
/tabless/sene-wom2010.html,0/2,?
/tabless/sene-wom2011.html,0/2,?
/tabless/sene-wom2012.html,0/2,?
/tabless/sene-wom2013.html,0/2,?
/tabless/sene-wom2014.html,0/2,?
/tabless/sene-wom2015.html,0/2,?
/tabless/sene-wom2016.html,0/2,?
/tabless/sene-wom2017.html,0/1,?
/tabless/sene-wom2018.html,0/2,?
/tabless/sene-wom2019.html,0/2,?
/tabless/sene-wom2020.html,0/1,?
/tabless/sene-wom2021.html,0/1,?
/tabless/sene-wom2022.html,0/2,?
/tabless/sene-wom2023.html,0/3,?
/tabless/sene-wom2024.html,5/5,Senegal (Women) 2023/24
/tabless/sene-wom2025.html,4/3,Senegal (Women) 2024/25
/tabless/sene-womchamp.html,24/3,Senegal - List of Women Champions
/tabless/sene-womcuphist.html,19/4,Senegal - List of Women Cup Winners
/tabless/sene00.html,5/5,Senegal 2000
/tabless/sene01.html,6/6,Senegal 2000/01
/tabless/sene02.html,5/5,Senegal 2001/02
/tabless/sene03.html,5/4,Senegal 2002/03
/tabless/sene04.html,5/5,Senegal 2003/04
/tabless/sene05.html,5/5,Senegal 2005
/tabless/sene06.html,5/5,Senegal 2006
/tabless/sene07.html,5/5,Senegal 2006/07
/tabless/sene08.html,5/5,Senegal 2008
/tabless/sene09.html,5/5,Senegal 2009
/tabless/sene2010.html,5/5,Senegal 2010
/tabless/sene2011.html,5/5,Senegal 2010/11
/tabless/sene2012.html,5/5,Senegal 2011/12
/tabless/sene2013.html,5/5,Senegal 2013
/tabless/sene2014.html,5/5,Senegal 2013/14
/tabless/sene2015.html,5/5,Senegal 2014/15
/tabless/sene2016.html,5/5,Senegal 2015/16
/tabless/sene2017.html,5/5,Senegal 2016/17
/tabless/sene2018.html,5/5,Senegal 2017/18
/tabless/sene2019.html,5/5,Senegal 2018/19
/tabless/sene2020.html,5/5,Senegal 2019/20
/tabless/sene2021.html,5/5,Senegal 2021
/tabless/sene2022.html,5/5,Senegal 2021/22
/tabless/sene2023.html,5/5,Senegal 2022/23
/tabless/sene2024.html,5/5,Senegal 2023/24
/tabless/sene2025.html,5/5,Senegal 2024/25
/tabless/sene2026.html,4/6,Senegal 2025/26
/tabless/sene2champ.html,1/1,Senegal - List of Second Level Champions
/tabless/sene33.html,4/1,Senegal 1932/33
/tabless/sene56.html,5/3,Senegal 1956
/tabless/sene57.html,5/4,Senegal 1956/57
/tabless/sene58.html,5/3,Senegal 1958
/tabless/sene59.html,5/3,Senegal 1958/59
/tabless/sene60.html,5/3,Senegal 1959/60
/tabless/sene63.html,5/3,Senegal 1962/63
/tabless/sene66.html,5/3,Senegal 1965/66
/tabless/sene70.html,5/3,Senegal 1969/70
/tabless/sene77.html,5/3,Senegal 1976/77
/tabless/sene79.html,5/3,Senegal 1978/79
/tabless/sene81.html,5/4,Senegal 1981
/tabless/sene82.html,5/4,Senegal 1982
/tabless/sene84.html,6/3,Senegal 1984
/tabless/sene89.html,5/5,Senegal 1988/89
/tabless/sene90.html,5/3,Senegal 1989/90
/tabless/sene91.html,5/5,Senegal 1990/91
/tabless/sene92.html,6/6,Senegal 1991/92
/tabless/sene93.html,5/4,Senegal 1992/93
/tabless/sene94.html,5/4,Senegal 1993/94
/tabless/sene95.html,5/6,Senegal 1995
/tabless/sene96.html,5/4,Senegal 1996
/tabless/sene97.html,5/5,Senegal 1997
/tabless/sene98.html,5/5,Senegal 1998
/tabless/sene99.html,5/5,Senegal 1999
/tabless/senechamp.html,47/56,Senegal - List of Champions
/tabless/senecup80.html,5/3,Senegal Cup 1980
/tabless/senecup88.html,5/3,Senegal Cup 1988
/tabless/senecuphist.html,48/57,Senegal - List of Cup Winners
/tabless/senefound.html,1/2,Senegal - List of Foundation Dates
/tabless/seoul-invit83.html,1/3,Seoul Invitational Tournament 1983
/tabless/seoulfctrip58.html,1/2,Seoul FC (South Korea) tour of Asia 1958
/tabless/seoulolympicstadium84.html,0/2,?
/tabless/serb-intres.html,7/6,Serbia - List of International Matches
/tabless/sergichamp.html,0/8,Sergipe State League - List of Champions
/tabless/sergipe00.html,3/2,Sergipe State League 2000
/tabless/sergipe2-97.html,3/2,Sergipe State League Second Division 1997
/tabless/sergipe77.html,3/3,Sergipe State League 1977
/tabless/sergipe78.html,4/3,Sergipe State League 1978
/tabless/sergipe84.html,4/3,Sergipe State League 1984
/tabless/sergipe97.html,5/4,Sergipe State League 1997
/tabless/sergipe98.html,4/3,Sergipe State League 1998
/tabless/sergipe99.html,4/3,Sergipe State League 1999
/tabless/sermon-intres.html,10/8,Yugoslavia/Serbia and Montenegro - List of International Matches
/tabless/serv-wom07.html,5/2,Serbia (Women) 2006/07
/tabless/serv-wom08.html,0/3,?
/tabless/serv-wom09.html,5/4,Serbia (Women) 2008/09
/tabless/serv-wom20.html,6/4,"Kingdom of Slovenes, Croats and Serbs - Serbia 1919/20"
/tabless/serv-wom2010.html,5/4,Serbia (Women) 2009/10
/tabless/serv-wom2011.html,5/4,Serbia (Women) 2010/11
/tabless/serv-wom2012.html,5/3,Serbia (Women) 2011/12
/tabless/serv-wom2013.html,0/3,?
/tabless/serv-wom2014.html,5/3,Serbia (Women) 2013/14
/tabless/serv-wom2015.html,5/4,Serbia (Women) 2014/15
/tabless/serv-wom2016.html,5/4,Serbia (Women) 2015/16
/tabless/serv-wom2017.html,5/4,Serbia (Women) 2016/17
/tabless/serv-wom2018.html,5/4,Serbia (Women) 2017/18
/tabless/serv-wom2019.html,5/4,Serbia (Women) 2018/19
/tabless/serv-wom2020.html,5/5,Serbia (Women) 2019/20
/tabless/serv-wom2021.html,5/5,Serbia (Women) 2020/21
/tabless/serv-wom2022.html,5/5,Serbia (Women) 2021/22
/tabless/serv-wom2023.html,5/5,Serbia (Women) 2022/23
/tabless/serv-wom2024.html,4/5,Serbia (Women) 2023/24
/tabless/serv-wom21.html,8/6,"Kingdom of Slovenes, Croats and Serbs 1920/21"
/tabless/serv07.html,9/5,Serbia 2006/07
/tabless/serv08.html,9/5,Serbia 2007/08
/tabless/serv09.html,9/4,Serbia 2008/09
/tabless/serv1914.html,4/2,Serbia 1914
/tabless/serv2010.html,9/5,Serbia 2009/10
/tabless/serv2011.html,9/5,Serbia 2010/11
/tabless/serv2012.html,9/5,Serbia 2011/12
/tabless/serv2013.html,9/5,Serbia 2012/13
/tabless/serv2014.html,9/5,Serbia 2013/14
/tabless/serv2015.html,9/5,Serbia 2014/15
/tabless/serv2016.html,9/5,Serbia 2015/16
/tabless/serv2017.html,9/5,Serbia 2016/17
/tabless/serv2018.html,9/5,Serbia 2017/18
/tabless/serv2019.html,9/5,Serbia 2018/19
/tabless/serv2020.html,9/5,Serbia 2019/20
/tabless/serv2021.html,9/5,Serbia 2020/21
/tabless/serv2022.html,9/5,Serbia 2021/22
/tabless/serv2023.html,9/5,Serbia 2022/23
/tabless/serv2024.html,9/5,Serbia 2023/24
/tabless/serv2025.html,9/5,Serbia 2024/25
/tabless/serv2026.html,8/6,Serbia 2025/26
/tabless/serv2champ.html,1/2,Serbia (and Montenegro) - List of Second Level Champions
/tabless/servalltime.html,1/2,Serbia - All Time Table 2006/07-2025/26
/tabless/servcup07.html,7/1,Serbia Cup 2006/07
/tabless/servcup08.html,7/1,Serbia Cup 2007/08
/tabless/servcup09.html,8/1,Serbia Cup 2008/09
/tabless/servette-juniors.html,1/3,Tournoi Juniors du Servette FC
/tabless/servette100-90.html,3/4,Centenary of Servette FC Genève - 1990
/tabless/servette70-60.html,3/4,70th Anniversary of Servette FC Genève - 1960
/tabless/servette75-65.html,3/4,75th Anniversary of Servette FC Genève - 1965
/tabless/servplall.html,1/2,Serbia - All Time Final Placings 2006/07-2025/26
/tabless/sevilla-in-arg.html,1/4,Sevilla FC Friendly Matches in Argentina
/tabless/sevilla50-55.html,1/2,Trofeo Bodas de Oro del Sevilla FC 1955
/tabless/sey-3nat-06.html,0/1,?
/tabless/sey-intres.html,1/2,Seychelles - List of International Matches
/tabless/sey-tri07.html,1/2,Seychelles Tournament 2007
/tabless/sey-tri08.html,1/1,Triangular Tournament 2008 (Seychelles)
/tabless/sey-wom00.html,4/3,Seychelles Women 2000
/tabless/sey-wom01.html,0/3,?
/tabless/sey-wom02.html,0/2,?
/tabless/sey-wom03.html,0/2,?
/tabless/sey-wom04.html,0/2,?
/tabless/sey-wom05.html,0/2,?
/tabless/sey-wom06.html,0/2,?
/tabless/sey-wom07.html,0/2,?
/tabless/sey-wom08.html,0/2,?
/tabless/sey-wom09.html,0/2,?
/tabless/sey-wom2010.html,0/3,?
/tabless/sey-wom2011.html,5/2,Seychelles Women 2011
/tabless/sey-wom2019.html,0/2,?
/tabless/sey-wom2021.html,0/1,?
/tabless/sey-wom2022.html,0/2,?
/tabless/sey-wom2024.html,4/2,Seychelles Women 2024/25
/tabless/sey-womchamp.html,16/4,Seychelles - List of Women Champions
/tabless/sey-womcuphist.html,13/4,Seychelles - List of Women Cup Winners
/tabless/sey-youth05.html,4/1,Seychelles Youth Championships 2005
/tabless/sey00.html,5/5,Seychelles 2000
/tabless/sey01.html,5/5,Seychelles 2001
/tabless/sey02.html,5/5,Seychelles 2002
/tabless/sey03.html,5/4,Seychelles 2003
/tabless/sey04.html,5/6,Seychelles 2004
/tabless/sey05.html,5/4,Seychelles 2005
/tabless/sey06.html,5/5,Seychelles 2006
/tabless/sey07.html,5/5,Seychelles 2007
/tabless/sey08.html,5/5,Seychelles 2008
/tabless/sey09.html,5/5,Seychelles 2009
/tabless/sey2010.html,5/5,Seychelles 2010
/tabless/sey2011.html,5/5,Seychelles 2011
/tabless/sey2012.html,5/5,Seychelles 2012
/tabless/sey2013.html,5/5,Seychelles 2013
/tabless/sey2014.html,5/5,Seychelles 2014
/tabless/sey2015.html,5/5,Seychelles 2015
/tabless/sey2016.html,5/5,Seychelles 2016
/tabless/sey2017.html,5/5,Seychelles 2017
/tabless/sey2018.html,5/5,Seychelles 2018
/tabless/sey2019.html,5/3,Seychelles 2019
/tabless/sey2020.html,5/5,Seychelles 2019/20
/tabless/sey2021.html,5/4,Seychelles 2020/21
/tabless/sey2022.html,5/5,Seychelles 2021/22
/tabless/sey2023.html,5/5,Seychelles 2022/23
/tabless/sey2024.html,5/5,Seychelles 2023/24
/tabless/sey2025.html,5/5,Seychelles 2024/25
/tabless/sey2026.html,4/6,Seychelles 2025/26
/tabless/sey88.html,5/3,Seychelles 1988
/tabless/sey90.html,6/4,Seychelles 1990
/tabless/sey94.html,6/4,Seychelles 1994
/tabless/sey95.html,5/3,Seychelles 1995
/tabless/sey96.html,5/3,Seychelles 1996
/tabless/sey97.html,5/3,Seychelles 1997
/tabless/sey98.html,5/5,Seychelles 1998
/tabless/sey99.html,5/5,Seychelles 1999
/tabless/seychamp.html,36/40,Seychelles - List of Champions
/tabless/seycup93.html,5/3,Seychelles Cup 1993
/tabless/seycuphist.html,30/40,Seychelles - List of Cup Winners
/tabless/seyfound.html,2/2,Seychelles - List of Foundation Dates
/tabless/sfa77.html,0/2,?
/tabless/sfvcent95.html,0/2,?
/tabless/sgobbrithond.html,0/1,?
/tabless/sha-ab-friendship99.html,1/1,Third Al Sha'ab Friendship Tournament 1999 (Sharjah)
/tabless/shakhtyor-sier81.html,1/2,Shakhtyor Donetsk (USSR) tour of Sierra Leone 1981
/tabless/shalom-roma.html,1/2,Shalom Cup (Roma)
/tabless/shanghai-ic85.html,1/3,Shanghai Inter-city Invitational Tournament 1985-1989
/tabless/shanghai-inttourn.html,1/2,Shanghai - International Tournaments
/tabless/shanghai-tourn01.html,0/1,?
/tabless/sharjah-ramadan99.html,0/1,-
/tabless/shchinese-manilatrip48.html,1/2,Shanghai Chinese visit to Manila 1948
/tabless/shebelieves.html,0/1,?
/tabless/sheffield-veneztrip52.html,1/2,Sheffield Trip to Venezuela 1952
/tabless/sheffwed-fulhamtour66.html,1/2,Sheffield Wednesday and Fulham Tour of Asia 1966
/tabless/shell-car92.html,4/4,Shell Caribbean Cup 1992
/tabless/shell-car94.html,4/4,Shell Caribbean Cup 1994
/tabless/shell-car96.html,4/5,Shell Caribbean Cup 1996
/tabless/shell-car98.html,6/3,Shell Caribbean Cup 1998
/tabless/shellcar.html,28/28,CFU Championship
/tabless/shenyang-int89.html,2/3,Shenyang International Tournament 1989
/tabless/shenyang-tourn86.html,2/3,Shenyang International Tournament 1986
/tabless/shenyang-u23-07.html,0/1,?
/tabless/shetl-wom07.html,0/1,?
/tabless/shetl-wom08.html,4/1,Shetland Islands (Women) 2008
/tabless/shetl07.html,5/4,Shetland Islands 2007
/tabless/shetl08.html,5/5,Shetland Islands 2008
/tabless/shetl09.html,5/5,Shetland Islands 2009
/tabless/shetl1900.html,4/2,Shetland Islands 1900
/tabless/shetl1923.html,6/3,Shetland Islands 1922/23
/tabless/shetl2010.html,5/5,Shetland Islands 2010
/tabless/shetl2011.html,5/5,Shetland Islands 2011
/tabless/shetl2012.html,5/5,Shetland Islands 2012
/tabless/shetl2013.html,5/5,Shetland Islands 2013
/tabless/shetl2014.html,5/5,Shetland Islands 2014
/tabless/shetl2015.html,5/5,Shetland Islands 2015
/tabless/shetl2016.html,5/5,Shetland Islands 2016
/tabless/shetl2017.html,5/5,Shetland Islands 2017
/tabless/shetl2018.html,5/5,Shetland Islands 2018
/tabless/shetl2019.html,5/5,Shetland Islands 2019
/tabless/shetl2020.html,5/3,Shetland Islands 2020
/tabless/shetl2021.html,5/5,Shetland Islands 2021
/tabless/shetl2022.html,5/5,Shetland Islands 2022
/tabless/shetl2023.html,5/5,Shetland Islands 2023
/tabless/shetl2024.html,5/5,Shetland Islands 2024
/tabless/shetl2025.html,4/6,Shetland Islands 2025
/tabless/shetl43.html,6/2,Shetland Islands 1943
/tabless/shetl45.html,6/2,Shetland Islands 1945
/tabless/shetl58.html,6/4,Shetland Islands 1958
/tabless/shetl63.html,5/3,Shetland Islands 1963
/tabless/shetl64.html,5/3,Shetland Islands 1964
/tabless/shetl65.html,5/3,Shetland Islands 1965
/tabless/shetl67.html,5/3,Shetland Islands 1967
/tabless/shetl88.html,5/2,Shetland Islands 1988
/tabless/shetlchamp.html,21/32,Shetland Islands - List of Champions
/tabless/shetlcuphist.html,27/34,Shetland Islands - List of Cup Winners
/tabless/shetlfound.html,1/2,Shetland Islands - List of Foundation Dates
/tabless/shhai2012.html,1/1,Shanghai Football Tournament 2012
/tabless/shimshon-veneztrip71.html,0/2,?
/tabless/shosholoza-wom06.html,2/2,Shosholoza Women's Tournament 2006 (Swaziland)
/tabless/shosholoza-wom07.html,3/3,Shosholoza Women's Tournament 2007 (South Africa)
/tabless/shosholoza-wom08.html,3/3,Shosholoza Women's Tournament 2008 (Mozambique)
/tabless/shosholoza-wom09.html,2/2,Shosholoza Women's Tournament 2009 (Swaziland)
/tabless/shs22.html,6/4,"Kingdom of Slovenes, Croats and Serbs 1921/22"
/tabless/shs23.html,6/7,"Kingdom of Slovenes, Croats and Serbs 1922/23"
/tabless/siam-singtour29.html,0/2,?
/tabless/sier-ebktrophy.html,10/8,Ernest Bai Koroma Trophy
/tabless/sier-intres.html,2/3,Sierra Leone - List of International Matches
/tabless/sier-intres-detwcq.html,2/2,Sierra Leone - Details of World Cup Matches
/tabless/sier-wom2012.html,4/3,Sierra Leone (Women) 2012
/tabless/sier-wom2013.html,4/4,Sierra Leone (Women) 2013
/tabless/sier-wom2014.html,4/3,Sierra Leone (Women) 2014
/tabless/sier-wom2017.html,4/3,Sierra Leone (Women) 2017
/tabless/sier-wom2019.html,4/3,Sierra Leone (Women) 2019
/tabless/sier-wom2020.html,4/3,Sierra Leone (Women) 2020/21
/tabless/sier-wom2021.html,4/4,Sierra Leone (Women) 2021/22
/tabless/sier-wom2023.html,4/3,Sierra Leone (Women) 2022/23
/tabless/sier-wom2024.html,4/4,Sierra Leone (Women) 2023/24
/tabless/sier-wom2025.html,4/3,Sierra Leone (Women) 2024/25
/tabless/sier-wom2026.html,3/2,Sierra Leone (Women) 2025/26
/tabless/sier-womchamp.html,21/23,Sierra Leone - List of Women Champions
/tabless/sier00.html,5/4,Sierra Leone 1999/2000
/tabless/sier01.html,5/4,Sierra Leone 2000/01
/tabless/sier02.html,5/3,Sierra Leone 2001/02
/tabless/sier03.html,5/4,Sierra Leone 2002/03
/tabless/sier04.html,5/3,Sierra Leone 2003/04
/tabless/sier05.html,5/3,Sierra Leone 2005
/tabless/sier06.html,5/3,Sierra Leone 2005/06
/tabless/sier07.html,5/4,Sierra Leone 2007/08
/tabless/sier08.html,5/2,Sierra Leone (Lower Levels) 2008
/tabless/sier09.html,4/3,Sierra Leone 2008/09
/tabless/sier2010.html,5/3,Sierra Leone 2009/10
/tabless/sier2011.html,5/4,Sierra Leone 2011
/tabless/sier2012.html,5/4,Sierra Leone 2011/12
/tabless/sier2013.html,7/4,Sierra Leone 2013
/tabless/sier2014.html,5/5,Sierra Leone 2014
/tabless/sier2016.html,6/5,Sierra Leone 2016
/tabless/sier2017.html,6/3,Sierra Leone 2017
/tabless/sier2018.html,6/3,Sierra Leone 2018
/tabless/sier2019.html,6/6,Sierra Leone 2019
/tabless/sier2020.html,5/4,Sierra Leone 2019/20
/tabless/sier2021.html,5/5,Sierra Leone 2021/22
/tabless/sier2023.html,5/5,Sierra Leone 2022/23
/tabless/sier2024.html,5/6,Sierra Leone 2023/24
/tabless/sier2025.html,5/6,Sierra Leone 2024/25
/tabless/sier2026.html,4/7,Sierra Leone 2025/26
/tabless/sier23.html,4/2,Sierra Leone 1923
/tabless/sier44.html,5/3,Sierra Leone 1944
/tabless/sier45.html,5/3,Sierra Leone 1945
/tabless/sier46.html,5/4,Sierra Leone 1946
/tabless/sier47.html,5/4,Sierra Leone 1947
/tabless/sier48.html,5/4,Sierra Leone 1948
/tabless/sier49.html,5/4,Sierra Leone 1949
/tabless/sier50.html,5/4,Sierra Leone 1950
/tabless/sier51.html,5/4,Sierra Leone 1951
/tabless/sier52.html,5/4,Sierra Leone 1952
/tabless/sier53.html,5/4,Sierra Leone 1953
/tabless/sier54.html,5/5,Sierra Leone 1954
/tabless/sier55.html,5/4,Sierra Leone 1955
/tabless/sier56.html,5/4,Sierra Leone 1956
/tabless/sier57.html,5/4,Sierra Leone 1957
/tabless/sier58.html,5/4,Sierra Leone 1958
/tabless/sier59.html,5/4,Sierra Leone 1959
/tabless/sier60.html,5/3,Sierra Leone 1960
/tabless/sier61.html,5/3,Sierra Leone 1961
/tabless/sier62.html,5/4,Sierra Leone 1962
/tabless/sier64.html,5/4,Sierra Leone 1963/64
/tabless/sier65.html,5/4,Sierra Leone 1964/65
/tabless/sier66.html,5/4,Sierra Leone 1965/66
/tabless/sier67.html,5/4,Sierra Leone 1966/67
/tabless/sier68.html,5/4,Sierra Leone 1967/68
/tabless/sier69.html,5/4,Sierra Leone 1968/69
/tabless/sier70.html,5/4,Sierra Leone 1969/70
/tabless/sier71.html,5/4,Sierra Leone 1970/71
/tabless/sier72.html,5/4,Sierra Leone 1971/72
/tabless/sier75.html,5/4,Sierra Leone 1974/75
/tabless/sier76.html,5/4,Sierra Leone 1975/76
/tabless/sier77.html,5/4,Sierra Leone 1976/77
/tabless/sier78.html,5/4,Sierra Leone 1977/78
/tabless/sier80.html,5/4,Sierra Leone 1980
/tabless/sier81.html,5/4,Sierra Leone 1981
/tabless/sier82.html,5/4,Sierra Leone 1982
/tabless/sier84.html,5/4,Sierra Leone 1984
/tabless/sier85.html,5/4,Sierra Leone 1985
/tabless/sier89.html,5/4,Sierra Leone 1989
/tabless/sier90.html,5/4,Sierra Leone 1990
/tabless/sier91.html,5/4,Sierra Leone 1991
/tabless/sier92.html,5/3,Sierra Leone 1992
/tabless/sier93.html,5/3,Sierra Leone 1993
/tabless/sier94.html,5/3,Sierra Leone 1994
/tabless/sier95.html,5/3,Sierra Leone 1995/96
/tabless/sier98.html,5/2,Sierra Leone 1998
/tabless/sier99.html,5/3,Sierra Leone 1999
/tabless/sierchamp.html,69/75,Sierra Leone - List of Champions
/tabless/siercup02.html,5/1,Sierra Leone Cup 2001/03
/tabless/siercuphist.html,50/77,Sierra Leone - List of Cup Winners
/tabless/sierfound.html,1/2,Sierra Leone - List of Foundation Dates
/tabless/sierwom00.html,4/3,Sierra Leone (Women) 2000
/tabless/sierwom01.html,4/3,Sierra Leone (Women) 2001
/tabless/sierwom05.html,4/3,Sierra Leone (Women) 2005
/tabless/sierwom06.html,4/3,Sierra Leone (Women) 2006
/tabless/sierwom07.html,4/3,Sierra Leone (Women) 2007
/tabless/sierwom08.html,4/3,Sierra Leone (Women) 2008
/tabless/sierwom09.html,4/3,Sierra Leone (Women) 2009
/tabless/sierwom2010.html,4/3,Sierra Leone (Women) 2010
/tabless/sierwom93.html,3/2,Sierra Leone (Women) 1992/93
/tabless/sierwom94.html,4/3,Sierra Leone (Women) 1993/94
/tabless/simba-ov.html,0/1,?
/tabless/simba94.html,0/1,?
/tabless/sing-hkphil53.html,0/2,?
/tabless/sing-intres.html,1/3,Singapore International Matches 1928-2001
/tabless/sing-wom00.html,5/2,Singapore (Women) 2000
/tabless/sing-wom02.html,5/4,Singapore (Women) 2002
/tabless/sing-wom03.html,5/5,Singapore (Women) 2003
/tabless/sing-wom04.html,5/5,Singapore (Women) 2004
/tabless/sing-wom05.html,5/5,Singapore (Women) 2005
/tabless/sing-wom06.html,5/4,Singapore (Women) 2006
/tabless/sing-wom07.html,0/3,?
/tabless/sing-wom08.html,0/2,?
/tabless/sing-wom09.html,0/3,?
/tabless/sing-wom2010.html,5/3,Singapore (Women) 2010
/tabless/sing-wom2011.html,0/4,?
/tabless/sing-wom2012.html,5/3,Singapore (Women) 2012
/tabless/sing-wom2013.html,0/3,?
/tabless/sing-wom2014.html,0/3,?
/tabless/sing-wom2015.html,5/4,Singapore (Women) 2015
/tabless/sing-wom2016.html,5/5,Singapore (Women) 2016
/tabless/sing-wom2017.html,5/5,Singapore (Women) 2017
/tabless/sing-wom2018.html,5/5,Singapore (Women) 2018
/tabless/sing-wom2019.html,5/6,Singapore (Women) 2019
/tabless/sing-wom2022.html,5/4,Singapore (Women) 2022
/tabless/sing-wom2023.html,5/4,Singapore (Women) 2023
/tabless/sing-wom2024.html,5/4,Singapore (Women) 2024
/tabless/sing-wom2025.html,4/3,Singapore (Women) 2025
/tabless/sing-womchamp.html,26/19,Singapore (Women) - List of Champions
/tabless/sing-womcup01.html,0/4,?
/tabless/sing-womcuphist.html,20/19,Singapore (Women) - List of Cup Winners
/tabless/sing-womhist.html,0/2,?
/tabless/sing00.html,5/5,Singapore 2000
/tabless/sing01.html,5/5,Singapore 2001
/tabless/sing02.html,5/5,Singapore 2002
/tabless/sing03.html,5/5,Singapore 2003
/tabless/sing04.html,5/5,Singapore 2004
/tabless/sing05.html,6/5,Singapore 2005
/tabless/sing06.html,6/5,Singapore 2006
/tabless/sing07.html,6/5,Singapore 2007
/tabless/sing08.html,6/5,Singapore 2008
/tabless/sing09.html,6/6,Singapore 2009
/tabless/sing2010.html,6/5,Singapore 2010
/tabless/sing2011.html,6/5,Singapore 2011
/tabless/sing2012.html,6/5,Singapore 2012
/tabless/sing2013.html,6/5,Singapore 2013
/tabless/sing2014.html,6/5,Singapore 2014
/tabless/sing2015.html,6/5,Singapore 2015
/tabless/sing2016.html,6/5,Singapore 2016
/tabless/sing2017.html,6/5,Singapore 2017
/tabless/sing2018.html,6/5,Singapore 2018
/tabless/sing2019.html,6/5,Singapore 2019
/tabless/sing2020.html,6/4,Singapore 2020
/tabless/sing2021.html,6/5,Singapore 2021
/tabless/sing2022.html,6/5,Singapore 2022
/tabless/sing2023.html,6/5,Singapore 2023
/tabless/sing2025.html,7/7,Singapore 2024/25
/tabless/sing2026.html,5/6,Singapore 2025/26
/tabless/sing74.html,4/2,Singapore 1974
/tabless/sing75.html,5/3,Singapore 1975
/tabless/sing79.html,5/5,Singapore 1979
/tabless/sing80.html,5/3,Singapore 1980
/tabless/sing82.html,6/6,Singapore 1982
/tabless/sing83.html,6/6,Singapore 1983
/tabless/sing84.html,6/6,Singapore 1984
/tabless/sing85.html,6/6,Singapore 1985
/tabless/sing86.html,5/6,Singapore 1986
/tabless/sing87.html,5/4,Singapore 1987
/tabless/sing88.html,5/3,Singapore 1988
/tabless/sing89.html,6/5,Singapore 1989
/tabless/sing90.html,5/3,Singapore 1990
/tabless/sing91.html,5/6,Singapore 1991
/tabless/sing92.html,6/6,Singapore 1992
/tabless/sing93.html,5/3,Singapore 1993
/tabless/sing94.html,5/6,Singapore 1994
/tabless/sing95.html,5/3,Singapore 1995
/tabless/sing96.html,5/6,Singapore 1996
/tabless/sing97.html,5/6,Singapore 1997
/tabless/sing98.html,5/6,Singapore 1998
/tabless/sing99.html,4/5,Singapore 1999
/tabless/singchamp.html,49/51,Singapore - List of Champions
/tabless/singcuphist.html,44/55,Singapore - List of Cup Winners
/tabless/singcuphistfull.html,1/6,Singapore Cup Tournaments - Additional Data 1892-1981
/tabless/singfound.html,1/23,Singapore - List of Foundation Dates
/tabless/singhist.html,1/8,Singapore League Tables 1904-1964
/tabless/singlowchamp.html,2/2,Singapore - List of Lower Level (NFL/SFL) Champions
/tabless/singmalay-bataviatrip29.html,2/3,Batavia Trip of Singapore Malays 1929
/tabless/singmalay-javatrip30.html,3/4,Java Trip of Singapore Malays 1930
/tabless/singmalay-javatrip33.html,3/4,Java Trip of Singapore Malays 1933
/tabless/singmalaytour53.html,2/3,Singapore Malay FA tour of Indonesia 1953
/tabless/singtao-trip47.html,1/2,Sing Tao (Hong Kong) tour matches 1947
/tabless/singtourn95.html,1/2,Singapore Tournament 1995
/tabless/singyouth-sabahtour72.html,0/2,?
/tabless/sinnamary07.html,0/1,?
/tabless/sion-argtrip92.html,2/3,FC Sion Trip to Argentina 1992
/tabless/sion-inaug68.html,1/2,Inauguration of the Stadium in Sion 1968
/tabless/sion84.html,1/2,Friendly Matches for the 75th Anniversary of FC Sion 1984
/tabless/sion93.html,1/2,Tamoil Cup - Sion - 1993
/tabless/siracusa.html,1/2,Siracusa Unione Sportiva
/tabless/sithoc-veneztrip61.html,1/2,Sithoc (Curacao) Trip to Venezuela 1961
/tabless/sjose58.html,0/3,?
/tabless/sjose59.html,0/2,?
/tabless/sjose61.html,0/2,?
/tabless/sjose62.html,0/2,?
/tabless/sjose69.html,0/2,?
/tabless/skbrann78.html,1/2,Jubilee Tournament of SK Brann in Bergen 1978
/tabless/skor-8nat-u17-07.html,0/1,?
/tabless/skor-hketctours.html,0/3,?
/tabless/skor-intres.html,8/9,South Korea International Matches
/tabless/skor-intres1980.html,3/3,South Korea International Matches - Details 1980-1984
/tabless/skor-intres1985.html,4/4,South Korea International Matches - Details 1985-1989
/tabless/skor-intres1990.html,4/3,South Korea International Matches - Details 1990-1994
/tabless/skor-intres1995.html,4/4,South Korea International Matches - Details 1995-1999
/tabless/skor-intres2000.html,4/4,South Korea International Matches - Details 2000-2004
/tabless/skor-intres2005.html,3/2,South Korea International Matches - Details 2005-2009
/tabless/skor-pres.html,25/27,President's Cup (South Korea)
/tabless/skor-pres71.html,3/2,President Park's Cup 1971 (South Korea)
/tabless/skor-pres72.html,4/3,President Park's Cup 1972 (South Korea)
/tabless/skor-pres73.html,4/3,President Park's Cup 1973 (South Korea)
/tabless/skor-pres74.html,4/4,President Park's Cup 1974 (South Korea)
/tabless/skor-pres75.html,4/4,President Park's Cup 1975 (South Korea)
/tabless/skor-pres76.html,5/3,President Park's Cup 1976 (South Korea)
/tabless/skor-pres77.html,4/3,President Park's Cup 1977 (South Korea)
/tabless/skor-pres78.html,4/3,President Park's Cup 1978 (South Korea)
/tabless/skor-pres79.html,4/3,President's Cup 1979 (South Korea)
/tabless/skor-pres80.html,4/3,President's Cup 1980 (South Korea)
/tabless/skor-pres81.html,4/4,President's Cup 1981 (South Korea)
/tabless/skor-pres82.html,4/4,President's Cup 1982 (South Korea)
/tabless/skor-pres83.html,4/3,President's Cup 1983 (South Korea)
/tabless/skor-pres84.html,4/3,President's Cup 1984 (South Korea)
/tabless/skor-pres85.html,4/4,President's Cup 1985 (South Korea)
/tabless/skor-pres87.html,4/4,President's Cup 1987 (South Korea)
/tabless/skor-pres88.html,4/4,President's Cup 1988 (South Korea)
/tabless/skor-pres89.html,5/5,President's Cup 1989 (South Korea)
/tabless/skor-pres91.html,4/4,President's Cup 1991 (South Korea)
/tabless/skor-pres93.html,4/4,President's Cup 1993 (South Korea)
/tabless/skor-u23-intres.html,2/3,South Korea U-23 Matches
/tabless/skor-u23-intres-1991.html,2/1,South Korea U-23 Matches - Details 1991-1999
/tabless/skor-wom02.html,0/1,?
/tabless/skor-wom03.html,0/1,?
/tabless/skor-wom09.html,0/1,?
/tabless/skor-wom2010.html,0/2,?
/tabless/skor-wom2011.html,4/3,South Korea (Women) 2011
/tabless/skor-wom2012.html,4/4,South Korea (Women) 2012
/tabless/skor-wom2013.html,4/4,South Korea (Women) 2013
/tabless/skor-wom2014.html,4/3,South Korea (Women) 2014
/tabless/skor-wom2015.html,0/3,?
/tabless/skor-wom2016.html,4/3,South Korea (Women) 2016
/tabless/skor-wom2017.html,4/4,South Korea (Women) 2017
/tabless/skor-wom2018.html,4/4,South Korea (Women) 2018
/tabless/skor-wom2019.html,4/4,South Korea (Women) 2019
/tabless/skor-wom2020.html,4/4,South Korea (Women) 2020
/tabless/skor-wom2021.html,4/4,South Korea (Women) 2021
/tabless/skor-wom2022.html,4/4,South Korea (Women) 2022
/tabless/skor-wom2023.html,4/4,South Korea (Women) 2023
/tabless/skor-wom2024.html,4/4,South Korea (Women) 2024
/tabless/skor-wom2025.html,3/3,South Korea (Women) 2025
/tabless/skor-womchamp.html,21/16,South Korea - List of Women Champions
/tabless/skor00.html,7/7,South Korea 2000
/tabless/skor01.html,8/6,South Korea 2001
/tabless/skor02.html,8/6,South Korea 2002
/tabless/skor03.html,8/7,South Korea 2003
/tabless/skor04.html,8/7,South Korea 2004
/tabless/skor05.html,8/7,South Korea 2005
/tabless/skor06.html,9/7,South Korea 2006
/tabless/skor07.html,9/7,South Korea 2007
/tabless/skor08.html,9/7,South Korea 2008
/tabless/skor09.html,9/8,South Korea 2009
/tabless/skor2010.html,9/7,South Korea 2010
/tabless/skor2011.html,9/7,South Korea 2011
/tabless/skor2012.html,9/6,South Korea 2012
/tabless/skor2013.html,9/6,South Korea 2013
/tabless/skor2014.html,9/6,South Korea 2014
/tabless/skor2015.html,9/6,South Korea 2015
/tabless/skor2016.html,9/6,South Korea 2016
/tabless/skor2017.html,9/6,South Korea 2017
/tabless/skor2018.html,9/6,South Korea 2018
/tabless/skor2019.html,9/6,South Korea 2019
/tabless/skor2020.html,9/6,South Korea 2020
/tabless/skor2021.html,9/6,South Korea 2021
/tabless/skor2022.html,9/6,South Korea 2022
/tabless/skor2023.html,9/6,South Korea 2023
/tabless/skor2024.html,9/6,South Korea 2024
/tabless/skor2025.html,8/7,South Korea 2025
/tabless/skor2champ.html,25/23,South Korea - List of Second Level Champions
/tabless/skor64.html,6/2,South Korea 1964
/tabless/skor65.html,7/3,South Korea 1965
/tabless/skor66.html,7/3,South Korea 1966
/tabless/skor83.html,7/6,South Korea 1983
/tabless/skor84.html,7/6,South Korea 1984
/tabless/skor85.html,7/6,South Korea 1985
/tabless/skor86.html,7/8,South Korea 1986
/tabless/skor87.html,7/6,South Korea 1987
/tabless/skor88.html,7/6,South Korea 1988
/tabless/skor89.html,7/7,South Korea 1989
/tabless/skor90.html,7/6,South Korea 1990
/tabless/skor91.html,7/6,South Korea 1991
/tabless/skor92.html,8/7,South Korea 1992
/tabless/skor93.html,8/7,South Korea 1993
/tabless/skor94.html,7/7,South Korea 1994
/tabless/skor95.html,7/7,South Korea 1995
/tabless/skor96.html,8/7,South Korea 1996
/tabless/skor97.html,8/7,South Korea 1997
/tabless/skor98.html,8/7,South Korea 1998
/tabless/skor99.html,7/6,South Korea 1999
/tabless/skorbritclubres.html,1/2,South Korea (national team) vs British Clubs
/tabless/skorchamp.html,50/49,South Korea - List of Champions
/tabless/skorcuphist.html,38/50,South Korea - List of Cup Winners
/tabless/skorfound.html,1/2,South Korea - Foundation Dates of Clubs
/tabless/skorhist.html,29/49,South Korea - List of Final Tables
/tabless/skorsea62.html,0/2,?
/tabless/skorstadia.html,1/28,South Korea Stadiums 2007
/tabless/skortops.html,1/49,South Korea - List of Topscorers
/tabless/skorwom00.html,0/1,?
/tabless/skslovan68.html,1/2,Jubilee Tournament of SK Slovan Bratislava in 1968
/tabless/skydome.html,1/3,Skydome Cup (Canada 1995)
/tabless/sl-paki-test.html,0/2,?
/tabless/slaviap40-33.html,3/4,"SK Slavia Praha 40th Anniversary Tournament, 1933"
/tabless/slobbe.html,4/5,Gouverneur van Slobbe Beker
/tabless/slov-intres.html,5/6,Slovenia - List of International Matches
/tabless/slov-wom00.html,5/4,Slovenia (Women) 1999/00
/tabless/slov-wom01.html,5/5,Slovenia (Women) 2000/01
/tabless/slov-wom02.html,5/5,Slovenia (Women) 2001/02
/tabless/slov-wom03.html,5/5,Slovenia (Women) 2002/03
/tabless/slov-wom04.html,5/5,Slovenia (Women) 2003/04
/tabless/slov-wom05.html,3/5,Slovenia (Women) 2004/05
/tabless/slov-wom06.html,5/5,Slovenia (Women) 2005/06
/tabless/slov-wom07.html,5/5,Slovenia (Women) 2006/07
/tabless/slov-wom08.html,5/4,Slovenia (Women) 2007/08
/tabless/slov-wom09.html,5/5,Slovenia (Women) 2008/09
/tabless/slov-wom2010.html,5/5,Slovenia (Women) 2009/10
/tabless/slov-wom2011.html,5/5,Slovenia (Women) 2010/11
/tabless/slov-wom2012.html,4/5,Slovenia (Women) 2011/12
/tabless/slov-wom2013.html,4/5,Slovenia (Women) 2012/13
/tabless/slov-wom2014.html,5/5,Slovenia (Women) 2013/14
/tabless/slov-wom2015.html,5/5,Slovenia (Women) 2014/15
/tabless/slov-wom2016.html,5/5,Slovenia (Women) 2015/16
/tabless/slov-wom2017.html,5/5,Slovenia (Women) 2016/17
/tabless/slov-wom2018.html,5/5,Slovenia (Women) 2017/18
/tabless/slov-wom2019.html,5/5,Slovenia (Women) 2018/19
/tabless/slov-wom2020.html,5/5,Slovenia (Women) 2019/20
/tabless/slov-wom2021.html,5/5,Slovenia (Women) 2020/21
/tabless/slov-wom2022.html,5/5,Slovenia (Women) 2021/22
/tabless/slov-wom2023.html,5/5,Slovenia (Women) 2022/23
/tabless/slov-wom2024.html,5/5,Slovenia (Women) 2023/24
/tabless/slov-wom2025.html,4/5,Slovenia (Women) 2024/25
/tabless/slov-wom93.html,4/3,Slovenia (Women) 1992/93
/tabless/slov-wom94.html,5/4,Slovenia (Women) 1993/94
/tabless/slov-wom95.html,5/4,Slovenia (Women) 1994/95
/tabless/slov-wom96.html,5/4,Slovenia (Women) 1995/96
/tabless/slov-wom97.html,5/4,Slovenia (Women) 1996/97
/tabless/slov-wom98.html,5/3,Slovenia (Women) 1997/98
/tabless/slov-wom99.html,5/3,Slovenia (Women) 1998/99
/tabless/slov-womchamp.html,34/33,Slovenia - List of Women Champions
/tabless/slov-womcuphist.html,26/34,Slovenia (Women) List of Cup Winners
/tabless/slov00.html,7/5,Slovenia 1999/00
/tabless/slov01.html,7/5,Slovenia 2000/01
/tabless/slov02.html,7/5,Slovenia 2001/02
/tabless/slov03.html,7/5,Slovenia 2002/03
/tabless/slov04.html,7/5,Slovenia 2003/04
/tabless/slov05.html,7/5,Slovenia 2004/05
/tabless/slov06.html,8/5,Slovenia 2005/06
/tabless/slov07.html,8/5,Slovenia 2006/07
/tabless/slov08.html,9/5,Slovenia 2007/08
/tabless/slov09.html,9/4,Slovenia 2008/09
/tabless/slov20.html,10/5,"Kingdom of Slovenes, Croats and Serbs - Slovenia 1920"
/tabless/slov2010.html,9/5,Slovenia 2009/10
/tabless/slov2011.html,9/5,Slovenia 2010/11
/tabless/slov2012.html,9/5,Slovenia 2011/12
/tabless/slov2013.html,9/5,Slovenia 2012/13
/tabless/slov2014.html,9/5,Slovenia 2013/14
/tabless/slov2015.html,9/5,Slovenia 2014/15
/tabless/slov2016.html,9/5,Slovenia 2015/16
/tabless/slov2017.html,9/5,Slovenia 2016/17
/tabless/slov2018.html,9/5,Slovenia 2017/18
/tabless/slov2019.html,9/5,Slovenia 2018/19
/tabless/slov2020.html,9/5,Slovenia 2019/20
/tabless/slov2021.html,9/5,Slovenia 2020/21
/tabless/slov2022.html,9/5,Slovenia 2021/22
/tabless/slov2023.html,9/5,Slovenia 2022/23
/tabless/slov2024.html,9/6,Slovenia 2023/24
/tabless/slov2025.html,9/5,Slovenia 2024/25
/tabless/slov2026.html,8/6,Slovenia 2025/26
/tabless/slov2champ.html,1/2,Slovenia - List of Second Level Champions
/tabless/slov90.html,10/2,Slovenia 1989/90
/tabless/slov91.html,11/3,Slovenia 1990/91
/tabless/slov92.html,11/8,Slovenia 1991/92
/tabless/slov93.html,10/5,Slovenia 1992/93
/tabless/slov94.html,10/5,Slovenia 1993/94
/tabless/slov95.html,10/5,Slovenia 1994/95
/tabless/slov96.html,10/5,Slovenia 1995/96
/tabless/slov97.html,10/7,Slovenia 1996/97
/tabless/slov98.html,10/6,Slovenia 1997/98
/tabless/slov99.html,10/5,Slovenia 1998/99
/tabless/slovakia-argtrip95.html,1/3,Slovakia Trip to Argentina 1995
/tabless/slovalltime.html,1/20,Slovenia - All Time Table 1991/92-2007/08
/tabless/slovan-argtrip66.html,1/3,FK Inter Bratislava Trip to Argentina 1966
/tabless/slovan-argtrip95.html,1/3,Slovan Bratislava Trip to Argentina 1995
/tabless/slovan-mex64.html,1/2,Slovan Bratislava in Mexico 1964
/tabless/slovchamp.html,61/55,Slovenia - List of Champions
/tabless/slovcup00.html,9/1,Slovenia Cup 1999/00
/tabless/slovcup01.html,9/1,Slovenia Cup 2000/01
/tabless/slovcup02.html,9/1,Slovenia Cup 2001/02
/tabless/slovcup03.html,9/1,Slovenia Cup 2002/03
/tabless/slovcup04.html,9/1,Slovenia Cup 2003/04
/tabless/slovcup05.html,6/1,Slovenia Cup 2004/05
/tabless/slovcup06.html,6/1,Slovenia Cup 2005/06
/tabless/slovcup07.html,6/1,Slovenia Cup 2006/07
/tabless/slovcup08.html,6/1,Slovenia Cup 2007/08
/tabless/slovcup09.html,6/1,Slovenia Cup 2008/09
/tabless/slovcup97.html,9/1,Slovenia Cup 1996/97
/tabless/slovcup98.html,9/1,Slovenia Cup 1997/98
/tabless/slovcup99.html,9/1,Slovenia Cup 1998/99
/tabless/slovcuphist.html,39/53,Slovenia - List of Cup Finals
/tabless/slovfound.html,2/21,Slovenia - List of Foundation Dates
/tabless/slovhist.html,2/55,Slovenia - List of Final Tables 1946-1998
/tabless/slovplall.html,1/20,Slovenia - All Time Final Placings
/tabless/slovsupcuphist.html,1/53,Slovenia - List of Super Cup Finals
/tabless/slovtops.html,1/41,Slovenia - List of Topscorers
/tabless/slow-ec.html,0/2,Slovak teams in Eurocups
/tabless/slow-intres.html,5/6,Slovakia - List of International Matches
/tabless/slow-wom00.html,4/3,Slovakia (Women) 1999/00
/tabless/slow-wom01.html,4/4,Slovakia (Women) 2000/01
/tabless/slow-wom02.html,4/3,Slovakia (Women) 2001/02
/tabless/slow-wom03.html,4/4,Slovakia (Women) 2002/03
/tabless/slow-wom04.html,4/3,Slovakia (Women) 2003/04
/tabless/slow-wom05.html,4/3,Slovakia (Women) 2004/05
/tabless/slow-wom06.html,4/4,Slovakia (Women) 2005/06
/tabless/slow-wom07.html,4/4,Slovakia (Women) 2006/07
/tabless/slow-wom08.html,4/3,Slovakia (Women) 2007/08
/tabless/slow-wom09.html,4/3,Slovakia (Women) 2008/09
/tabless/slow-wom2010.html,4/4,Slovakia (Women) 2009/10
/tabless/slow-wom2011.html,4/4,Slovakia (Women) 2010/11
/tabless/slow-wom2012.html,4/4,Slovakia (Women) 2011/12
/tabless/slow-wom2013.html,4/4,Slovakia (Women) 2012/13
/tabless/slow-wom2014.html,5/4,Slovakia (Women) 2013/14
/tabless/slow-wom2015.html,5/4,Slovakia (Women) 2014/15
/tabless/slow-wom2016.html,5/4,Slovakia (Women) 2015/16
/tabless/slow-wom2017.html,5/5,Slovakia (Women) 2016/17
/tabless/slow-wom2018.html,5/4,Slovakia (Women) 2017/18
/tabless/slow-wom2019.html,5/4,Slovakia (Women) 2018/19
/tabless/slow-wom2020.html,5/4,Slovakia (Women) 2019/20
/tabless/slow-wom2021.html,5/5,Slovakia (Women) 2020/21
/tabless/slow-wom2022.html,5/5,Slovakia (Women) 2021/22
/tabless/slow-wom2023.html,5/6,Slovakia (Women) 2022/23
/tabless/slow-wom2024.html,5/4,Slovakia (Women) 2023/24
/tabless/slow-wom2025.html,4/3,Slovakia (Women) 2024/25
/tabless/slow-wom68.html,3/2,Slovakia (Women) 1968
/tabless/slow-wom69.html,4/3,Slovakia (Women) 1969
/tabless/slow-wom70.html,4/3,Slovakia (Women) 1969/70
/tabless/slow-wom71.html,4/3,Slovakia (Women) 1970/71
/tabless/slow-wom72.html,4/3,Slovakia (Women) 1971/72
/tabless/slow-wom73.html,4/3,Slovakia (Women) 1972/73
/tabless/slow-wom76.html,4/3,Slovakia (Women) 1975/76
/tabless/slow-wom78.html,4/3,Slovakia (Women) 1977/78
/tabless/slow-wom82.html,4/3,Slovakia (Women) 1981/82
/tabless/slow-wom86.html,4/3,Slovakia (Women) 1985/86
/tabless/slow-wom91.html,4/3,Slovakia (Women) 1990/91
/tabless/slow-wom92.html,4/4,Slovakia (Women) 1991/92
/tabless/slow-wom93.html,4/4,Slovakia (Women) 1992/93
/tabless/slow-womchamp.html,40/41,Slovakia - List of Women Champions
/tabless/slow-womcuphist.html,5/14,Slovakia - List of Women Cup Winners
/tabless/slow00.html,5/5,Slovakia 1999/2000
/tabless/slow01.html,5/5,Slovakia 2000/01
/tabless/slow02.html,5/5,Slovakia 2001/02
/tabless/slow03.html,6/5,Slovakia 2002/03
/tabless/slow04.html,6/5,Slovakia 2003/04
/tabless/slow05.html,6/5,Slovakia 2004/05
/tabless/slow06.html,6/5,Slovakia 2005/06
/tabless/slow07.html,6/5,Slovakia 2006/07
/tabless/slow08.html,6/5,Slovakia 2007/08
/tabless/slow09.html,6/4,Slovakia 2008/09
/tabless/slow2010.html,6/5,Slovakia 2009/10
/tabless/slow2011.html,6/5,Slovakia 2010/11
/tabless/slow2012.html,6/5,Slovakia 2011/12
/tabless/slow2013.html,6/5,Slovakia 2012/13
/tabless/slow2014.html,6/5,Slovakia 2013/14
/tabless/slow2015.html,6/5,Slovakia 2014/15
/tabless/slow2016.html,6/5,Slovakia 2015/16
/tabless/slow2017.html,6/5,Slovakia 2016/17
/tabless/slow2018.html,6/5,Slovakia 2017/18
/tabless/slow2019.html,6/5,Slovakia 2018/19
/tabless/slow2020.html,6/5,Slovakia 2019/20
/tabless/slow2021.html,6/5,Slovakia 2020/21
/tabless/slow2022.html,6/5,Slovakia 2021/22
/tabless/slow2023.html,6/5,Slovakia 2022/23
/tabless/slow2024.html,6/5,Slovakia 2023/24
/tabless/slow2025.html,6/6,Slovakia 2024/25
/tabless/slow2026.html,5/5,Slovakia 2025/26
/tabless/slow2champ.html,1/2,Slovakia - List of Second Level Champions
/tabless/slow2tops.html,1/2,Slovakia - List of Second Level Topscorers
/tabless/slow61.html,5/2,Slovakia 1960/61
/tabless/slow94.html,7/7,Slovakia 1993/94
/tabless/slow95.html,5/5,Slovakia 1994/95
/tabless/slow96.html,5/5,Slovakia 1995/96
/tabless/slow97.html,5/6,Slovakia 1996/97
/tabless/slow98.html,5/6,Slovakia 1997/98
/tabless/slow99.html,5/6,Slovakia 1998/99
/tabless/slowchamp.html,37/48,Slovakia - List of Champions
/tabless/slowcup00.html,4/1,Slovakia Cup 1999/2000
/tabless/slowcup01.html,4/1,Slovakia Cup 2000/01
/tabless/slowcup02.html,4/1,Slovakia Cup 2001/02
/tabless/slowcup03.html,4/1,Slovakia Cup 2002/03
/tabless/slowcup04.html,4/1,Slovakia Cup 2003/04
/tabless/slowcup05.html,5/1,Slovakia Cup 2004/05
/tabless/slowcup06.html,5/1,Slovakia Cup 2005/06
/tabless/slowcup07.html,5/1,Slovakia Cup 2006/07
/tabless/slowcup08.html,5/1,Slovakia Cup 2007/08
/tabless/slowcup09.html,5/1,Slovakia Cup 2008/09
/tabless/slowcuphist.html,37/48,Slovakia - List of Cup Finals
/tabless/slowfound.html,1/2,Slovakia - List of Foundation Dates
/tabless/slowsupcuphist.html,3/5,Slovakia - List of Super Cup Finals
/tabless/slowtops.html,1/31,Slovakia - List of Topscorers
/tabless/slowwarhist.html,3/5,Slovakia War Championships 1939-1944
/tabless/slquad05.html,1/1,NTUC Income Yeo's S-League Quadrangular Tournament (Singapore) 2005
/tabless/sochaux-mextour55.html,1/2,Mexican Trip of FC Sochaux (Montbéliard) 1955
/tabless/sociomx2015.html,0/1,?
/tabless/soed-intres.html,1/2,Sudan - List of International Matches
/tabless/soed-wom06.html,0/2,?
/tabless/soed-wom2020.html,4/2,Sudan (Women) 2019/20
/tabless/soed-wom2021.html,0/3,?
/tabless/soed-wom2022.html,3/2,Sudan (Women) 2021/22
/tabless/soed-womchamp.html,5/3,Sudan - List of Women Champions
/tabless/soed00.html,5/4,Sudan 1999/2000
/tabless/soed01.html,5/5,Sudan 2001
/tabless/soed02.html,5/3,Sudan 2002
/tabless/soed03.html,5/3,Sudan 2003
/tabless/soed04.html,5/5,Sudan 2004
/tabless/soed05.html,5/5,Sudan 2005
/tabless/soed06.html,5/5,Sudan 2006
/tabless/soed07.html,5/5,Sudan 2007
/tabless/soed08.html,5/5,Sudan 2008
/tabless/soed09.html,5/5,Sudan 2009
/tabless/soed2010.html,6/6,Sudan 2010
/tabless/soed2011.html,5/5,Sudan 2011
/tabless/soed2012.html,5/5,Sudan 2012
/tabless/soed2013.html,5/5,Sudan 2013
/tabless/soed2014.html,5/5,Sudan 2014
/tabless/soed2015.html,5/5,Sudan 2015
/tabless/soed2016.html,5/5,Sudan 2016
/tabless/soed2017.html,5/5,Sudan 2017
/tabless/soed2018.html,5/5,Sudan 2018
/tabless/soed2019.html,5/4,Sudan 2018/19
/tabless/soed2020.html,5/5,Sudan 2019/20
/tabless/soed2021.html,5/5,Sudan 2020/21
/tabless/soed2022.html,5/6,Sudan 2022
/tabless/soed2023.html,5/4,Sudan 2022/23
/tabless/soed2024.html,6/4,Sudan 2024
/tabless/soed2025.html,6/4,Sudan 2025
/tabless/soed2026.html,5/5,Sudan 2026
/tabless/soed21.html,4/1,Sudan 1921
/tabless/soed2champ.html,1/3,Sudan - List of Second Level Champions
/tabless/soed31.html,5/3,Sudan 1931
/tabless/soed34.html,5/3,Sudan 1934
/tabless/soed35.html,6/2,Sudan 1935
/tabless/soed37.html,6/2,Sudan 1936/37
/tabless/soed46.html,6/2,Sudan 1945/46
/tabless/soed47.html,6/2,Sudan 1946/47
/tabless/soed66.html,5/3,Sudan 1966
/tabless/soed92.html,5/3,Sudan 1992
/tabless/soed93.html,5/3,Sudan 1993
/tabless/soed94.html,5/3,Sudan 1994
/tabless/soed98.html,5/5,Sudan 1998
/tabless/soed99.html,5/4,Sudan 1999
/tabless/soedchamp.html,38/42,Sudan - List of Champions
/tabless/soedcuphist.html,23/43,Sudan - List of Cup Winners
/tabless/soedfound.html,1/2,Sudan - List of Foundation Dates
/tabless/solfuttur71.html,0/3,?
/tabless/solidarity96.html,0/2,?
/tabless/solom-grange79.html,1/2,"Grange Thistle (Queensland, Australia) tour of Solomon Islands 1979"
/tabless/solom-indep78-79.html,0/2,?
/tabless/solom-mareeba80.html,1/2,"Mareeba United (Queensland, Australia) tour of Solomon Islands 1980"
/tabless/solom-wom02.html,3/2,Solomon Islands (Women) 2002
/tabless/solom-wom03.html,4/3,Solomon Islands (Women) 2003
/tabless/solom-wom04.html,4/3,Solomon Islands (Women) 2004
/tabless/solom-wom05.html,4/3,Solomon Islands (Women) 2005
/tabless/solom-wom06.html,4/3,Solomon Islands (Women) 2006
/tabless/solom-wom07.html,4/3,Solomon Islands (Women) 2007/08
/tabless/solom-wom09.html,4/3,Solomon Islands (Women) 2009/10
/tabless/solom-wom2013.html,4/2,Solomon Islands (Women) 2013
/tabless/solom-wom2014.html,4/4,Solomon Islands (Women) 2014
/tabless/solom-wom2015.html,4/4,Solomon Islands (Women) 2015
/tabless/solom-wom2018.html,4/3,Solomon Islands (Women) 2018
/tabless/solom-wom2020.html,4/4,Solomon Islands (Women) 2020
/tabless/solom-wom2021.html,4/4,Solomon Islands (Women) 2021
/tabless/solom-wom2022.html,4/4,Solomon Islands (Women) 2022/23
/tabless/solom-wom2023.html,4/3,Solomon Islands (Women) 2023
/tabless/solom-wom2024.html,4/3,Solomon Islands (Women) 2024
/tabless/solom-wom2025.html,3/3,Solomon Islands (Women) 2025
/tabless/solom-womchamp.html,17/19,Solomon Islands - List of Women Champions
/tabless/solom02.html,4/3,Solomon Islands 2002
/tabless/solom03.html,4/3,Solomon Islands 2003
/tabless/solom04.html,4/3,Solomon Islands 2004
/tabless/solom05.html,5/4,Solomon Islands 2005
/tabless/solom06.html,4/4,Solomon Islands 2006/07
/tabless/solom07.html,4/3,Solomon Islands 2007
/tabless/solom08.html,6/5,Solomon Islands 2007/08
/tabless/solom09.html,4/4,Solomon Islands 2008/09
/tabless/solom2010.html,5/4,Solomon Islands 2009/10
/tabless/solom2011.html,4/4,Solomon Islands 2011
/tabless/solom2012.html,4/4,Solomon Islands 2011/12
/tabless/solom2013.html,4/4,Solomon Islands 2013/14
/tabless/solom2015.html,4/4,Solomon Islands 2014/15
/tabless/solom2016.html,4/4,Solomon Islands 2015/16
/tabless/solom2017.html,4/4,Solomon Islands 2016
/tabless/solom2018.html,5/5,Solomon Islands 2017/18
/tabless/solom2019.html,4/4,Solomon Islands 2018
/tabless/solom2020.html,4/4,Solomon Islands 2019/20
/tabless/solom2021.html,5/5,Solomon Islands 2020/21
/tabless/solom2022.html,4/5,Solomon Islands 2021
/tabless/solom2023.html,5/6,Solomon Islands 2022/23
/tabless/solom2023a.html,5/4,Solomon Islands 2023
/tabless/solom2024.html,5/4,Solomon Islands 2024
/tabless/solom2025.html,5/6,Solomon Islands 2025
/tabless/solom2026.html,4/4,Solomon Islands 2026
/tabless/solom84.html,4/3,Solomon Islands 1984
/tabless/solom85.html,5/3,Solomon Islands 1985
/tabless/solom88.html,5/3,Solomon Islands 1988
/tabless/solom91.html,4/3,Solomon Islands 1990/91
/tabless/solom93.html,5/4,Solomon Islands 1993
/tabless/solom94.html,4/4,Solomon Islands 1994
/tabless/solom95.html,4/3,Solomon Islands 1995
/tabless/solom96.html,4/3,Solomon Islands 1996
/tabless/solom97.html,5/4,Solomon Islands 1997
/tabless/solom98.html,4/3,Solomon Islands 1998
/tabless/solom99.html,5/4,Solomon Islands 1999
/tabless/solomchamp.html,38/39,Solomon Islands - List of Champions
/tabless/solomcup00.html,4/2,Solomon Islands Cup 2000
/tabless/solomcuphist.html,12/15,Solomon Islands - List of Solomon Cup Finals
/tabless/solomfound.html,1/2,Solomon Islands - List of Foundation Dates
/tabless/solomon-intres.html,1/2,Solomon Islands - List of International Matches
/tabless/solothurn01.html,1/1,Blitzturnier  Solothurn  2001
/tabless/solothurn111-12.html,1/1,111 Jährigen Jubiläum FC Solothurn 2012 – Solothurn (Switzerland)
/tabless/solothurn31.html,1/2,Tournament in Solothurn 1931
/tabless/som-intres.html,1/2,Somalia - List of International Matches
/tabless/soma02.html,6/4,Somalia 2002
/tabless/soma03.html,5/3,Somalia 2003
/tabless/soma04.html,6/4,Somalia 2004/06
/tabless/soma07.html,5/3,Somalia 2006/07 (Cup)
/tabless/soma2-05.html,4/1,Somalia (Second Level) 2005
/tabless/soma2010.html,5/4,Somalia 2009/10
/tabless/soma2011.html,5/4,Somalia 2011
/tabless/soma2012.html,5/5,Somalia 2012
/tabless/soma2013.html,5/5,Somalia 2013/14
/tabless/soma2015.html,5/5,Somalia 2014/15
/tabless/soma2016.html,5/5,Somalia 2015/16
/tabless/soma2017.html,6/5,Somalia 2016/17
/tabless/soma2018.html,5/5,Somalia 2018
/tabless/soma2019.html,5/5,Somalia 2019
/tabless/soma2020.html,5/5,Somalia 2019/20
/tabless/soma2021.html,5/5,Somalia 2021
/tabless/soma2022.html,5/4,Somalia 2022
/tabless/soma2023.html,5/5,Somalia 2023
/tabless/soma2024.html,5/5,Somalia 2023/24
/tabless/soma2025.html,5/4,Somalia 2024/25
/tabless/soma2026.html,4/6,Somalia 2025/26
/tabless/soma2champ.html,1/1,Somalia - List of Second Level Champions
/tabless/soma33.html,4/2,Somalia 1933
/tabless/soma37.html,5/3,Somalia 1937
/tabless/soma38.html,5/3,Somalia 1937/38
/tabless/soma39.html,5/3,Somalia 1938/39
/tabless/soma40.html,5/3,Somalia 1939/40
/tabless/soma41.html,5/2,Somalia 1940/41
/tabless/soma51.html,5/3,Somalia 1950/51
/tabless/soma52.html,5/5,Somalia 1952
/tabless/soma54.html,5/5,Somalia 1953/54
/tabless/soma55.html,5/5,Somalia 1954/55
/tabless/soma56.html,5/5,Somalia 1955/56
/tabless/soma57.html,5/5,Somalia 1956/57
/tabless/soma58.html,5/5,Somalia 1957/58
/tabless/soma59.html,5/2,Somalia 1958/59
/tabless/soma60.html,5/5,Somalia 1959/60
/tabless/somachamp.html,34/38,Somalia Champions
/tabless/somacuphist.html,17/39,Somalia Cup Winners
/tabless/somafound.html,1/2,Somalia - List of Foundation Dates
/tabless/somalil-wom2022.html,0/1,?
/tabless/somalil-wom2025.html,2/1,Somaliland (Women) 2025
/tabless/somalil02.html,3/1,Somaliland 2002
/tabless/somalil03.html,4/3,Somaliland 2003
/tabless/somalil04.html,4/3,Somaliland 2004
/tabless/somalil07.html,4/3,Somaliland 2007
/tabless/somalil2011.html,4/3,Somaliland 2011
/tabless/somalil2012.html,4/3,Somaliland 2012
/tabless/somalil2013.html,4/3,Somaliland 2013
/tabless/somalil2015.html,4/3,Somaliland 2015
/tabless/somalil2016.html,4/3,Somaliland 2016
/tabless/somalil2018.html,4/2,Somaliland 2018
/tabless/somalil2020.html,4/3,Somaliland 2020
/tabless/somalil2021.html,5/4,Somaliland 2021/22
/tabless/somalil2022.html,5/4,Somaliland 2022/23
/tabless/somalil2024.html,5/5,Somaliland 2023/24
/tabless/somalil2025.html,4/3,Somaliland 2024/25
/tabless/somalilchamp.html,4/5,Somaliland - List of Champions
/tabless/somalilregcuphist.html,10/17,Somaliland - List of Regions Cup Winners
/tabless/somapunt06.html,3/2,Somalia - Puntland 2006
/tabless/somapunt08.html,4/3,Somalia - Puntland 2008
/tabless/somapunt2010.html,4/3,Somalia - Puntland 2010
/tabless/somapunt2012.html,4/3,Somalia - Puntland 2012
/tabless/somapunt2014.html,4/3,Somalia - Puntland 2014
/tabless/somapunt2017.html,4/4,Somalia - Puntland 2017
/tabless/somapunt2021.html,4/3,Somalia - Puntland 2021
/tabless/somapunt2022.html,4/3,Somalia - Puntland 2022
/tabless/somapunt2023.html,4/3,Somalia - Puntland 2023
/tabless/somapunt2024.html,4/3,Somalia - Puntland 2023/24
/tabless/somapunt2025.html,3/2,Somalia - Puntland 2025
/tabless/somapuntchamp.html,11/12,Somalia - List of Champions
/tabless/soriajuv.html,1/2,Trofeo Juvenil Ciuidad de Soria
/tabless/sosnowiec90-wom.html,0/2,?
/tabless/soton95.html,0/1,?
/tabless/south-east-asia-cups.html,37/43,South East Asian Games
/tabless/southchina-tours.html,1/3,South China AA (Hong Kong) - Tours 1952-1961
/tabless/southchinamacao27.html,1/2,South China A.A. (Hongkong) visit to Macao 1927
/tabless/southern-afr-tourn90.html,0/2,?
/tabless/southpac.html,21/26,(South) Pacific Games and Mini Games
/tabless/southpac03.html,6/5,South Pacific Games 2003 (Fiji)
/tabless/southpac03det.html,3/1,South Pacific Games 2003 (Fiji) - Tournament Details
/tabless/southpac07.html,7/7,South Pacific Games 2007 (Samoa)
/tabless/southpac63.html,3/3,South Pacific Games 1963 (Fiji)
/tabless/southpac66.html,4/3,South Pacific Games 1966 (New Caledonia)
/tabless/southpac69.html,4/4,South Pacific Games 1969 (Papua New Guinea)
/tabless/southpac71.html,4/4,South Pacific Games 1971 (Tahiti)
/tabless/southpac75.html,4/4,South Pacific Games 1975 (Guam)
/tabless/southpac79.html,4/3,South Pacific Games 1979 (Fiji)
/tabless/southpac83.html,4/3,South Pacific Games 1983 (Western Samoa)
/tabless/southpac87.html,4/4,South Pacific Games 1987 (New Caledonia)
/tabless/southpac91.html,4/4,South Pacific Games 1991 (Papua New Guinea)
/tabless/southpac95.html,4/3,South Pacific Games 1995 (Tahiti)
/tabless/southpac99.html,4/3,South Pacific Games 1999 (Guam)
/tabless/southpacmini81.html,3/3,South Pacific Mini Games 1981 (Solomon Islands)
/tabless/southpacmini85.html,4/3,South Pacific Mini Games 1985 (Cook Islands)
/tabless/southpacmini89.html,4/3,South Pacific Mini Games 1989 (Tonga)
/tabless/southpacmini93.html,3/2,South Pacific Mini Games 1993 (Vanuatu)
/tabless/spaccups.html,0/2,?
/tabless/spagnolo.html,1/2,Trofeo Vincenzo Spagnolo (Genoa)
/tabless/span-aragonchamp.html,4/7,Spain - List of Champions of Aragón - Campeonato Regional de Aragón
/tabless/span-asturiachamp.html,3/8,Spain - List of Champions of Asturia
/tabless/span-asturiascuphist.html,2/2,Spain - Copa Príncipe de Asturias/Campeonato Interregional
/tabless/span-baleareschamp.html,3/6,Spain - List of Champions of Baleares - Campeonato Regional Balear
/tabless/span-balislchamp.html,2/3,Baleares - List of Island Champions
/tabless/span-cantabriachamp.html,5/8,Spain - List of Champions of Cantabria
/tabless/span-castillaleonchamp.html,5/7,Spain - List of Champions of Castilla-León
/tabless/span-centrchamp.html,6/11,Spain - List of Champions of Campeonato Regional Centro
/tabless/span-club-int-matches.html,1/2,International matches of Spanish Clubs 1902-1918
/tabless/span-extremadurachamp.html,3/5,Spain - List of Champions of Extremadura
/tabless/span-galiciachamp.html,3/6,Spain - List of Champions of Galicia
/tabless/span-intres.html,11/13,Spain - List of Results National
/tabless/span-levantechamp.html,2/7,"Spain - List of Champions of Levante, Valencia and Murcia"
/tabless/span-low00.html,12/2,Spain 1999/2000 Fourth to Sixth Level
/tabless/span-norteafrchamp.html,4/6,Spain - List of Champions of North Africa
/tabless/span-norteafrcuphist.html,2/4,Spain - List of Cup Winners of North Africa
/tabless/span-norteafrhist.html,3/2,Spain - North Africa
/tabless/span-nortechamp.html,5/7,Spain - List of Champions of Norte
/tabless/span-surchamp.html,5/7,Spain - List of Champions of Sur (Campeonato Regional Sur)
/tabless/span-u19champ.html,2/3,Spain - U-19 League Champions
/tabless/span-u19cuphist.html,2/3,Spain - U-19 Cup History
/tabless/span-wom00.html,5/5,Spain (Women) 1999/00
/tabless/span-wom01.html,5/5,Spain (Women) 2000/01
/tabless/span-wom02.html,5/5,Spain (Women) 2001/02
/tabless/span-wom03.html,5/5,Spain (Women) 2002/03
/tabless/span-wom04.html,5/5,Spain (Women) 2003/04
/tabless/span-wom05.html,5/5,Spain (Women) 2004/05
/tabless/span-wom06.html,5/4,Spain (Women) 2005/06
/tabless/span-wom07.html,0/4,?
/tabless/span-wom08.html,5/4,Spain (Women) 2007/08
/tabless/span-wom09.html,5/5,Spain (Women) 2008/09
/tabless/span-wom2010.html,5/5,Spain (Women) 2009/10
/tabless/span-wom2011.html,5/5,Spain (Women) 2010/11
/tabless/span-wom2012.html,5/5,Spain (Women) 2011/12
/tabless/span-wom2013.html,5/5,Spain (Women) 2012/13
/tabless/span-wom2014.html,5/5,Spain (Women) 2013/14
/tabless/span-wom2015.html,5/5,Spain (Women) 2014/15
/tabless/span-wom2016.html,5/5,Spain (Women) 2015/16
/tabless/span-wom2017.html,5/5,Spain (Women) 2016/17
/tabless/span-wom2018.html,5/5,Spain (Women) 2017/18
/tabless/span-wom2019.html,5/5,Spain (Women) 2018/19
/tabless/span-wom2020.html,5/5,Spain (Women) 2019/20
/tabless/span-wom2021.html,5/5,Spain (Women) 2020/21
/tabless/span-wom2022.html,5/5,Spain (Women) 2021/22
/tabless/span-wom2023.html,5/5,Spain (Women) 2022/23
/tabless/span-wom2024.html,5/5,Spain (Women) 2023/24
/tabless/span-wom2025.html,4/3,Spain (Women) 2024/25
/tabless/span-wom81.html,0/1,?
/tabless/span-wom83.html,0/1,?
/tabless/span-wom84.html,0/1,?
/tabless/span-wom85.html,0/1,?
/tabless/span-wom86.html,0/1,?
/tabless/span-wom87.html,0/1,?
/tabless/span-wom88.html,0/2,?
/tabless/span-wom89.html,5/3,Spain (Women) 1988/89
/tabless/span-wom90.html,0/4,?
/tabless/span-wom91.html,5/4,Spain (Women) 1990/91
/tabless/span-wom92.html,5/4,Spain (Women) 1991/92
/tabless/span-wom93.html,0/3,?
/tabless/span-wom94.html,0/3,?
/tabless/span-wom95.html,5/4,Spain (Women) 1994/95
/tabless/span-wom96.html,5/5,Spain (Women) 1995/96
/tabless/span-wom97.html,5/5,Spain (Women) 1996/97
/tabless/span-wom98.html,5/5,Spain (Women) 1997/98
/tabless/span-wom99.html,5/5,Spain (Women) 1998/99
/tabless/span00.html,15/8,Spain 1999/2000 (Top Three Levels)
/tabless/span00ext.html,13/1,Spain 1999/2000 - Extended File
/tabless/span01.html,12/5,Spain 2000/01
/tabless/span02.html,12/6,Spain 2001/02
/tabless/span03.html,13/7,Spain 2002/03
/tabless/span04.html,13/6,Spain 2003/04
/tabless/span05.html,13/5,Spain 2004/05
/tabless/span06.html,13/5,Spain 2005/06
/tabless/span07.html,13/5,Spain 2006/07
/tabless/span08.html,13/5,Spain 2007/08
/tabless/span09.html,13/4,Spain 2008/09
/tabless/span2010.html,13/5,Spain 2009/10
/tabless/span2011.html,13/5,Spain 2010/11
/tabless/span2012.html,13/5,Spain 2011/12
/tabless/span2013.html,13/5,Spain 2012/13
/tabless/span2014.html,13/5,Spain 2013/14
/tabless/span2015.html,13/5,Spain 2014/15
/tabless/span2016.html,13/5,Spain 2015/16
/tabless/span2017.html,13/5,Spain 2016/17
/tabless/span2018.html,13/5,Spain 2017/18
/tabless/span2019.html,13/5,Spain 2018/19
/tabless/span2020.html,13/5,Spain 2019/20
/tabless/span2021.html,13/5,Spain 2020/21
/tabless/span2022.html,13/5,Spain 2021/22
/tabless/span2023.html,13/5,Spain 2022/23
/tabless/span2024.html,13/5,Spain 2023/24
/tabless/span2025.html,13/5,Spain 2024/25
/tabless/span2026.html,12/5,Spain 2025/26
/tabless/span29.html,11/5,Spain 1928/29
/tabless/span2alltime.html,1/2,Spanish Second Division All-Time Table
/tabless/span2champ.html,2/41,Spain - List of Second Division Champions
/tabless/span30.html,12/6,Spain 1929/30
/tabless/span31.html,12/6,Spain 1930/31
/tabless/span3champ.html,1/2,Spain - List of Second Division B Champions
/tabless/span94.html,12/4,Spain 1993/94
/tabless/span95.html,12/5,Spain 1994/95
/tabless/span96.html,12/4,Spain 1995/96
/tabless/span97.html,12/6,Spain 1996/97
/tabless/span98.html,12/6,Spain 1997/98
/tabless/span99.html,12/6,Spain 1998/99
/tabless/spanalltime.html,1/54,Spanish Premier Division All-Time Table
/tabless/spanamachamp.html,10/11,Spain - Amateur Champions 1930-1987
/tabless/spanandaamachamp.html,2/1,Spain - Campeonato de Andalucía Amateur - Champions 1930-1987
/tabless/spanaragoamachamp.html,2/1,Spain - Campeonato de Aragón Amateur - Champions 1930-1987
/tabless/spanascenso.html,2/3,Spain - Liga del Ascenso 1950/51-1955/56
/tabless/spanastuamachamp.html,2/1,Spain - Campeonato de Asturias Amateur - Champions 1930-1987
/tabless/spancastamachamp.html,2/3,Spain - Campeonato de Castilla Amateur - Champions 1930-1987
/tabless/spancatamachamp.html,2/1,Spain - Campeonato de Cataluña Amateur - Champions 1930-1987
/tabless/spanchamp.html,59/56,Spain - List of Champions
/tabless/spanclublist.html,1/7,Spain - List of Clubs 1999/00
/tabless/spancup-plall.html,2/3,Spain - Copa - Clubwise Final Placings
/tabless/spancup00.html,12/1,Spain Cups 1999/2000
/tabless/spancup01.html,11/1,Spain Cups 2000/01
/tabless/spancup02.html,11/1,Spain Cups 2001/02
/tabless/spancup03.html,11/1,Spain Cups 2002/03
/tabless/spancup04.html,11/1,Spain Cup Tournaments 2003/04
/tabless/spancup05.html,11/1,Spain Cup Tournaments 2004/05
/tabless/spancup06.html,11/1,Spain Cup Tournaments 2005/06
/tabless/spancup07.html,11/1,Spain Cup Tournaments 2006/07
/tabless/spancup08.html,11/1,Spain Cup Tournaments 2007/08
/tabless/spancup09.html,11/1,Spain Cup Tournament 2008/09
/tabless/spancup1902.html,3/3,Spain - Cup 1902
/tabless/spancup1903.html,4/4,Spain - Cup 1903
/tabless/spancup1904.html,4/4,Spain - Cup 1904
/tabless/spancup1905.html,4/4,Spain - Cup 1905
/tabless/spancup1906.html,4/4,Spain - Cup 1906
/tabless/spancup1907.html,4/4,Spain - Cup 1907
/tabless/spancup1908.html,4/4,Spain - Cup 1908
/tabless/spancup1909.html,4/4,Spain - Cup 1909
/tabless/spancup1910.html,4/5,Spain - Cups 1910
/tabless/spancup1911.html,4/4,Spain - Cup 1911
/tabless/spancup1912.html,4/4,Spain - Cup 1912
/tabless/spancup1913.html,4/5,Spain - Cups 1913
/tabless/spancup1914.html,4/4,Spain - Cup 1914
/tabless/spancup1915.html,4/4,Spain - Cup 1915
/tabless/spancup1916.html,4/4,Spain - Cup 1916
/tabless/spancup1917.html,4/4,Spain - Cup 1917
/tabless/spancup1918.html,4/4,Spain - Cup 1918
/tabless/spancup1919.html,4/4,Spain - Cup 1919
/tabless/spancup1920.html,4/4,Spain - Cup 1920
/tabless/spancup1921.html,4/4,Spain - Cup 1921
/tabless/spancup1922.html,4/4,Spain - Cup 1922
/tabless/spancup1923.html,4/4,Spain - Cup 1923
/tabless/spancup1924.html,4/4,Spain - Cup 1924
/tabless/spancup1925.html,4/4,Spain - Cup 1925
/tabless/spancup1926.html,4/4,Spain - Cup 1926
/tabless/spancup1927.html,4/4,Spain - Cup 1927
/tabless/spancup1928.html,4/4,Spain - Cup 1928
/tabless/spancup1929.html,4/4,Spain - Cup 1929
/tabless/spancup1930.html,4/4,Spain - Cup 1930
/tabless/spancup1931.html,4/4,Spain - Cup 1931
/tabless/spancup1932.html,4/4,Spain - Cup 1932
/tabless/spancup1933.html,4/4,Spain - Cup 1933
/tabless/spancup1934.html,4/3,Spain - Cup 1934
/tabless/spancup1935.html,4/3,Spain - Cup 1935
/tabless/spancup1936.html,5/4,Spain - Cup 1936
/tabless/spancup1939.html,5/4,Spain - Cup 1939
/tabless/spancup1940.html,4/3,Spain - Cup 1940
/tabless/spancup1941.html,4/3,Spain - Cup 1941
/tabless/spancup1942.html,4/3,Spain - Cup 1942
/tabless/spancup1943.html,4/3,Spain - Cup 1943
/tabless/spancup1944.html,4/3,Spain - Cup 1944
/tabless/spancup1945.html,4/3,Spain - Cup 1945
/tabless/spancup1946.html,4/3,Spain - Cup 1946
/tabless/spancup1947.html,4/3,Spain - Cup 1947
/tabless/spancup1948.html,4/3,Spain - Cup 1948
/tabless/spancup1949.html,4/3,Spain - Cup 1949
/tabless/spancup1950.html,4/3,Spain - Cup 1950
/tabless/spancup1951.html,4/3,Spain - Cup 1951
/tabless/spancup1952.html,4/3,Spain - Cup 1952
/tabless/spancup1953.html,4/3,Spain - Cup 1953
/tabless/spancup1954.html,4/3,Spain - Cup 1954
/tabless/spancup1955.html,4/3,Spain - Cup 1955
/tabless/spancup1956.html,4/3,Spain - Cup 1956
/tabless/spancup1957.html,4/3,Spain - Cup 1957
/tabless/spancup1958.html,4/3,Spain - Cup 1958
/tabless/spancup1959.html,4/3,Spain - Cup 1959
/tabless/spancup1960.html,4/3,Spain - Cup 1960
/tabless/spancup1961.html,4/3,Spain - Cup 1961
/tabless/spancup1962.html,4/3,Spain - Cup 1962
/tabless/spancup1963.html,4/3,Spain - Cup 1963
/tabless/spancup1964.html,4/3,Spain - Cup 1964
/tabless/spancup1965.html,4/3,Spain - Cup 1965
/tabless/spancup1966.html,4/3,Spain - Cup 1966
/tabless/spancup1967.html,4/3,Spain - Cup 1967
/tabless/spancup1968.html,4/3,Spain - Cup 1968
/tabless/spancup1969.html,4/3,Spain - Cup 1969
/tabless/spancup1970.html,4/3,Spain - Cup 1970
/tabless/spancup1971.html,4/3,Spain - Cup 1971
/tabless/spancup1972.html,4/3,Spain - Cup 1972
/tabless/spancup1973.html,4/3,Spain - Cup 1973
/tabless/spancup1974.html,4/3,Spain - Cup 1974
/tabless/spancup1975.html,4/3,Spain - Cup 1975
/tabless/spancup1976.html,4/3,Spain - Cup 1976
/tabless/spancup1977.html,4/3,Spain - Cup 1977
/tabless/spancup1978.html,4/3,Spain - Cup 1978
/tabless/spancup1979.html,4/3,Spain - Cup 1979
/tabless/spancup1980.html,6/3,Spain - Cup 1980
/tabless/spancup1981.html,4/3,Spain - Cup 1981
/tabless/spancup1982.html,4/3,Spain - Cup 1982
/tabless/spancup1983.html,5/3,Spain - Cups 1983
/tabless/spancup1984.html,4/3,Spain - Cups 1984
/tabless/spancup1985.html,4/3,Spain - Cups 1985
/tabless/spancup1986.html,4/3,Spain - Cups 1986
/tabless/spancup1987.html,4/3,Spain - Cup 1987
/tabless/spancup1988.html,4/3,Spain - Cup 1988
/tabless/spancup1989.html,4/3,Spain - Cup 1989
/tabless/spancup1990.html,4/3,Spain - Cup 1990
/tabless/spancup1991.html,4/3,Spain - Cup 1991
/tabless/spancup1992.html,4/3,Spain - Cup 1992
/tabless/spancup1993.html,4/3,Spain - Cup 1993
/tabless/spancup1994.html,4/3,Spain - Cup 1994
/tabless/spancup1995.html,5/3,Spain - Cups 1995
/tabless/spancup1996.html,5/3,Spain - Cups 1996
/tabless/spancup97.html,12/2,Spain Cups 1996/97
/tabless/spancup98.html,11/1,Spain Cups 1997/98
/tabless/spancup99.html,11/1,Spain Cups 1998/99
/tabless/spancuphist.html,140/167,Spain - List of Cup Finals
/tabless/spancuplibre37.html,7/5,Spain - Copa de España Libre 1937
/tabless/spanfound.html,2/56,Spain - List of Foundation Dates of Clubs
/tabless/spangalicamachamp.html,2/1,Spain - Campeonato de Galicia Amateur - Champions 1930-1987
/tabless/spanhist.html,9/66,"Spain, Final Tables 1928-"
/tabless/spanhist2839.html,12/13,"Spain, Final Tables 1928-1939"
/tabless/spanhist3949.html,9/9,"Spain, Final Tables 1939-1949"
/tabless/spanhist4959.html,10/10,"Spain, Final Tables 1949-1959"
/tabless/spanhist5969.html,9/9,"Spain, Final Tables 1959-1969"
/tabless/spanhist6979.html,9/9,"Spain, Final Tables 1969-1979"
/tabless/spanhist7989.html,9/9,"Spain, Final Tables 1979-1989"
/tabless/spanhist8999.html,9/9,"Spain, Final Tables 1989-1999"
/tabless/spanhist9909.html,9/8,"Spain, Final Tables 1999-"
/tabless/spanleagcuphist.html,1/55,Spain - List of League Cup Finals
/tabless/spanlow03.html,13/1,Spain Fourth and Lower Levels 2002/03
/tabless/spanmedit37.html,7/4,Spain - Mediterranean League 1937
/tabless/spanplall.html,4/2,Spain - clubwise final placings
/tabless/spanrfefandalusi.html,2/1,Spain - Copa RFEF - Fase Autonómica (Andalucía Oriental-Melilla)
/tabless/spanrfefandalusib.html,2/1,Spain - Copa RFEF - Fase Autonómica (Andalucía Occidental-Ceuta)
/tabless/spanrfefaragon.html,2/1,Spain - Copa RFEF - Fase Autonómica (Aragón)
/tabless/spanrfefastur.html,2/1,Spain - Copa RFEF - Fase Autonómica (Asturias)
/tabless/spanrfefbalear.html,2/1,Spain - Copa RFEF - Fase Autonómica (Baleares)
/tabless/spanrfefcanary.html,2/1,Spain - Copa RFEF - Fase Autonómica (Canarias)
/tabless/spanrfefcantab.html,2/1,Spain - Copa RFEF - Fase Autonómica (Cantabria)
/tabless/spanrfefcastleon.html,2/1,Spain - Copa RFEF - Fase Autonómica (Castilla y León)
/tabless/spanrfefcataluna.html,2/1,Spain - Copa RFEF - Fase Autonómica (Cataluña)
/tabless/spanrfefcuphist.html,20/61,Spain - List of Copa RFEF Finals
/tabless/spanrfefeuskadi.html,2/1,Spain - Copa RFEF - Fase Autonómica (Euskadi-País Vasco)
/tabless/spanrfefextremad.html,2/1,Spain - Copa RFEF - Fase Autonómica (Extremadura)
/tabless/spanrfefgalicia.html,2/1,Spain - Copa RFEF - Fase Autonómica (Galicia)
/tabless/spanrfeflevante.html,2/1,Spain - Copa RFEF - Fase Autonómica (Levante - Comunidad Valenciana)
/tabless/spanrfefmadrid.html,2/1,Spain - Copa RFEF - Fase Autonómica (Madrid)
/tabless/spanrfefmancha.html,2/1,Spain - Copa RFEF - Fase Autonómica (Castilla-La Mancha)
/tabless/spanrfefmurcia.html,2/1,Spain - Copa RFEF - Fase Autonómica (Murcia)
/tabless/spanrfefnavarra.html,3/2,Spain - Copa RFEF - Fase Autonómica (Navarra)
/tabless/spanrfefrioja.html,3/2,Spain - Copa RFEF - Fase Autonómica (La Rioja)
/tabless/spansupcuphist.html,1/56,Spain - List of Super Cup Finals
/tabless/spantops.html,1/54,"Spain - List of Topscorers (""Pichichi"")"
/tabless/spantops-allt.html,2/3,Spain - All-Time Topscorers
/tabless/spanvascamachamp.html,2/1,Spain - Campeonato del Pais Vasco Amateur - Champions 1930-1987
/tabless/spanwomchamp.html,38/37,Spain - List of Women's Champions
/tabless/spanwomcuphist.html,46/37,Spain - List of Women's Cup Winners
/tabless/sparta-argtrip66.html,2/3,Sparta Praha Trip to Argentina 1966
/tabless/sparta-satrip69.html,2/3,Río de la Plata Trip of Sparta Praha 1969
/tabless/spartakiade50.html,4/4,"Den československé armády (""Army Spartakiade"") 1950"
/tabless/spartakiade51a.html,5/5,"Magyar Néphadsereg napja (""Army Spartakiade"") 1951"
/tabless/spartakiade51b.html,5/5,"Den československé armády (""Army Spartakiade"") 1951"
/tabless/spartakiade54.html,5/5,"Tournament of Friendly Armies (""Army Spartakiade"") 1954"
/tabless/spartakiade58.html,5/5,"Tournament of Friendly Armies (""Army Spartakiade"") 1958"
/tabless/spartakiade62.html,5/5,"Tournament of Friendly Armies (""Army Spartakiade"") 1962"
/tabless/spartakiade63.html,5/5,"Tournament of Friendly Armies (""Army Spartakiade"") 1963"
/tabless/spartakiade75.html,5/5,"Tournament of Friendly Armies (""Army Spartakiade"") 1975"
/tabless/spartakiade84.html,5/5,"Tournament of Friendly Armies (""Army Spartakiade"") 1984"
/tabless/spartakiade89.html,4/4,"Tournament of Friendly Armies (""Army Spartakiade"") 1989"
/tabless/spartakiads.html,5/15,Spartakiads
/tabless/spartap-nam26.html,1/2,Sparta Praha North American Tour 1926
/tabless/spartap40-33.html,4/4,"AC Sparta Praha 40th Anniversary Tournament, 1933"
/tabless/spartapasen34-48.html,1/2,Easter Tournaments Sparta (Rotterdam) 1934 and 1948
/tabless/spartarmy.html,13/12,"Tournament of Friendly Armies (""Army Spartakiade"") 1950-1989"
/tabless/spbsas-mextour30.html,1/2,Mexican trip of Sportivo Buenos Aires (ARG) 1930
/tabless/spbuni.html,1/2,Sport Boys v Universitario
/tabless/spfctrip55.html,2/2,Latin American Trip of São Paulo FC in 1955
/tabless/spfctrip59.html,1/2,South American Trip of São Paulo FC in 1959
/tabless/spfctrip60.html,1/2,Latin American Trip of São Paulo FC in 1960
/tabless/spfctrip62.html,1/2,Colombian Trip of São Paulo FC in 1962
/tabless/spitsbergen03.html,0/1,?
/tabless/spitsbergen08.html,3/1,Svalbard 2008
/tabless/spitsbergen1900s.html,0/1,?
/tabless/spitsbergen2010.html,0/1,?
/tabless/spitsbergen2022.html,0/1,?
/tabless/spitsbergen2023.html,2/1,Svalbard 2023
/tabless/spl-kaiser-00.html,1/1,São Paulo - Copa Kaiser 2000
/tabless/spl-u20-00.html,3/3,Copa São Paulo Junior 2000
/tabless/spl-u20-96.html,3/2,Copa São Paulo Junior 1996
/tabless/spl-u20-97.html,4/4,Copa São Paulo Junior 1997
/tabless/spl-u20-99.html,4/4,Copa São Paulo Junior 1999
/tabless/spl-u20champ.html,5/5,Copa São Paulo Junior - List of Champions
/tabless/spl00.html,14/8,São Paulo 2000
/tabless/spl01.html,10/3,São Paulo 2001
/tabless/spl02.html,9/2,São Paulo 2002
/tabless/spl03.html,8/1,São Paulo 2003
/tabless/spl1902.html,7/2,Championship of Sao Paulo 1902
/tabless/spl1903.html,8/3,Championship of Sao Paulo 1903
/tabless/spl1904.html,8/3,Championship of Sao Paulo 1904
/tabless/spl1905.html,8/3,Championship of Sao Paulo 1905
/tabless/spl1906.html,8/3,Championship of Sao Paulo 1906
/tabless/spl1907.html,8/3,Championship of Sao Paulo 1907
/tabless/spl1908.html,8/3,Championship of Sao Paulo 1908
/tabless/spl1909.html,8/3,Championship of Sao Paulo 1909
/tabless/spl1910.html,8/3,Championship of Sao Paulo 1910
/tabless/spl1911.html,8/3,Championship of Sao Paulo 1911
/tabless/spl1912.html,8/3,Championship of Sao Paulo 1912
/tabless/spl2-00.html,13/6,State Championship São Paulo 2000 Second Level (Série A-2)
/tabless/spl2-96.html,8/2,Championship of Sao Paulo Second Level 1996
/tabless/spl2-97.html,12/7,Championship of Sao Paulo Second Level 1997
/tabless/spl2-98.html,12/7,Championship of Sao Paulo Second Level 1998
/tabless/spl2-99.html,13/8,State Championship São Paulo 1999 Second Level (Série A-2)
/tabless/spl2champ.html,0/45,São Paulo State - List of Second Division Champions
/tabless/spl2hist.html,1/46,São Paulo State - List of Second Division Participants 1950-97
/tabless/spl3-00.html,13/6,State Championship São Paulo 2000 Third Level (Série A-3)
/tabless/spl3-97.html,11/6,Championship of Sao Paulo Third Level 1997
/tabless/spl3-98.html,12/7,Championship of Sao Paulo Third Level 1998
/tabless/spl3-99.html,13/8,Championship of Sao Paulo 1999 Grupo A-III (Third Level)
/tabless/spl3champ.html,0/45,São Paulo State -- List of Third Division Champions
/tabless/spl4-00.html,13/5,State Championship São Paulo 2000 Fourth Level (Série B-1)
/tabless/spl4-97.html,11/6,Championship of Sao Paulo Fourth Level 1997
/tabless/spl4-98.html,12/7,Championship of Sao Paulo Fourth Level 1998
/tabless/spl4-99.html,12/8,Championship of Sao Paulo 1999 Grupo B1-A (Fourth Level)
/tabless/spl4champ.html,0/9,State Championship São Paulo - List of Fourth Level Champions
/tabless/spl5-00.html,13/5,State Championship São Paulo 2000 Fifth Level (Série B-2)
/tabless/spl5-97.html,11/6,Championship of Sao Paulo Fifth Level 1997
/tabless/spl5-98.html,12/7,Championship of Sao Paulo Fifth Level 1998
/tabless/spl5-99.html,12/8,Championship of Sao Paulo 1999 Grupo B1-B (Fifth Level)
/tabless/spl5champ.html,0/9,State Championship São Paulo - List of Fifth Level Champions
/tabless/spl77.html,8/4,State Championship São Paulo 1977
/tabless/spl85.html,8/4,State Championship São Paulo 1985
/tabless/spl86.html,8/4,State Championship São Paulo 1986
/tabless/spl91.html,8/3,State Championship São Paulo 1991
/tabless/spl92.html,8/3,State Championship of Sao Paulo 1992
/tabless/spl93.html,8/3,State Championship of Sao Paulo 1993
/tabless/spl94.html,8/3,State Championship of Sao Paulo 1994
/tabless/spl95.html,8/3,Championship of Sao Paulo 1995
/tabless/spl96.html,9/5,Championship of Sao Paulo 1996
/tabless/spl97.html,12/7,Championship of Sao Paulo 1997
/tabless/spl98.html,12/7,Championship of Sao Paulo 1998
/tabless/spl99.html,13/8,Championship of Sao Paulo 1999
/tabless/splchamp.html,0/45,São Paulo State - List of Champions
/tabless/splcup99.html,11/6,Sao Paulo Cup 1999
/tabless/splhist.html,0/1,?
/tabless/spltops.html,1/45,São Paulo Estate - List of Topscorers
/tabless/spobsas-braz30.html,1/3,Sportivo Buenos Aires Trip to Brazil 1930
/tabless/spoleto2012.html,0/1,?
/tabless/sporting-cp.html,1/2,Sporting Clube de Portugal - League Positions
/tabless/sportingcp-braztrip28.html,1/2,Brazilian Trip of Sporting Clube de Portugal 1928
/tabless/sportmundi2012.html,0/1,?
/tabless/spsokolovo-asia61.html,1/2,TJ Spartak Praha Sokolovo (Czechoslovakia) tour of Asia 1961
/tabless/spurs95.html,0/1,?
/tabless/srilanka-intres.html,1/2,Sri Lanka - List of International Matches
/tabless/srilanka-wom02.html,0/1,?
/tabless/srilanka-wom03.html,0/1,?
/tabless/srilanka-wom04.html,0/1,?
/tabless/srilanka-wom05.html,0/1,?
/tabless/srilanka-wom08.html,0/1,?
/tabless/srilanka-wom09.html,0/1,?
/tabless/srilanka-wom2010.html,0/1,?
/tabless/srilanka-wom2011.html,0/1,?
/tabless/srilanka-wom2012.html,0/2,?
/tabless/srilanka-wom2013.html,4/2,Sri Lanka (Women) 2013
/tabless/srilanka-wom2014.html,0/3,?
/tabless/srilanka-wom2015.html,4/2,Sri Lanka (Women) 2015
/tabless/srilanka-wom2016.html,0/2,?
/tabless/srilanka-wom2017.html,0/2,?
/tabless/srilanka-wom2018.html,4/2,Sri Lanka (Women) 2018
/tabless/srilanka-wom2024.html,0/1,?
/tabless/srilanka-wom98.html,0/1,?
/tabless/srilanka-womchamp.html,17/5,Sri Lanka - List of Women Champions
/tabless/srilanka-youthchamp.html,1/2,Sri Lanka - List of Youth (U-19) Champions
/tabless/srilanka00.html,5/4,Sri Lanka 1999/2000
/tabless/srilanka01.html,5/4,Sri Lanka 2000/01
/tabless/srilanka02.html,5/3,Sri Lanka 2001/02
/tabless/srilanka03.html,5/4,Sri Lanka 2002/03
/tabless/srilanka04.html,5/4,Sri Lanka 2003/04
/tabless/srilanka05.html,5/5,Sri Lanka 2004/05
/tabless/srilanka06.html,5/5,Sri Lanka 2005/06
/tabless/srilanka07.html,5/5,Sri Lanka 2006/07
/tabless/srilanka08.html,5/5,Sri Lanka 2007/08
/tabless/srilanka08a.html,5/4,Sri Lanka 2008/09
/tabless/srilanka2010.html,5/5,Sri Lanka 2009/10
/tabless/srilanka2011.html,5/5,Sri Lanka 2010/11
/tabless/srilanka2012.html,5/5,Sri Lanka 2011/12
/tabless/srilanka2013.html,5/5,Sri Lanka 2012/13
/tabless/srilanka2014.html,5/4,Sri Lanka 2014/15
/tabless/srilanka2016.html,5/5,Sri Lanka 2015/16
/tabless/srilanka2017.html,5/5,Sri Lanka 2016/17
/tabless/srilanka2018.html,5/4,Sri Lanka 2017/18
/tabless/srilanka2019.html,5/5,Sri Lanka 2018/19
/tabless/srilanka2020.html,5/3,Sri Lanka 2019/20
/tabless/srilanka2021.html,5/3,Sri Lanka 2020/21
/tabless/srilanka2022.html,5/6,Sri Lanka 2021/22
/tabless/srilanka2023.html,5/3,Sri Lanka 2023
/tabless/srilanka2024.html,5/4,Sri Lanka 2024
/tabless/srilanka2025.html,5/4,Sri Lanka 2025
/tabless/srilanka2026.html,5/4,Sri Lanka 2026
/tabless/srilanka25.html,4/2,Ceylon 1925
/tabless/srilanka85.html,6/6,Sri Lanka 1985
/tabless/srilanka88.html,6/4,Sri Lanka 1988
/tabless/srilanka89.html,6/6,Sri Lanka 1988/89
/tabless/srilanka91.html,6/4,Sri Lanka 1990/91
/tabless/srilanka96.html,6/5,Sri Lanka 1996
/tabless/srilanka97.html,5/4,Sri Lanka 1997
/tabless/srilanka98.html,5/4,Sri Lanka 1997/98
/tabless/srilanka99.html,5/4,Sri Lanka 1998/99
/tabless/srilankachamp.html,31/42,Sri Lanka - List of Champions
/tabless/srilankacup51.html,5/3,Sri Lanka Colombo Cup 1951
/tabless/srilankacup53.html,5/3,Ceylon Cup 1953/54
/tabless/srilankacup55.html,5/3,Ceylon Colombo Cup 1955
/tabless/srilankacup83.html,5/3,Sri Lanka 1983 (Cup)
/tabless/srilankacup94.html,5/3,Sri Lanka Cup 1994/95
/tabless/srilankacuphist.html,33/42,Sri Lanka - List of Cup Winners
/tabless/srilankafound.html,1/2,Sri Lanka - List of Foundation Dates
/tabless/srilankalowchamp.html,1/2,Sri Lanka - List of Third and Fourth Level Champions
/tabless/srs-kriens.html,1/2,SRS Cup (Kriens Turnier)
/tabless/ssebas04.html,1/1,Trofeo San Sebastián 2004 (Huelva)
/tabless/sssc86.html,1/2,Screen Sports Super Cup 1986
/tabless/stabile67.html,0/2,?
/tabless/stacat00.html,8/3,Santa Catarina State League 2000
/tabless/stacat2-00.html,7/3,Santa Catarina State League Second Level 2000
/tabless/stacat2-97.html,7/3,Santa Catarina State League Second Division 1997
/tabless/stacat2-99.html,8/4,Santa Catarina State League Second Division 1999
/tabless/stacat2champ.html,0/10,Santa Catarina - List of Second Division Champions
/tabless/stacat2hist.html,2/9,Santa Catarina State Second Level - History 1986-1996
/tabless/stacat77.html,6/3,Santa Catarina State League 1977
/tabless/stacat91.html,7/3,Santa Catarina State League 1991
/tabless/stacat97.html,8/4,Santa Catarina State League 1997
/tabless/stacat98.html,7/3,Santa Catarina State League 1998
/tabless/stacat99.html,8/4,Santa Catarina State League 1999
/tabless/stacatchamp.html,1/10,Santa Catarina State - List of Champions
/tabless/stacatcuphist.html,1/2,Santa Catarina -- List of State Cup Winners
/tabless/stacathist.html,2/12,Santa Catarina State - History 1924-1995
/tabless/stadequimper100-05.html,1/1,"Centenary of Stade Quimpérois 2005 (Quimper, France)"
/tabless/staefa95.html,1/2,Stäfa Tournament 1995
/tabless/stalmielec-argtrip75.html,1/3,Stal Mielec Trip to Argentina 1975
/tabless/stampa1908.html,2/3,Torneo Internazionale Stampa Sportiva 1908 (Torino)
/tabless/standardlife47.html,0/3,?
/tabless/stanleypool.html,7/8,Stanley Pool Championship
/tabless/stanleypoolcup.html,6/7,Stanley Pool Cup
/tabless/statiachamp.html,7/4,Sint Eustatius - Football History
/tabless/stbrieuc-u17.html,0/2,?
/tabless/stcroix-intres.html,1/2,Saint Croix (US Virgin Islands) - List of International Matches
/tabless/stcroix-u19.html,1/3,Tournoi International Juniors U-19 de Croix (France)
/tabless/stemwede-u19.html,1/2,U-19 Tournament in Stemwede (Germany)
/tabless/stevenson05.html,1/1,Trofeo Stevenson 2005 (Alava)
/tabless/stgallen70-49.html,2/3,70th Anniversary of FC Sankt Gallen - 1949
/tabless/stgallen75-54.html,3/4,75th Anniversary of FC Sankt Gallen - 1954
/tabless/stgallen90-69.html,2/3,90th Anniversary of FC Sankt Gallen - 1969
/tabless/stgallen93.html,1/2,Sankt Gallen Tournament 1993
/tabless/sthelena00.html,5/5,Saint Helena 2000
/tabless/sthelena01.html,5/5,Saint Helena 2001
/tabless/sthelena02.html,5/5,Saint Helena 2002
/tabless/sthelena03.html,5/5,Saint Helena 2003
/tabless/sthelena04.html,5/5,Saint Helena 2004
/tabless/sthelena05.html,5/5,Saint Helena 2005
/tabless/sthelena06.html,5/5,Saint Helena 2006
/tabless/sthelena07.html,5/5,Saint Helena 2007
/tabless/sthelena08.html,5/5,Saint Helena 2008
/tabless/sthelena09.html,5/5,Saint Helena 2009
/tabless/sthelena2010.html,5/4,Saint Helena 2010
/tabless/sthelena2011.html,5/4,Saint Helena 2011
/tabless/sthelena2012.html,5/5,Saint Helena 2012
/tabless/sthelena2013.html,5/5,Saint Helena 2013
/tabless/sthelena2014.html,5/5,Saint Helena 2014
/tabless/sthelena2015.html,5/5,Saint Helena 2015
/tabless/sthelena2016.html,5/5,Saint Helena 2016
/tabless/sthelena2017.html,5/5,Saint Helena 2017
/tabless/sthelena2018.html,5/5,Saint Helena 2018
/tabless/sthelena2019.html,5/5,Saint Helena 2019
/tabless/sthelena2020.html,5/5,Saint Helena 2020
/tabless/sthelena2021.html,5/5,Saint Helena 2021
/tabless/sthelena2022.html,5/5,Saint Helena 2022
/tabless/sthelena2023.html,5/5,Saint Helena 2023
/tabless/sthelena2024.html,5/5,Saint Helena 2024
/tabless/sthelena2025.html,5/6,Saint Helena 2025
/tabless/sthelena2026.html,4/4,Saint Helena 2026
/tabless/sthelena74.html,4/2,Saint Helena 1974
/tabless/sthelena90.html,5/3,Saint Helena 1990
/tabless/sthelena98.html,5/4,Saint Helena 1998
/tabless/sthelena99.html,5/4,Saint Helena 1999
/tabless/sthelenachamp.html,32/33,Saint Helena - List of Champions
/tabless/sthelenacuphist.html,27/34,Saint Helena - List of Cup Winners
/tabless/stjoseph-jun.html,1/2,Tournoi U-18 de Saint-Joseph (France)
/tabless/stkitts-fest.html,0/1,?
/tabless/stkitts-intres.html,2/4,Saint Kitts and Nevis - List of International Matches
/tabless/stkitts-intres-detwcq.html,2/3,Saint Kitts and Nevis - Details of World Cup Qualifiers
/tabless/stkitts-u13-07.html,0/1,?
/tabless/stkitts-wom2012.html,0/1,?
/tabless/stkitts-wom2013.html,0/2,?
/tabless/stkitts-wom2013b.html,0/1,?
/tabless/stkitts-wom2014.html,0/2,?
/tabless/stkitts-wom2015.html,0/1,?
/tabless/stkitts-wom2016.html,0/2,?
/tabless/stkitts-wom2017.html,0/2,?
/tabless/stkitts-wom2018.html,0/2,?
/tabless/stkitts-wom2019.html,5/4,Saint Kitts and Nevis (Women) 2018/19
/tabless/stkitts-wom2020.html,5/4,Saint Kitts and Nevis (Women) 2019/20
/tabless/stkitts-wom2021.html,0/2,?
/tabless/stkitts-wom2023.html,0/1,?
/tabless/stkitts-wom2024.html,0/3,?
/tabless/stkitts-wom2025.html,4/2,Saint Kitts and Nevis (Women) 2025
/tabless/stkitts-womchamp.html,15/5,Saint Kitts and Nevis - List of Women Champions
/tabless/stkitts-womcuphist.html,8/5,Saint Kitts and Nevis - List of Women Cup Winners
/tabless/stkitts00.html,5/3,Saint Kitts and Nevis 2000/01
/tabless/stkitts02.html,5/3,Saint Kitts and Nevis 2001/02
/tabless/stkitts03.html,5/4,Saint Kitts and Nevis 2002/03
/tabless/stkitts04.html,5/5,Saint Kitts and Nevis 2003/04
/tabless/stkitts05.html,5/5,Saint Kitts and Nevis 2004/05
/tabless/stkitts06.html,5/5,Saint Kitts and Nevis 2005/06
/tabless/stkitts07.html,5/5,Saint Kitts and Nevis 2006/07
/tabless/stkitts08.html,5/4,Saint Kitts and Nevis 2007/08
/tabless/stkitts09.html,5/5,Saint Kitts and Nevis 2008/09
/tabless/stkitts2010.html,5/5,Saint Kitts and Nevis 2009/10
/tabless/stkitts2011.html,5/5,Saint Kitts and Nevis 2010/11
/tabless/stkitts2012.html,5/5,Saint Kitts and Nevis 2011/12
/tabless/stkitts2013.html,5/5,Saint Kitts and Nevis 2012/13
/tabless/stkitts2014.html,5/5,Saint Kitts and Nevis 2013/14
/tabless/stkitts2015.html,5/5,Saint Kitts and Nevis 2014/15
/tabless/stkitts2016.html,5/5,Saint Kitts and Nevis 2015/16
/tabless/stkitts2017.html,5/5,Saint Kitts and Nevis 2016/17
/tabless/stkitts2018.html,5/5,Saint Kitts and Nevis 2017/18
/tabless/stkitts2019.html,5/5,Saint Kitts and Nevis 2018/19
/tabless/stkitts2020.html,5/5,Saint Kitts and Nevis 2019/20
/tabless/stkitts2021.html,5/5,Saint Kitts and Nevis 2021/22
/tabless/stkitts2023.html,5/6,Saint Kitts and Nevis 2023
/tabless/stkitts2024.html,5/5,Saint Kitts and Nevis 2024
/tabless/stkitts2025.html,5/5,Saint Kitts and Nevis 2025
/tabless/stkitts2026.html,4/6,Saint Kitts and Nevis 2025/26
/tabless/stkitts2champ.html,1/2,Saint Kitts and Nevis - List of Second Level Champions
/tabless/stkitts59.html,4/2,Saint Kitts and Nevis 1959
/tabless/stkitts63.html,5/4,Saint Kitts and Nevis 1963
/tabless/stkitts64.html,5/4,Saint Kitts and Nevis 1964
/tabless/stkitts65.html,5/4,Saint Kitts and Nevis 1965
/tabless/stkitts73.html,5/2,Saint Kitts and Nevis 1973
/tabless/stkitts74.html,5/2,Saint Kitts and Nevis 1974
/tabless/stkitts75.html,5/3,Saint Kitts and Nevis 1975
/tabless/stkitts76.html,5/4,Saint Kitts and Nevis 1976
/tabless/stkitts77.html,5/3,Saint Kitts and Nevis 1977
/tabless/stkitts78.html,5/3,Saint Kitts and Nevis 1978
/tabless/stkitts96.html,5/3,Saint Kitts and Nevis 1996
/tabless/stkitts97.html,5/3,Saint Kitts and Nevis 1997
/tabless/stkitts99.html,5/3,Saint Kitts and Nevis 1999
/tabless/stkittschamp.html,37/40,Saint Kitts and Nevis - List of Champions
/tabless/stkittscuphist.html,28/40,Saint Kitts and Nevis - List of Cup Winners
/tabless/stkittsfound.html,1/2,Saint Kitts and Nevis - List of Foundation Dates
/tabless/stlouissc-in-zwed1920.html,2/3,Swedish Trip of St. Louis Soccer Club 1920
/tabless/stlucia-intres.html,1/2,Saint Lucia - List of International Matches
/tabless/stlucia-wom05.html,0/1,?
/tabless/stlucia-wom06.html,0/1,?
/tabless/stlucia-wom08a.html,0/1,?
/tabless/stlucia-wom09.html,0/1,?
/tabless/stlucia-wom2010.html,0/1,?
/tabless/stlucia-wom2011.html,0/2,?
/tabless/stlucia-wom2012.html,3/2,Saint Lucia (Women) 2012/13
/tabless/stlucia-womchamp.html,8/2,Saint Lucia - List of Women Champions
/tabless/stlucia00.html,5/4,Saint Lucia 2000
/tabless/stlucia01.html,5/4,Saint Lucia 2001
/tabless/stlucia02.html,5/4,Saint Lucia 2002
/tabless/stlucia03.html,6/5,Saint Lucia 2003/04
/tabless/stlucia05.html,6/5,Saint Lucia 2005/06
/tabless/stlucia07.html,5/4,Saint Lucia 2006/07
/tabless/stlucia08.html,6/5,Saint Lucia 2007/08
/tabless/stlucia08a.html,5/4,Saint Lucia 2008/09
/tabless/stlucia2010.html,5/3,Saint Lucia 2009/10
/tabless/stlucia2011.html,6/5,Saint Lucia 2010/11
/tabless/stlucia2012.html,5/4,Saint Lucia 2011/12
/tabless/stlucia2012b.html,6/5,Saint Lucia 2012
/tabless/stlucia2013.html,5/4,Saint Lucia 2013
/tabless/stlucia2014.html,5/3,Saint Lucia 2014
/tabless/stlucia2015.html,5/4,Saint Lucia 2015
/tabless/stlucia2016.html,5/4,Saint Lucia 2016
/tabless/stlucia2017.html,5/4,Saint Lucia 2017
/tabless/stlucia2018.html,5/5,Saint Lucia 2018
/tabless/stlucia2019.html,5/5,Saint Lucia 2019
/tabless/stlucia2020.html,5/5,Saint Lucia 2020
/tabless/stlucia2021.html,5/5,Saint Lucia 2021
/tabless/stlucia2022.html,5/5,Saint Lucia 2022/23
/tabless/stlucia2023.html,5/5,Saint Lucia 2023
/tabless/stlucia2024.html,5/5,Saint Lucia 2024
/tabless/stlucia2025.html,4/4,Saint Lucia 2025
/tabless/stlucia7080s.html,5/4,Saint Lucia 1974-1986
/tabless/stlucia97.html,6/6,Saint Lucia 1997
/tabless/stlucia99.html,6/5,Saint Lucia 1999
/tabless/stluciachamp.html,26/32,Saint Lucia - List of Champions
/tabless/stluciacup04.html,5/3,Saint Lucia Cups 2004
/tabless/stluciacup96.html,5/3,Saint Lucia 1996 (Cup)
/tabless/stluciacup98.html,5/3,Saint Lucia Cups 1998
/tabless/stluciacuphist.html,33/33,Saint Lucia - List of Cup Winners
/tabless/stluciafound.html,1/2,Saint Lucia - List of Foundation Dates
/tabless/stmaarten-intres.html,1/2,(Dutch) Sint Maarten - List of International Matches
/tabless/stmaarten-wom2023.html,2/1,Sint Maarten (Women) 2022/23
/tabless/stmaarten01.html,4/3,Sint Maarten 2001
/tabless/stmaarten06.html,4/3,Sint Maarten 2005/06
/tabless/stmaarten07.html,4/3,Sint Maarten 2006/07
/tabless/stmaarten2014.html,4/2,Sint Maarten 2014
/tabless/stmaarten2017.html,4/4,Sint Maarten 2016/17
/tabless/stmaarten2018.html,4/2,Sint Maarten 2018
/tabless/stmaarten2019.html,4/3,Sint Maarten 2018/19
/tabless/stmaarten2021.html,4/5,Sint Maarten 2020/21
/tabless/stmaarten2022.html,4/5,Sint Maarten 2021/22
/tabless/stmaarten2023.html,5/5,Sint Maarten 2022/23
/tabless/stmaarten2024.html,4/5,Sint Maarten 2023/24
/tabless/stmaarten2025.html,4/6,Sint Maarten 2024/25
/tabless/stmaarten2026.html,3/4,Sint Maarten 2025/26
/tabless/stmaarten76.html,4/2,Sint Maarten 1975/76
/tabless/stmaartenchamp.html,18/20,Sint Maarten - List of Champions
/tabless/stmaartensupcuphist.html,6/1,Sint Maarten - List of Super Cup Finals
/tabless/stmalo-u17.html,0/2,?
/tabless/stmalo89.html,1/2,Tournoi de Saint-Malo 1989 (France)
/tabless/stmartin-intres.html,1/2,(French) Saint Martin - List of International Matches
/tabless/stmartin-u13-07.html,0/1,?
/tabless/stmartin-wom2015.html,1/1,Saint-Martin (Women) 2015
/tabless/stmartin00.html,5/3,Saint-Martin 1999/00
/tabless/stmartin01.html,4/4,Saint-Martin 2000/01
/tabless/stmartin03.html,4/3,Saint-Martin 2002/03
/tabless/stmartin05.html,4/3,Saint-Martin 2004/05
/tabless/stmartin06.html,4/3,Saint-Martin 2005/06
/tabless/stmartin07.html,4/3,Saint-Martin 2006/07
/tabless/stmartin08.html,4/3,Saint-Martin 2007/08
/tabless/stmartin09.html,4/3,Saint-Martin 2008/09
/tabless/stmartin70.html,4/3,Saint-Martin 1970
/tabless/stmartinchamp.html,25/29,Saint-Martin - List of Champions
/tabless/stmartinfound.html,1/2,Saint-Martin - List of Foundation Dates
/tabless/stmoritz11.html,1/2,Turnier Sankt Moritz 1911
/tabless/stockholm32.html,1/2,International Tournament in Stockholm 1932
/tabless/stoke-argtrip64.html,1/3,Stoke City FC Trip to Argentina 1964
/tabless/stouvenot.html,1/2,"Challenge Stouvenot (Corse, France)"
/tabless/stpaul-sing61.html,1/2,"St Paul's University (Tokyo, Japan) tour of Singapore 1961"
/tabless/stpierre-wom2022.html,0/1,?
/tabless/stpierre-wom2024.html,2/1,Saint-Pierre et Miquelon (Women) 2024
/tabless/stpierre02.html,3/3,Saint Pierre et Miquelon 2002
/tabless/stpierre03.html,4/4,Saint Pierre et Miquelon 2003
/tabless/stpierre04.html,4/4,Saint Pierre et Miquelon 2004
/tabless/stpierre05.html,4/3,Saint Pierre et Miquelon 2005
/tabless/stpierre08.html,4/2,Saint Pierre et Miquelon 2008
/tabless/stpierre2010.html,4/4,Saint Pierre et Miquelon 2010
/tabless/stpierre2011.html,4/3,Saint Pierre et Miquelon 2011
/tabless/stpierre2012.html,4/4,Saint Pierre et Miquelon 2012
/tabless/stpierre2013.html,4/3,Saint Pierre et Miquelon 2013
/tabless/stpierre2014.html,4/3,Saint Pierre et Miquelon 2014
/tabless/stpierre2015.html,4/3,Saint-Pierre et Miquelon 2015
/tabless/stpierre2016.html,4/4,Saint-Pierre et Miquelon 2016
/tabless/stpierre2017.html,4/4,Saint-Pierre et Miquelon 2017
/tabless/stpierre2018.html,4/4,Saint-Pierre et Miquelon 2018
/tabless/stpierre2019.html,4/4,Saint-Pierre et Miquelon 2019
/tabless/stpierre2020.html,4/4,Saint-Pierre et Miquelon 2020
/tabless/stpierre2021.html,4/4,Saint-Pierre et Miquelon 2021
/tabless/stpierre2022.html,4/3,Saint-Pierre et Miquelon 2022
/tabless/stpierre2023.html,4/3,Saint-Pierre et Miquelon 2023
/tabless/stpierre2024.html,4/4,Saint-Pierre et Miquelon 2024
/tabless/stpierre2025.html,3/5,Saint-Pierre et Miquelon 2025
/tabless/stpierrechamp.html,22/26,Saint-Pierre et Miquelon - List of Champions and Cup Winners
/tabless/stpierrefound.html,2/2,Saint Pierre et Miquelon - List of Foundation Dates
/tabless/stpierrestadia.html,2/3,Saint Pierre et Miquelon - Stadiums
/tabless/stpmqwomfr77.html,0/2,?
/tabless/stpoelten21.html,1/2,Tournament in Sankt Pölten 1921
/tabless/strasb-youth62.html,0/2,?
/tabless/strasbourg-tourn.html,1/2,Strasbourg - Friendly Tournaments
/tabless/streetsocwk06.html,0/1,?
/tabless/stsylv-u16.html,0/2,?
/tabless/stthomas-intres.html,1/2,Saint Thomas (US Virgin Islands) - List of International Matches
/tabless/studio-100-01.html,1/1,Trofeo Studio 100 (Taranto) 2001
/tabless/sture-sutour56.html,1/2,IK Sture (Sweden) tour of the Soviet Union 1956
/tabless/stuttgart-mextour51.html,1/2,Mexican Tour of VfB Stuttgart 1951
/tabless/stuttgart94.html,1/2,Stuttgart Turnier 1994
/tabless/stvin-intres.html,2/3,Saint Vincent and the Grenadines - List of International Matches
/tabless/stvin-intres-detwcq.html,2/2,Saint Vincent and the Grenadines - Details of World Cup Qualifiers
/tabless/stvin-wom2017.html,0/1,?
/tabless/stvin-wom2019.html,3/2,Saint Vincent and the Grenadines (Women) 2019
/tabless/stvin-wom2020.html,2/2,Saint Vincent and the Grenadines (Women) 2020
/tabless/stvin00.html,5/2,Saint Vincent and the Grenadines 2000/01
/tabless/stvin01.html,5/2,Saint Vincent and the Grenadines 2001/02
/tabless/stvin02.html,5/2,Saint Vincent and the Grenadines 2002/03
/tabless/stvin03.html,5/3,Saint Vincent and the Grenadines 2003/04
/tabless/stvin04.html,5/3,Saint Vincent and the Grenadines 2004/05
/tabless/stvin06.html,5/3,Saint Vincent and the Grenadines 2005/06
/tabless/stvin07.html,5/2,Saint Vincent and the Grenadines 2006/07
/tabless/stvin08.html,5/3,Saint Vincent and the Grenadines 2007/08
/tabless/stvin09.html,5/2,Saint Vincent and the Grenadines 2008/09
/tabless/stvin2010.html,5/4,Saint Vincent and the Grenadines 2009/10
/tabless/stvin2011.html,5/3,Saint Vincent and the Grenadines 2010/11
/tabless/stvin2012.html,5/2,Saint Vincent and the Grenadines 2012
/tabless/stvin2014.html,5/3,Saint Vincent and the Grenadines 2013/14
/tabless/stvin2015.html,5/2,Saint Vincent and the Grenadines 2015
/tabless/stvin2016.html,5/3,Saint Vincent and the Grenadines 2016
/tabless/stvin2017.html,5/4,Saint Vincent and the Grenadines 2017
/tabless/stvin2018.html,5/4,Saint Vincent and the Grenadines 2018/19
/tabless/stvin2020.html,5/4,Saint Vincent and the Grenadines 2019/20
/tabless/stvin2021.html,5/4,Saint Vincent and the Grenadines 2020/21
/tabless/stvin2023.html,5/4,Saint Vincent and the Grenadines 2022/23
/tabless/stvin2025.html,5/4,Saint Vincent and the Grenadines 2024/25
/tabless/stvin2026.html,4/4,Saint Vincent and the Grenadines 2025/26
/tabless/stvin2champ.html,1/2,Saint Vincent and the Grenadines - List of Second Level Champions
/tabless/stvin3nat06.html,1/2,Independence Cup 2006 (Saint Vincent)
/tabless/stvin61.html,4/2,Saint Vincent and the Grenadines 1961
/tabless/stvin96.html,5/2,Saint Vincent and the Grenadines 1996/97
/tabless/stvin98.html,5/3,Saint Vincent and the Grenadines 1998/99
/tabless/stvinchamp.html,18/26,Saint Vincent and the Grenadines - Championships Overview
/tabless/stvinfound.html,1/27,Saint Vincent and the Grenadines - List of Foundation Dates
/tabless/su36.html,4/6,Soviet Union 1936
/tabless/su37.html,5/6,Soviet Union 1937
/tabless/su38.html,5/6,Soviet Union 1938
/tabless/su39.html,5/6,Soviet Union 1939
/tabless/su40.html,5/5,Soviet Union 1940
/tabless/su41.html,5/5,Soviet Union 1941
/tabless/su44.html,5/4,Soviet Union 1944
/tabless/su45.html,5/6,Soviet Union 1945
/tabless/su46.html,5/6,Soviet Union 1946
/tabless/su47.html,5/6,Soviet Union 1947
/tabless/su48.html,5/6,Soviet Union 1948
/tabless/su49.html,5/8,Soviet Union 1949
/tabless/su50.html,5/6,Soviet Union 1950
/tabless/su51.html,5/6,Soviet Union 1951
/tabless/su52.html,5/6,Soviet Union 1952
/tabless/su53.html,5/6,Soviet Union 1953
/tabless/su54.html,5/6,Soviet Union 1954
/tabless/su55.html,5/6,Soviet Union 1955
/tabless/su56.html,5/5,Soviet Union 1956
/tabless/su57.html,5/6,Soviet Union 1957
/tabless/su58.html,5/6,Soviet Union 1958
/tabless/su59.html,5/5,Soviet Union 1959
/tabless/su60.html,5/6,Soviet Union 1960
/tabless/su61.html,5/6,Soviet Union 1961
/tabless/su62.html,5/8,Soviet Union 1962
/tabless/su63.html,5/8,Soviet Union 1963
/tabless/su64.html,5/8,Soviet Union 1964
/tabless/su65.html,5/6,Soviet Union 1965
/tabless/su66.html,5/6,Soviet Union 1966
/tabless/su67.html,5/6,Soviet Union 1967
/tabless/su68.html,5/7,Soviet Union 1968
/tabless/su69.html,5/7,Soviet Union 1969
/tabless/su70.html,5/9,Soviet Union 1970
/tabless/su71.html,5/8,Soviet Union 1971
/tabless/su72.html,5/8,Soviet Union 1972
/tabless/su73.html,5/8,Soviet Union 1973
/tabless/su74.html,5/8,Soviet Union 1974
/tabless/su75.html,5/8,Soviet Union 1975
/tabless/su76.html,5/8,Soviet Union 1976
/tabless/su77.html,5/8,Soviet Union 1977
/tabless/su78.html,5/8,Soviet Union 1978
/tabless/su79.html,5/8,Soviet Union 1979
/tabless/su80.html,5/9,Soviet Union 1980
/tabless/su81.html,5/9,Soviet Union 1981
/tabless/su82.html,5/9,Soviet Union 1982
/tabless/su83.html,5/9,Soviet Union 1983
/tabless/su84.html,5/10,Soviet Union 1984
/tabless/su85.html,6/10,Soviet Union 1985
/tabless/su86.html,6/10,Soviet Union 1986
/tabless/su87.html,6/10,Soviet Union 1987
/tabless/su88.html,6/10,Soviet Union 1988
/tabless/su89.html,6/10,Soviet Union 1989
/tabless/su90.html,5/11,Soviet Union 1990
/tabless/su91.html,5/31,Soviet Union 1991
/tabless/suat08.html,0/1,?
/tabless/suat2012.html,0/1,?
/tabless/subleaguescup.html,3/4,Leagues Cup (Mexico-USA)
/tabless/subsahara50.html,1/5,Sub-Saharan Championship 1950
/tabless/sucre-mex41.html,1/2,Mexican Trip of Sucre (Perú) 1941
/tabless/sudan-tourn02.html,0/1,?
/tabless/sudascenso64.html,2/3,Campeonato Sudamericano de Ascenso 1964 (Buenos Aires)
/tabless/sudtirolbozen.html,1/2,Süd Tirol Cup (Bolzano)
/tabless/sul99.html,3/3,Copa Sul 1999
/tabless/sulacesso62.html,3/4,Campeonato Sudamericano de Acesso 1962 (Lima)
/tabless/sulminas00.html,4/5,Copa Sul-Minas 2000
/tabless/sulminas01.html,3/4,Copa Sul-Minas 2001
/tabless/sulminas02.html,3/4,Liga Sul-Minas 2002
/tabless/sulminaschamp.html,5/4,Brazil - Copa Sul-Minas - List of Winners
/tabless/sultans2012.html,1/1,Sultans Cup 2012 - Antalya
/tabless/sup.html,58/1,European Super Cup
/tabless/supcamp1.html,4/3,CampeONEs Cup (Mexico-USA)
/tabless/supcamp1det.html,2/2,CampeONEs Cup (Mexico-USA) - Match Details
/tabless/supintam88.html,3/3,Supercopa Interamericana 1988 (Copa de las Américas 1988)
/tabless/supligmexusa.html,3/5,Superliga (Mexico-USA)
/tabless/sur-bgcombined47.html,6/2,British Guiana Combined trip to Paramaribo 1947
/tabless/sur-ksc47.html,4/4,K.S.C. (Curaçao) tour of Surinam 1947
/tabless/sur-ksc48.html,4/4,K.S.C. (Curaçao) tour of Surinam 1948
/tabless/sur-victoria39.html,3/3,Victoria S.C. (Georgetown) trip to Paramaribo 1939
/tabless/sur-voorwaarts47.html,4/4,Voorwaarts (Aruba) tour of Surinam 1947
/tabless/suri-indep09.html,0/1,?
/tabless/suri-intres.html,3/2,Surinam - List of International Matches
/tabless/suri-lewiscup.html,3/5,Surinam - Lewis Cup (Moengo-Paramaribo)
/tabless/suri-wom02.html,0/1,?
/tabless/suri-wom03.html,0/1,?
/tabless/suri-wom04.html,0/1,?
/tabless/suri-wom05.html,0/1,?
/tabless/suri-wom06.html,0/1,?
/tabless/suri-wom07.html,0/2,?
/tabless/suri-wom08.html,4/2,Surinam (Women) 2008
/tabless/suri-wom09.html,0/3,?
/tabless/suri-wom2012.html,4/2,Surinam (Women) 2011/12
/tabless/suri-wom2013.html,0/2,?
/tabless/suri-wom2014.html,0/2,?
/tabless/suri-wom2015.html,4/3,Surinam (Women) 2014/15
/tabless/suri-wom2016.html,4/4,Surinam (Women) 2016
/tabless/suri-wom2017.html,4/3,Surinam (Women) 2017
/tabless/suri-wom2018.html,0/3,?
/tabless/suri-wom2019.html,4/3,Surinam (Women) 2019
/tabless/suri-wom2023.html,4/4,Surinam (Women) 2023
/tabless/suri-wom2024.html,4/4,Surinam (Women) 2024
/tabless/suri-wom2025.html,3/4,Surinam (Women) 2025
/tabless/suri-wom79.html,0/1,?
/tabless/suri-womchamp.html,22/10,Surinam - List of Women Champions
/tabless/suri00.html,4/5,Surinam 1999/2000
/tabless/suri01.html,5/5,Surinam 2001/02
/tabless/suri03.html,5/5,Surinam 2002/03
/tabless/suri04.html,5/5,Surinam 2003/04
/tabless/suri05.html,5/5,Surinam 2004/05
/tabless/suri06.html,5/6,Surinam 2005/06
/tabless/suri07.html,7/6,Surinam 2006/07
/tabless/suri08.html,7/6,Surinam 2007/08
/tabless/suri09.html,7/6,Surinam 2008/09
/tabless/suri15.html,5/2,Surinam 1914/15
/tabless/suri19.html,5/4,Surinam 1919
/tabless/suri2010.html,7/6,Surinam 2009/10
/tabless/suri2011.html,7/6,Surinam 2010/11
/tabless/suri2012.html,7/6,Surinam 2011/12
/tabless/suri2013.html,7/6,Surinam 2012/13
/tabless/suri2014.html,7/6,Surinam 2013/14
/tabless/suri2015.html,7/6,Surinam 2014/15
/tabless/suri2016.html,7/6,Surinam 2015/16
/tabless/suri2017.html,7/6,Surinam 2016/17
/tabless/suri2018.html,7/6,Surinam 2017/18
/tabless/suri2019.html,7/6,Surinam 2018/19
/tabless/suri2020.html,7/5,Surinam 2019/20
/tabless/suri2022.html,7/4,Surinam 2021/22
/tabless/suri2023.html,7/5,Surinam 2022/23
/tabless/suri2024.html,7/5,Surinam 2023/24
/tabless/suri2025.html,7/5,Surinam 2024/25
/tabless/suri2026.html,7/7,Surinam 2025/26
/tabless/suri21.html,4/4,Surinam 1921
/tabless/suri22.html,4/7,Surinam 1922
/tabless/suri23.html,4/5,Surinam 1923
/tabless/suri24.html,5/5,Surinam 1923/24
/tabless/suri25.html,4/5,Surinam 1925
/tabless/suri26.html,4/3,Surinam 1926
/tabless/suri29.html,6/4,Surinam 1929
/tabless/suri29a.html,4/3,Surinam 1928
/tabless/suri2champ.html,1/2,Surinam - List of Second Level Champions
/tabless/suri30.html,6/3,Surinam 1930
/tabless/suri31.html,6/6,Surinam 1930/31
/tabless/suri32.html,6/6,Surinam 1932
/tabless/suri33.html,6/6,Surinam 1933
/tabless/suri34.html,6/7,Surinam 1934
/tabless/suri35.html,6/4,Surinam 1935
/tabless/suri36.html,6/3,Surinam 1936/37
/tabless/suri37.html,6/4,Surinam 1937
/tabless/suri38.html,8/5,Surinam 1938
/tabless/suri39.html,6/3,Surinam 1939
/tabless/suri3champ.html,16/22,Surinam - List of District Champions
/tabless/suri43.html,7/4,Surinam 1943
/tabless/suri46.html,6/3,Surinam 1946
/tabless/suri47.html,4/2,Surinam 1947
/tabless/suri49.html,5/3,Surinam 1947-50
/tabless/suri51.html,5/5,Surinam 1950/51
/tabless/suri52.html,6/3,Surinam 1952
/tabless/suri53.html,6/3,Surinam 1953
/tabless/suri54.html,6/3,Surinam 1954/55
/tabless/suri55.html,6/3,Surinam 1955/56
/tabless/suri56.html,5/3,Surinam 1956
/tabless/suri57.html,5/3,Surinam 1957/58
/tabless/suri58.html,4/5,Surinam 1958
/tabless/suri59.html,5/3,Surinam 1959
/tabless/suri60.html,4/3,Surinam 1960
/tabless/suri61.html,5/5,Surinam 1961
/tabless/suri62.html,6/3,Surinam 1962
/tabless/suri63.html,6/3,Surinam 1963/64
/tabless/suri64.html,6/3,Surinam 1964
/tabless/suri65.html,6/3,Surinam 1965
/tabless/suri66.html,6/3,Surinam 1966
/tabless/suri67.html,6/3,Surinam 1967
/tabless/suri68.html,6/3,Surinam 1968
/tabless/suri69.html,6/3,Surinam 1969
/tabless/suri70.html,6/3,Surinam 1970
/tabless/suri71.html,6/3,Surinam 1971
/tabless/suri73.html,6/3,Surinam 1973/74
/tabless/suri74.html,6/3,Surinam 1974/75
/tabless/suri75.html,6/3,Surinam 1975/76
/tabless/suri76.html,6/3,Surinam 1976/77
/tabless/suri77.html,6/3,Surinam 1977/78
/tabless/suri78.html,6/3,Surinam 1978/79
/tabless/suri79.html,6/3,Surinam 1979/80
/tabless/suri80.html,6/3,Surinam 1980/81
/tabless/suri81.html,6/3,Surinam 1981/82
/tabless/suri82.html,6/3,Surinam 1982/83
/tabless/suri83.html,6/3,Surinam 1983/84
/tabless/suri84.html,6/3,Surinam 1984/85
/tabless/suri85.html,6/4,Surinam 1985/86
/tabless/suri86.html,6/4,Surinam 1986
/tabless/suri87.html,6/4,Surinam 1987/88
/tabless/suri88.html,6/3,Surinam 1988
/tabless/suri89.html,6/3,Surinam 1989/90
/tabless/suri90.html,5/3,Surinam 1990/91
/tabless/suri91.html,5/5,Surinam 1991/92
/tabless/suri92.html,5/4,Surinam 1992/93
/tabless/suri93.html,6/4,Surinam 1993/94
/tabless/suri95.html,4/4,Surinam 1994/95
/tabless/suri96.html,4/5,Surinam 1995/96
/tabless/suri97.html,4/6,Surinam 1997
/tabless/suri99.html,4/4,Surinam 1998/99
/tabless/suribg21.html,3/6,Paramaribo Trip of British Guiana 1921
/tabless/surichamp.html,103/101,Surinam - List of Champions
/tabless/suricuphist.html,42/77,Surinam - List of (Super) Cup Winners
/tabless/surifeesten.html,18/17,Surinam - Nationale Feesten Football Events 1910-1951
/tabless/surifound.html,1/35,Surinam - List of Foundation Dates
/tabless/surigeorgetown15.html,3/5,Paramaribo Trip of Georgetown XI 1915
/tabless/surigfc23.html,2/3,Paramaribo Trip of G.F.C. (Georgetown) 1923
/tabless/suristadion53.html,0/2,?
/tabless/suritops.html,2/1,Surinam - List of Topscorers
/tabless/sursee-ind-wom03.html,0/1,?
/tabless/suruga08.html,1/3,SURUGA Bank Championship
/tabless/suwon-u20.html,0/1,?
/tabless/svb-tournees-30s.html,5/3,Caribbean Tours S.V.B. (Surinam FA) 1934 and 1938
/tabless/svb50-70.html,1/3,K.S.V.B. 50th Anniversary Tournament 1970
/tabless/svktsjres.html,3/3,The Velvet Derby - Czechia-Slovakia matches
/tabless/svschaffhausen40-62.html,1/2,40th Anniversary of Svgg Schaffhausen 1962
/tabless/swaz-25indep93.html,0/2,?
/tabless/swaz-intres.html,1/2,eSwatini (Swaziland) - List of International Matches
/tabless/swaz-king-mill00.html,0/1,?
/tabless/swaz-tourn01.html,0/1,?
/tabless/swaz-tourn08.html,0/1,?
/tabless/swaz-tourn81.html,0/2,?
/tabless/swaz-wom04.html,0/2,?
/tabless/swaz-wom05.html,0/2,?
/tabless/swaz-wom06.html,0/2,?
/tabless/swaz-wom07.html,0/2,?
/tabless/swaz-wom08.html,0/2,?
/tabless/swaz-wom09.html,0/2,?
/tabless/swaz-wom2010.html,0/2,?
/tabless/swaz-wom2011.html,0/2,?
/tabless/swaz-wom2012.html,0/2,?
/tabless/swaz-wom2013.html,0/2,?
/tabless/swaz-wom2014.html,0/2,?
/tabless/swaz-wom2015.html,0/2,?
/tabless/swaz-wom2016.html,0/2,?
/tabless/swaz-wom2017.html,0/2,?
/tabless/swaz-wom2018.html,0/2,?
/tabless/swaz-wom2019.html,0/2,?
/tabless/swaz-wom2020.html,0/2,?
/tabless/swaz-wom2021.html,0/2,?
/tabless/swaz-wom2023.html,5/4,Eswatini (Swaziland) (Women) 2022/23
/tabless/swaz-wom2024.html,4/3,Eswatini (Swaziland) (Women) 2023/24
/tabless/swaz-womchamp.html,21/4,Swaziland (eSwatini) - List of Women Champions
/tabless/swaz-womcuphist.html,19/4,Swaziland (eSwatini) - List of Women Cup Winners
/tabless/swaz00.html,5/4,Swaziland 1999/2000
/tabless/swaz01.html,5/5,Swaziland 2000/01
/tabless/swaz02.html,5/5,Swaziland 2001/02
/tabless/swaz03.html,5/4,Swaziland 2002/03
/tabless/swaz04.html,5/5,Swaziland 2003/04
/tabless/swaz05.html,5/5,Swaziland 2004/05
/tabless/swaz06.html,5/5,Swaziland 2005/06
/tabless/swaz07.html,5/5,Swaziland 2006/07
/tabless/swaz08.html,5/5,Swaziland 2007/08
/tabless/swaz09.html,5/5,Swaziland 2008/09
/tabless/swaz2010.html,5/5,Swaziland 2009/10
/tabless/swaz2011.html,5/5,Swaziland 2010/11
/tabless/swaz2012.html,5/5,Swaziland 2011/12
/tabless/swaz2013.html,5/5,Swaziland 2012/13
/tabless/swaz2014.html,5/5,Swaziland 2013/14
/tabless/swaz2015.html,5/5,Swaziland 2014/15
/tabless/swaz2016.html,5/5,Swaziland 2015/16
/tabless/swaz2017.html,5/5,Swaziland 2016/17
/tabless/swaz2018.html,5/5,Swaziland 2017/18
/tabless/swaz2019.html,5/5,Swaziland (Eswatini) 2018/19
/tabless/swaz2020.html,5/5,Swaziland (Eswatini) 2019/20
/tabless/swaz2021.html,5/4,Swaziland (Eswatini) 2020/21
/tabless/swaz2022.html,5/4,Swaziland (Eswatini) 2021/22
/tabless/swaz2023.html,5/4,Swaziland (Eswatini) 2022/23
/tabless/swaz2024.html,5/5,Swaziland (Eswatini) 2023/24
/tabless/swaz2025.html,5/5,Swaziland (Eswatini) 2024/25
/tabless/swaz2026.html,4/6,Swaziland (Eswatini) 2025/26
/tabless/swaz70.html,4/2,Swaziland 1969/70
/tabless/swaz71.html,5/3,Swaziland 1971
/tabless/swaz72.html,5/5,Swaziland 1972
/tabless/swaz76.html,5/3,Swaziland 1975/76
/tabless/swaz83.html,6/3,Swaziland 1983
/tabless/swaz92.html,6/6,Swaziland 1992
/tabless/swaz94.html,5/3,Swaziland 1994
/tabless/swaz95.html,5/3,Swaziland 1995
/tabless/swaz96.html,5/5,Swaziland 1996
/tabless/swaz97.html,5/5,Swaziland 1997
/tabless/swaz99.html,5/4,Swaziland 1998/99
/tabless/swazchamp.html,38/41,Swaziland (eSwatini) - List of Champions
/tabless/swazcup93.html,5/4,Swaziland 1993
/tabless/swazcuphist.html,29/43,Swaziland (eSwatini) - List of Cup Winners
/tabless/swazfound.html,1/2,Swaziland (eSwatini) - Foundation Dates of Clubs
/tabless/swindon-satrip12.html,2/5,Río de la Plata Trip of Swindon Town 1912
/tabless/swiss-tourn20.html,1/3,"Swiss Tournaments (Genève, Lausanne, La Chaux-de-Fonds) 1920"
/tabless/syr-intres.html,1/2,Syria - List of International Matches
/tabless/syr-wom2022.html,0/1,?
/tabless/syr-wom2024.html,4/1,Syria (Women) 2023/24
/tabless/syr00.html,5/5,Syria 1999/2000
/tabless/syr01.html,5/5,Syria  2000/01
/tabless/syr02.html,5/4,Syria 2001/02
/tabless/syr03.html,5/5,Syria First Division 2002/03
/tabless/syr04.html,5/5,Syria 2003/04
/tabless/syr05.html,5/4,Syria 2004/05
/tabless/syr06.html,6/5,Syria 2005/06
/tabless/syr07.html,6/5,Syria 2006/07
/tabless/syr08.html,6/5,Syria 2007/08
/tabless/syr09.html,6/5,Syria 2008/09
/tabless/syr2010.html,6/5,Syria 2009/10
/tabless/syr2011.html,6/5,Syria 2010/11
/tabless/syr2012.html,6/5,Syria 2011/12
/tabless/syr2013.html,6/5,Syria 2013
/tabless/syr2014.html,6/5,Syria 2014
/tabless/syr2015.html,6/5,Syria 2014/15
/tabless/syr2016.html,6/5,Syria 2015/16
/tabless/syr2017.html,6/5,Syria 2016/17
/tabless/syr2018.html,6/5,Syria 2017/18
/tabless/syr2019.html,6/5,Syria 2018/19
/tabless/syr2020.html,6/5,Syria 2019/20
/tabless/syr2021.html,6/5,Syria 2020/21
/tabless/syr2022.html,6/5,Syria 2021/22
/tabless/syr2023.html,6/5,Syria 2022/23
/tabless/syr2024.html,6/6,Syria 2023/24
/tabless/syr2025.html,6/4,Syria 2024/25
/tabless/syr2026.html,5/4,Syria 2025/26
/tabless/syr2champ.html,1/2,Syria - List of Second Level Champions
/tabless/syr42.html,4/2,Syria 1942
/tabless/syr61.html,8/6,Syria 1961
/tabless/syr62.html,6/3,Syria 1961/62
/tabless/syr64.html,7/4,Syria 1964
/tabless/syr67.html,6/6,Syria 1966/67
/tabless/syr68.html,7/7,Syria 1967/68
/tabless/syr69.html,7/6,Syria 1968/69
/tabless/syr70.html,7/5,Syria 1969/70
/tabless/syr72.html,5/4,Syria 1970-72
/tabless/syr73.html,6/4,Syria 1972/73
/tabless/syr75.html,5/3,Syria 1974/75
/tabless/syr76.html,5/3,Syria 1975/76
/tabless/syr77.html,6/4,Syria 1976/77
/tabless/syr78.html,7/5,Syria Cup 1978
/tabless/syr79.html,7/5,Syria 1978/79
/tabless/syr80.html,7/5,Syria 1979/80
/tabless/syr82.html,5/6,Syria 1981/82
/tabless/syr83.html,5/6,Syria 1982/83
/tabless/syr84.html,6/7,Syria 1983/84
/tabless/syr85.html,6/6,Syria 1984/85
/tabless/syr86.html,5/6,Syria 1985/86
/tabless/syr87.html,5/6,Syria 1986/87
/tabless/syr88.html,6/6,Syria 1987/88
/tabless/syr89.html,6/6,Syria 1988/89
/tabless/syr90.html,6/6,Syria 1989/90
/tabless/syr91.html,6/4,Syria 1990/91
/tabless/syr92.html,6/6,Syria 1991/92
/tabless/syr93.html,6/6,Syria 1992/93
/tabless/syr94.html,6/6,Syria 1993/94
/tabless/syr95.html,5/4,Syria 1994/95
/tabless/syr96.html,5/6,Syria 1995/96
/tabless/syr97.html,5/6,Syria 1996/97
/tabless/syr98.html,5/6,Syria 1997/98
/tabless/syr99.html,5/5,Syria First Division 1998/99
/tabless/syrchamp.html,57/73,Syria - List of Champions
/tabless/syrcup67.html,8/5,Syrian Cup 1967
/tabless/syrcup68.html,8/5,Syrian Cup 1968
/tabless/syrcup69.html,8/5,Syrian Cup 1969
/tabless/syrcup70.html,8/3,Syrian Cup 1970
/tabless/syrcup73.html,7/2,Syria Cup 1973
/tabless/syrcup79.html,7/5,Syria Cup 1979
/tabless/syrcup80.html,7/3,Syria Cup 1980
/tabless/syrcuphist.html,55/73,Syria - List of Cup Winners
/tabless/syrena-u17.html,0/3,?
/tabless/syrfound.html,1/23,Syria - Foundation Dates
/tabless/syria-fournat00.html,0/1,?
