path,links,title
/tablesc/ca-grandes96.html,3/3,Torneo Grandes de Centroamerica 1996
/tablesc/ca-grandes97.html,4/4,Torneo Grandes de Centroamerica 1997
/tablesc/ca-grandes98.html,3/2,Torneo Grandes de Centroamerica 1997/98
/tablesc/ca1.html,66/73,CONCACAF Cup
/tablesc/ca2.html,10/10,CONCACAF Cup Winners Cup and Giants Cup
/tablesc/ca3.html,7/2,CONCACAF League
/tablesc/cacacu2015.html,1/2,2015 Cancún Caribbean Cup
/tablesc/caceresjuv.html,1/2,Trofeo Juvenil Cáceres Patrimonio de la Humanidad
/tablesc/cacups00.html,6/6,Central American Club Competitions 2000
/tablesc/cacups01.html,6/7,Central American Club Competitions 2001
/tablesc/cacups02.html,4/4,Central American Club Competitions 2002
/tablesc/cacups03.html,7/6,Central American Club Competitions 2002/03
/tablesc/cacups04.html,5/5,Central American Club Competitions 2003/04
/tablesc/cacups05.html,5/6,Central American Club Competitions 2004/05
/tablesc/cacups06.html,5/6,Central American Club Competitions 2005/06
/tablesc/cacups07.html,5/6,Central American Club Competitions 2006/07
/tablesc/cacups08.html,5/6,Central American Club Competitions 2007/08
/tablesc/cacups09.html,6/7,Central American Club Competitions 2008/09
/tablesc/cacups09det.html,2/2,Match Details CONCACAF Champions League 2008/09
/tablesc/cacups2010.html,4/8,Central American Club Competitions 2009/10
/tablesc/cacups2011.html,4/7,Central American Club Competitions 2010/11
/tablesc/cacups2012.html,4/7,Central American Club Competitions 2011/12
/tablesc/cacups2013.html,4/7,Central American Club Competitions 2012/13
/tablesc/cacups2014.html,5/5,Central American Club Competitions 2013/14
/tablesc/cacups2015.html,5/5,Central American Club Competitions 2014/15
/tablesc/cacups2016.html,5/5,Central American Club Competitions 2015/16
/tablesc/cacups2017.html,5/5,Central American Club Competitions 2016/17
/tablesc/cacups2018.html,6/6,Central American Club Competitions 2017/18
/tablesc/cacups2019.html,5/6,Central American Club Competitions 2018/19
/tablesc/cacups2020.html,6/6,Central American Club Competitions 2019/20
/tablesc/cacups2021.html,5/6,Central American Club Competitions 2020/21
/tablesc/cacups2022.html,5/6,Central American Club Competitions 2021/22
/tablesc/cacups2023.html,4/5,Central American Club Competitions 2022/23
/tablesc/cacups2024.html,5/8,Central American Club Competitions 2023/24
/tablesc/cacups2025.html,4/6,Central American Club Competitions 2024/25
/tablesc/cacups2026.html,4/5,Central American Club Competitions 2025/26
/tablesc/cacups59.html,4/5,Central American Club Competitions 1959
/tablesc/cacups59det.html,2/2,Championship of Central America and Mexico 1959 - Match Details
/tablesc/cacups61.html,5/5,Central American Club Competitions 1961
/tablesc/cacups61det.html,2/2,Championship of Central America and the Caribbean 1961 - Match Details
/tablesc/cacups62.html,4/3,Central American Club Competitions 1962
/tablesc/cacups63.html,4/3,Central American Club Competitions 1963
/tablesc/cacups67.html,4/3,Central American Club Competitions 1967
/tablesc/cacups68.html,4/3,Central American Club Competitions 1968
/tablesc/cacups69.html,4/3,Central American Club Competitions 1969
/tablesc/cacups70.html,4/3,Central American Club Competitions 1970
/tablesc/cacups71.html,4/3,Central American Club Competitions 1971
/tablesc/cacups72.html,4/3,Central American Club Competitions 1972
/tablesc/cacups73.html,4/3,Central American Club Competitions 1973
/tablesc/cacups74.html,4/3,Central American Club Competitions 1974
/tablesc/cacups75.html,4/3,Central American Club Competitions 1975
/tablesc/cacups76.html,4/3,Central American Club Competitions 1976
/tablesc/cacups77.html,4/4,Central American Club Competitions 1977
/tablesc/cacups78.html,4/3,Central American Club Competitions 1978
/tablesc/cacups79.html,4/4,Central American Club Competitions 1979
/tablesc/cacups80.html,4/3,Central American Club Competitions 1980
/tablesc/cacups81.html,4/3,Central American Club Competitions 1981
/tablesc/cacups82.html,4/4,Central American Club Competitions 1982
/tablesc/cacups83.html,4/3,Central American Club Competitions 1983
/tablesc/cacups84.html,4/3,Central American Club Competitions 1984
/tablesc/cacups85.html,4/3,Central American Club Competitions 1985
/tablesc/cacups86.html,5/4,Central American Club Competitions 1986
/tablesc/cacups87.html,4/3,Central American Club Competitions 1987
/tablesc/cacups88.html,5/3,Central American Club Competitions 1988
/tablesc/cacups89.html,4/3,Central American Club Competitions 1989
/tablesc/cacups90.html,4/3,Central American Club Competitions 1990
/tablesc/cacups91.html,5/5,Central American Club Competitions 1991
/tablesc/cacups92.html,4/4,Central American Club Competitions 1992
/tablesc/cacups93.html,6/5,Central American Club Competitions 1993
/tablesc/cacups94.html,6/5,Central American Club Competitions 1994
/tablesc/cacups95.html,5/5,Central American Club Competitions 1995
/tablesc/cacups96.html,5/5,Central American Club Competitions 1996
/tablesc/cacups97.html,6/4,Central American Club Competitions 1997
/tablesc/cacups98.html,6/4,Central American Club Competitions 1998
/tablesc/cacups99.html,8/8,Central American Club Competitions 1999
/tablesc/cacups99det.html,3/2,Copa de Campeones y Subcampeones CONCACAF 1999 - Details Final Tournament
/tablesc/cacupsalltime.html,1/2,CONCACAF Club Cups All-Time Tables
/tablesc/cademario04.html,1/1,Triangolare di Cademario 2004 (Switzerland)
/tablesc/cafa-wom.html,3/3,Central Asian Women's Championship
/tablesc/cafa-wom2018.html,3/2,Central Asian Championship (Women) 2018 (Uzbekistan)
/tablesc/cafa-wom2022.html,3/4,Central Asian Championship (Women) 2022 (Tajikistan)
/tablesc/cafa2023.html,3/2,CAFA Nations Cup 2023 (Kyrgyzstan and Uzbekistan)
/tablesc/cafa2025.html,3/4,CAFA Nations Cup 2025 (Tajikistan and Uzbekistan)
/tablesc/cafanc.html,3/4,CAFA Nations Cup
/tablesc/cafr-intres.html,1/2,Central African Republic - List of International Matches
/tablesc/cafr-wom2018.html,0/1,?
/tablesc/cafr-wom2019.html,5/1,Central African Republic (Women) 2018/19
/tablesc/cafr-wom2021.html,0/2,?
/tablesc/cafr-wom2022.html,4/1,Central African Republic (Women) 2021/22
/tablesc/cafr00.html,5/4,Central African Republic 2000
/tablesc/cafr01.html,5/4,Central African Republic 2001
/tablesc/cafr02.html,5/4,Central African Republic 2002
/tablesc/cafr03.html,5/4,Central African Republic 2003
/tablesc/cafr04.html,5/4,Central African Republic 2004
/tablesc/cafr05.html,5/4,Central African Republic 2005
/tablesc/cafr06.html,5/4,Central African Republic 2006
/tablesc/cafr07.html,5/2,Central African Republic 2007
/tablesc/cafr08.html,5/4,Central African Republic 2008
/tablesc/cafr09.html,5/4,Central African Republic 2009
/tablesc/cafr2010.html,5/5,Central African Republic 2010
/tablesc/cafr2011.html,5/4,Central African Republic 2011
/tablesc/cafr2012.html,5/3,Central African Republic 2012
/tablesc/cafr2013.html,5/3,Central African Republic 2013/14
/tablesc/cafr2015.html,5/3,Central African Republic 2015
/tablesc/cafr2016.html,5/4,Central African Republic 2016
/tablesc/cafr2017.html,5/4,Central African Republic 2016/17
/tablesc/cafr2018.html,5/4,Central African Republic 2017/18
/tablesc/cafr2019.html,5/3,Central African Republic 2018/19
/tablesc/cafr2020.html,5/4,Central African Republic 2019/20
/tablesc/cafr2021.html,5/5,Central African Republic 2020/21
/tablesc/cafr2022.html,5/6,Central African Republic 2021/22
/tablesc/cafr2023.html,5/4,Central African Republic 2022/23
/tablesc/cafr2024.html,5/7,Central African Republic 2023/24
/tablesc/cafr2025.html,4/4,Central African Republic 2024/25
/tablesc/cafr81.html,4/2,Central African Republic 1981
/tablesc/cafr82.html,5/3,Central African Republic 1982
/tablesc/cafr83.html,5/3,Central African Republic 1983
/tablesc/cafr84.html,5/3,Central African Republic 1984
/tablesc/cafr93.html,5/5,Central African Republic 1993
/tablesc/cafr94.html,5/3,Central African Republic 1993/94
/tablesc/cafr99.html,5/3,Central African Republic 1999
/tablesc/cafrchamp.html,32/37,Central African Republic - List of Champions
/tablesc/cafrcup97.html,5/3,Central African Republic 1997
/tablesc/cafrcuphist.html,22/37,Central African Republic - List of Cup Winners
/tablesc/cafrfound.html,1/2,Central African Republic - List of Foundation Dates
/tablesc/cag.html,25/29,Central American and Caribbean Games
/tablesc/cag-u21-73.html,2/2,Central American Games (U-21) 1973
/tablesc/cag-wom.html,6/6,Central American and Caribbean Games (Women)
/tablesc/cag-wom2010.html,4/3,Central American and Caribbean Games 2010 (Women) (Puerto Rico)
/tablesc/cag-wom2014.html,5/4,Central American and Caribbean Games 2014 (Women) (Mexico)
/tablesc/cag-wom2018.html,5/4,Central American and Caribbean Games 2018 (Women) (Colombia)
/tablesc/cag-wom2023.html,4/5,Central American and Caribbean Games 2023 (Women) (El Salvador)
/tablesc/cag02.html,5/4,Central American and Caribbean Games 2002 (El Salvador)
/tablesc/cag02det.html,3/2,Central American and Caribbean Games 2002 (El Salvador) - Details
/tablesc/cag06.html,4/3,"Central American and Caribbean Games 2006 (Cartagena, Colombia)"
/tablesc/cag2010.html,5/3,Central American and Caribbean Games 2010 (Puerto Rico)
/tablesc/cag2014.html,5/4,Central American and Caribbean Games 2014 (Mexico)
/tablesc/cag2018.html,5/4,Central American and Caribbean Games 2018 (Colombia)
/tablesc/cag2023.html,4/4,Central American and Caribbean Games 2023 (El Salvador)
/tablesc/cag30.html,4/3,Central American Games 1930 (Cuba)
/tablesc/cag30det.html,2/2,Central American and Caribbean Games 1930 (Cuba) - Match Details
/tablesc/cag35.html,5/4,Central American Games 1935 (El Salvador)
/tablesc/cag35det.html,2/2,Central American and Caribbean Games 1935 (El Salvador) - Match Details
/tablesc/cag38.html,5/4,Central American and Caribbean Games 1938 (Panama)
/tablesc/cag38det.html,2/2,Central American and Caribbean Games 1938 (Panama) - Match Details
/tablesc/cag46.html,5/6,Central American and Caribbean Games 1946 (Colombia)
/tablesc/cag46det.html,2/2,"Central American and Caribbean Games 1946 (Barranquilla, Colombia) - Match Details"
/tablesc/cag50.html,5/6,Central American and Caribbean Games 1950 (Guatemala)
/tablesc/cag50det.html,2/2,Central American and Caribbean Games 1950 (Guatemala) - Match Details
/tablesc/cag54.html,5/6,Central American and Caribbean Games 1954 (Mexico)
/tablesc/cag54det.html,2/2,Central American and Caribbean Games 1954 (Mexico) - Match Details
/tablesc/cag59.html,5/6,Central American and Caribbean Games 1959 (Venezuela)
/tablesc/cag59det.html,2/2,Central American and Caribbean Games 1959 (Caracas) - Match Details
/tablesc/cag62.html,5/6,Central American and Caribbean Games 1962 (Kingston)
/tablesc/cag62det.html,3/2,Central American and Caribbean Games 1962 (Jamaica) - Match Details
/tablesc/cag66.html,6/7,Central American and Caribbean Games 1966 (San Juan)
/tablesc/cag66det.html,3/2,"Central American and Caribbean Games 1966 (San Juan, Puerto Rico) - Match Details"
/tablesc/cag70.html,5/7,Central American and Caribbean Games 1970 (Panama)
/tablesc/cag70det.html,3/2,Central American and Caribbean Games 1970 (Panama) - Match Details
/tablesc/cag74.html,6/7,Central American and Caribbean Games 1974 (Santo Domingo)
/tablesc/cag74det.html,2/2,Central American and Caribbean Games 1974 (Dominican Republic) - Match Details
/tablesc/cag78.html,6/6,Central American and Caribbean Games 1978 (Medellín)
/tablesc/cag78det.html,2/2,Central American and Caribbean Games 1978 (Colombia) - Match Details
/tablesc/cag82.html,5/6,Central American and Caribbean Games 1982 (La Habana)
/tablesc/cag82det.html,3/2,"Central American and Caribbean Games 1982 (La Habana, Cuba) - Match Details"
/tablesc/cag86det.html,2/2,Central American and Caribbean Games 1986 (Dominican Republic) - Match Details
/tablesc/cag90.html,5/6,Central American and Caribbean Games 1990 (Ciudad de México)
/tablesc/cag90det.html,2/2,Central American and Caribbean Games 1990 - Match Details
/tablesc/cag93.html,5/4,Central American and Caribbean Games 1993 (Puerto Rico)
/tablesc/cag93det.html,2/2,Central American and Caribbean Games 1993 - Match Details
/tablesc/cag98.html,5/4,"Central American and Caribbean Games 1998 (Maracaibo, Venezuela)"
/tablesc/cag98det.html,2/2,Central American and Caribbean Games 1998 - Match Details
/tablesc/cagliari-argtrip66.html,1/3,Cagliari Calcio Trip to Argentina 1966
/tablesc/cairo99.html,0/1,-
/tablesc/cajaduero.html,1/3,"Trofeo Caja Duero (Soria, Spain)"
/tablesc/cajaduero04.html,1/1,Trofeo Caja Duero 2004 (Soria)
/tablesc/calcindians-javatrip24.html,1/2,South East Asia Trip of Calcutta Indians 1924
/tablesc/calcutta-w-javatrip26.html,1/2,South East Asia Trip of Calcutta Wanderers 1926
/tablesc/calcutta-xi-javatrip29.html,1/3,South East Asia Trip of Calcutta XI 1929
/tablesc/cali400-37.html,0/2,?
/tablesc/callaoregion07.html,0/1,?
/tablesc/caltex91.html,0/2,-
/tablesc/cam-games-u21.html,11/12,Juegos Centroamericanos
/tablesc/cam-games-u21-01.html,5/4,Juegos Centroamericanos 2001 (Guatemala)
/tablesc/cam-games-u21-2013.html,5/4,Juegos Centroamericanos 2013 (Costa Rica)
/tablesc/cam-games-u21-2017.html,4/5,Juegos Centroamericanos 2017 (Nicaragua)
/tablesc/cam-games-u21-86.html,4/3,Juegos Centroamericanos 1986 (Guatemala)
/tablesc/cam-games-u21-90.html,4/3,Juegos Centroamericanos 1990 (Honduras)
/tablesc/cam-games-u21-94.html,4/4,Juegos Centroamericanos 1994 (El Salvador)
/tablesc/cam-games-u21-97.html,4/3,Juegos Centroamericanos 1997 (Honduras)
/tablesc/cam-games-wom.html,5/5,Juegos Centroamericanos (Women's Tournament)
/tablesc/cam-jun.html,2/2,Union Centroamericana Juniors Tournament
/tablesc/cam-u20-2013.html,4/3,CONCACAF U-20 Championship 2013
/tablesc/cam-u20-2015.html,4/3,CONCACAF U-20 Championship 2015
/tablesc/cam-u20-2017.html,4/3,CONCACAF U-20 Championship 2017
/tablesc/cam-u20-2018.html,4/3,CONCACAF U-20 Championship 2018
/tablesc/cam-u20-2022.html,7/5,CONCACAF U-20 Championship 2022
/tablesc/cam-u20-2024.html,4/4,CONCACAF U-20 Championship 2024
/tablesc/cam-u21-01.html,5/4,Central American Qualifying for 2001 U-21 World Cup
/tablesc/cam-u21-01-det.html,2/2,Central American Qualifying for 2001 U-20 World Cup - Match Details
/tablesc/cam-u21-03.html,4/3,Central American Qualifying for 2003 U-21 World Cup
/tablesc/cam-u21-05.html,4/3,Central American Qualifying for 2005 U-21 World Cup
/tablesc/cam-u21-07.html,4/3,Central American Qualifying for 2007 U-21 World Cup
/tablesc/cam-u21-09.html,4/3,Central American Qualifying for 2009 U-21 World Cup
/tablesc/cam-u21-2011.html,4/3,CONCACAF U-20 Championship 2011
/tablesc/cam-u21-98.html,6/5,Central American Qualifying for 1999 U-21 World Cup
/tablesc/cam-u21-98-det.html,2/2,Central American Qualifying for 1999 U-20 World Cup - Match Details
/tablesc/cam-wom-u17.html,10/10,CONCACAF Women U-17 Championship
/tablesc/cam-wom-u17-08.html,4/4,CONCACAF Under 17 Women’s Qualifying Tournament 2007/08
/tablesc/cam-wom-u17-2010.html,5/5,CONCACAF Under 17 Women’s Championship 2010
/tablesc/cam-wom-u17-2012.html,5/4,CONCACAF Under 17 Women’s Championship 2012
/tablesc/cam-wom-u17-2013.html,5/4,CONCACAF Under 17 Women’s Championship 2013
/tablesc/cam-wom-u17-2016.html,5/4,CONCACAF Under 17 Women’s Championship 2016
/tablesc/cam-wom-u17-2018.html,5/4,CONCACAF Under 17 Women’s Championship 2018
/tablesc/cam-wom-u17-2022.html,4/4,CONCACAF Under 17 Women's Championship 2022
/tablesc/cam-wom-u17-2024.html,4/6,CONCACAF Under 17 Women's Championship 2024
/tablesc/cam-wom-u17-2025.html,3/4,CONCACAF Under 17 Women’s Qualifying Tournament 2025
/tablesc/cam-wom-u19-02.html,4/3,CONCACAF Under 19 Women’s Qualifying Tournament 2001/02
/tablesc/cam-wom-u19-05.html,5/4,CONCACAF Under 20 Women’s Qualifying Tournament 2005/06
/tablesc/cam-wom-u19-08.html,5/5,CONCACAF Under 20 Women’s Qualifying Tournament 2007/08
/tablesc/cam-wom-u19-2010.html,5/5,CONCACAF Under 20 Women’s Championship 2010
/tablesc/cam-wom-u19-2012.html,5/4,CONCACAF Under 20 Women’s Championship 2012
/tablesc/cam-wom-u19-2014.html,5/4,CONCACAF Under 20 Women’s Championship 2014
/tablesc/cam-wom-u19-2015.html,5/4,CONCACAF Under 20 Women’s Championship 2015
/tablesc/cam-wom-u19-2018.html,5/4,CONCACAF Under 20 Women’s Championship 2018
/tablesc/cam-wom-u19-2020.html,4/3,CONCACAF Under 20 Women’s Championship 2020
/tablesc/cam-wom-u19-2022.html,4/4,CONCACAF Under 20 Women’s Championship 2022
/tablesc/cam-wom-u19-2023.html,5/4,CONCACAF Under 20 Women’s Championship 2023
/tablesc/cam-wom-u19-2025.html,3/4,CONCACAF Under 20 Women’s Championship 2025
/tablesc/cam-wom-u20.html,14/14,CONCACAF Women U-20 Championship
/tablesc/cam-women.html,12/12,CONCACAF Women's Championship
/tablesc/cam-women-allt.html,0/2,?
/tablesc/cam-women06.html,2/1,Women's Gold Cup 2006 - Central American Qualifying
/tablesc/cam-women91.html,4/4,CONCACAF's Women's Championship 1991
/tablesc/cam-women93.html,4/4,CONCACAF Women's Invitational Championship 1993
/tablesc/cam-women94.html,5/5,CONCACAF's Women's Championship 1994
/tablesc/cam-women98.html,7/6,CONCACAF's Women's Championship 1998
/tablesc/camaradisp29.html,2/3,Copa Cámara de Diputados Argentina 1929
/tablesc/cambod-intres.html,1/2,Cambodia - List of International Matches
/tablesc/cambod-wom2010.html,0/1,?
/tablesc/cambod-wom2011.html,0/1,?
/tablesc/cambod-wom2012.html,4/2,Cambodia (Women) 2012
/tablesc/cambod-wom2013.html,0/1,?
/tablesc/cambod-wom2019.html,0/1,?
/tablesc/cambod-wom2020.html,4/2,Cambodia (Women) 2020/21
/tablesc/cambod-wom2022.html,3/2,Cambodia (Women) 2021/22
/tablesc/cambod-womcuphist.html,3/4,Cambodia - List of Women Cup Winners
/tablesc/cambod00.html,5/3,Cambodia 2000
/tablesc/cambod02.html,5/3,Cambodia 2002
/tablesc/cambod03.html,5/3,Cambodia 2003
/tablesc/cambod04.html,5/3,Cambodia 2004
/tablesc/cambod05.html,5/3,Cambodia 2005
/tablesc/cambod06.html,5/3,Cambodia 2006
/tablesc/cambod07.html,5/4,Cambodia 2007
/tablesc/cambod08.html,5/4,Cambodia 2008
/tablesc/cambod09.html,5/5,Cambodia 2009
/tablesc/cambod2010.html,5/5,Cambodia 2010
/tablesc/cambod2011.html,5/5,Cambodia 2011
/tablesc/cambod2012.html,5/5,Cambodia 2012
/tablesc/cambod2013.html,5/5,Cambodia 2013
/tablesc/cambod2014.html,5/5,Cambodia 2014
/tablesc/cambod2015.html,5/5,Cambodia 2015
/tablesc/cambod2016.html,6/6,Cambodia 2016
/tablesc/cambod2017.html,6/5,Cambodia 2017
/tablesc/cambod2018.html,5/5,Cambodia 2018
/tablesc/cambod2019.html,5/5,Cambodia 2019
/tablesc/cambod2020.html,5/5,Cambodia 2020
/tablesc/cambod2021.html,5/6,Cambodia 2021
/tablesc/cambod2022.html,6/5,Cambodia 2022
/tablesc/cambod2024.html,6/5,Cambodia 2023/24
/tablesc/cambod2025.html,6/5,Cambodia 2024/25
/tablesc/cambod2026.html,5/6,Cambodia 2025/26
/tablesc/cambod2champ.html,1/2,Cambodia - List of Second Level Champions
/tablesc/cambod65.html,4/2,Cambodia 1965
/tablesc/cambod98.html,5/3,Cambodia 1998
/tablesc/cambodchamp.html,28/29,Cambodia - List of Champions
/tablesc/cambodcuphist.html,20/28,Cambodia - List of Cup Winners
/tablesc/cambodfound.html,1/2,Cambodia - List of Foundation Dates
/tablesc/cambodsupcuphist.html,3/8,Cambodia - List of Super Cup Winners
/tablesc/camel88.html,2/3,Camel Nations Cup 1988 (Los Angeles)
/tablesc/camel91.html,2/2,Camel Cup 1991 (Los Angeles)
/tablesc/camocha.html,1/2,"Trofeo de La Camocha (Siero, Asturias)"
/tablesc/campagnes.html,1/2,Tournoi des Campagnes
/tablesc/campinas68.html,0/2,?
/tablesc/campmundo-u17-02.html,0/1,?
/tablesc/can-albertacuphist.html,1/4,Canada - Alberta - List of Champions and Cup Winners
/tablesc/can-bchonours.html,2/5,Canada - British Columbia - List of Champions and Cup Winners
/tablesc/can-intres.html,1/2,Canada - International Results
/tablesc/can-manitobacuphist.html,1/2,Canada - Manitoba - List of Cup Winners
/tablesc/can-nlcuphist.html,1/28,Canada - Newfoundland and Labrador Soccer Association - List of Champions
/tablesc/can-nztour27.html,0/2,?
/tablesc/can-ontariocup01.html,0/1,?
/tablesc/can-ontariocup02.html,0/1,?
/tablesc/can-ontariocup03.html,0/1,?
/tablesc/can-ontariocup04.html,0/1,?
/tablesc/can-ontariocup05.html,0/1,?
/tablesc/can-ontariocuphist.html,6/2,Canada - List of Ontario Cup Winners (Canadian Amateur Club Cup)
/tablesc/can-ontariofuts.html,1/2,Canada - List of Ontario Futsal Champions
/tablesc/can-saskacuphist.html,1/2,Canada - Saskatchewan - List of Cup Winners
/tablesc/can-summergames.html,1/2,Canada Summer Games football (soccer) tournaments
/tablesc/can-vislhist.html,0/2,?
/tablesc/can-wom04.html,3/3,Canada (Women) 2004
/tablesc/can-wom05.html,4/4,Canada (Women) 2005
/tablesc/can-wom06.html,4/4,Canada (Women) 2006
/tablesc/can-wom07.html,4/4,Canada (Women) 2007
/tablesc/can-wom08.html,4/4,Canada (Women) 2008
/tablesc/can-wom09.html,4/4,Canada (Women) 2009
/tablesc/can-wom2010.html,4/4,Canada (Women) 2010
/tablesc/can-wom2011.html,4/4,Canada (Women) 2011
/tablesc/can-wom2012.html,4/4,Canada (Women) 2012
/tablesc/can-wom2013.html,4/4,Canada (Women) 2013
/tablesc/can-wom2014.html,4/4,Canada (Women) 2014
/tablesc/can-wom2015.html,4/4,Canada (Women) 2015
/tablesc/can-wom2018.html,4/4,Canada (Women) 2018
/tablesc/can-wom2019.html,4/3,Canada (Women) 2019
/tablesc/can-wom2022.html,0/3,?
/tablesc/can-wom2025.html,3/1,Canada (Women) 2025
/tablesc/can-womchamp.html,16/17,Canada - List of Women Champions
/tablesc/can00.html,4/4,Canada - Canadian Premier Soccer League 2000
/tablesc/can01.html,4/4,Canada - Canadian Premier Soccer League 2001
/tablesc/can02.html,5/4,Canada - Canadian Premier Soccer League 2002
/tablesc/can03.html,6/4,Canada 2003
/tablesc/can04.html,7/7,Canada - Canadian Premier Soccer League 2004
/tablesc/can05.html,7/6,Canada - Canadian Premier Soccer League 2005
/tablesc/can06.html,7/5,Canada 2006
/tablesc/can07.html,8/5,Canada 2007
/tablesc/can08.html,9/5,Canada 2008
/tablesc/can09.html,10/6,Canada 2009
/tablesc/can2010.html,10/5,Canada 2010
/tablesc/can2011.html,10/5,Canada 2011
/tablesc/can2012.html,11/6,Canada 2012
/tablesc/can2013.html,10/6,Canada 2013
/tablesc/can2014.html,10/6,Canada 2014
/tablesc/can2015.html,10/7,Canada 2015
/tablesc/can2016.html,10/6,Canada 2016
/tablesc/can2017.html,10/6,Canada 2017
/tablesc/can2018.html,10/7,Canada 2018
/tablesc/can2019.html,10/6,Canada 2019
/tablesc/can2020.html,11/6,Canada 2020
/tablesc/can2021.html,10/5,Canada 2021
/tablesc/can2022.html,10/5,Canada 2022
/tablesc/can2023.html,10/5,Canada 2023
/tablesc/can2024.html,10/5,Canada 2024
/tablesc/can2025.html,9/6,Canada 2025
/tablesc/can96.html,3/4,Canada 1996
/tablesc/can97.html,4/5,Canada  1997
/tablesc/can98.html,4/4,Canada - Canadian Professional Soccer League 1998
/tablesc/can99.html,4/4,Canada - Canadian Premier Soccer League 1999
/tablesc/canada-soccercup99.html,0/2,?
/tablesc/canadacup-wom90.html,0/2,?
/tablesc/canalcastilla.html,1/2,Trofeo Canal de Castilla
/tablesc/canarychamp.html,1/5,Canary Islands Championship-Campeonato Regional de Canarias
/tablesc/canbarg78.html,1/2,Argentina Cup 1978 (Canberra)
/tablesc/canchamp.html,51/16,Canada - List of Champions
/tablesc/canclub.html,1/4,Canada Club Directory
/tablesc/cancun95.html,0/1,?
/tablesc/cangas.html,1/2,Trofeos Vila de Cangas de Morrazo
/tablesc/cannes-tourn.html,1/3,Friendly Tournaments in Cannes
/tablesc/cannes-u18.html,1/3,Tournoi Juniors U-18 de Cannes
/tablesc/cannes07.html,1/1,Tournoi de Cannes 2007 (France)
/tablesc/canoas-u17-05.html,0/1,?
/tablesc/cantolao.html,1/2,Academia Deportiva Cantolao
/tablesc/cantonal24.html,2/3,Stadium Inauguration of Cantonal FC - 1924
/tablesc/cantonal50-43.html,2/3,50th Anniversary of Cantonal FC - 1943
/tablesc/canunichamp.html,2/23,Canada - List of University Champions
/tablesc/cape-verde-tourn88.html,0/2,?
/tablesc/capitalros85.html,0/2,?
/tablesc/capitalros93.html,0/2,?
/tablesc/cappelli34.html,1/2,Torneo Cappelli (Roma) 1934
/tablesc/cappellini01.html,1/1,Memorial Cappellini (Mantova) 2001
/tablesc/caputmundi.html,0/2,?
/tablesc/car-women00.html,3/2,Caribbean Women's Championship 2000
/tablesc/car-women05.html,5/4,Women's Caribbean Cup 2006
/tablesc/car-women2014.html,3/3,Women's Caribbean Cup 2014
/tablesc/car-womenov.html,6/5,Caribbean Women's Championship
/tablesc/carabelaplata04.html,1/1,XXXIII Trofeo Carabela de Plata 2004 (Cartagena)
/tablesc/caracas-clubtourn.html,0/2,?
/tablesc/caracas66.html,0/2,?
/tablesc/caraibes48.html,1/2,Coupe des Caraibes 1948
/tablesc/carballino.html,1/2,"Trofeo Testa do Pulpo (Carballino, Ourense)"
/tablesc/carclub00.html,5/4,Caribbean Club Championship 2000
/tablesc/carclub2018.html,5/3,Caribbean Club Competitions 2018
/tablesc/carclub2019.html,5/4,Caribbean Club Competitions 2019
/tablesc/carclub2020.html,5/4,Caribbean Club Competitions 2020
/tablesc/carclub2021.html,5/4,Caribbean Club Competitions 2021
/tablesc/carclub2022.html,4/3,Caribbean Club Competitions 2022
/tablesc/carclub2023.html,5/4,Caribbean Club Competitions 2023
/tablesc/carclub2024.html,5/3,Caribbean Club Competitions 2024
/tablesc/carclub2025.html,3/4,Caribbean Club Competitions 2025
/tablesc/carclub82.html,3/2,"C.F.U. ""Champion of Champions"" club tournament 1982"
/tablesc/carclub98.html,5/5,Caribbean Club Championship 1998
/tablesc/cardiffcity-oceania68.html,2/2,Cardiff City FC Tour of Oceania 1968
/tablesc/cardoso55.html,0/3,?
/tablesc/carfootleag.html,1/2,Caribbean Professional Football League 1992-1995
/tablesc/carib-tour2569.html,1/4,Caribbean Tour Matches 1925-1969
/tablesc/cariballiance03.html,0/1,?
/tablesc/caribana95.html,0/2,?
/tablesc/caribclub.html,28/12,Caribbean Club Championships
/tablesc/caribe-u17-00.html,0/1,?
/tablesc/caribe-youth.html,2/4,Caribbean Youth Championship
/tablesc/caribe-youth-79.html,0/1,?
/tablesc/caribe01.html,6/4,Copa Caribe 2001
/tablesc/caribe01-det.html,3/2,Copa Caribe 2001 - Final Tournament Details
/tablesc/caribe02.html,2/2,Caribbean Qualifying for Gold Cup 2003
/tablesc/caribe05.html,5/5,Copa Caribe 2005
/tablesc/caribe05det.html,2/1,Copa Caribe 2005 - Details
/tablesc/caribe07.html,5/5,Copa Caribe 2007
/tablesc/caribe07det.html,2/2,Copa Caribe 2007 - Match Details
/tablesc/caribe08.html,4/4,Caribbean Championship 2008
/tablesc/caribe2010.html,5/4,Caribbean Championship 2010
/tablesc/caribe2012.html,5/5,Caribbean Championship 2012
/tablesc/caribe2012det.html,2/2,Caribbean Championship 2012 Details
/tablesc/caribe2014.html,5/5,Caribbean Championship 2014
/tablesc/caribe2016.html,4/5,Caribbean Championship 2016/17
/tablesc/caribe89.html,5/5,Caribbean Championship 1989
/tablesc/caribe90.html,4/4,Caribbean Championship 1990
/tablesc/caribe99.html,3/4,Copa Caribe 1999
/tablesc/caribpolice03.html,0/1,?
/tablesc/caribstmaarten95.html,0/2,?
/tablesc/carlingnc2011.html,0/1,?
/tablesc/carlosgardel.html,0/1,?
/tablesc/carlosmenem94.html,0/2,?
/tablesc/carlosmenem94arg.html,0/3,?
/tablesc/carlosmenem94det.html,0/2,?
/tablesc/carlosstein.html,1/2,Asociación Futbol Club Carlos Stein
/tablesc/carlsberg-dublin98.html,3/4,Carlsberg Trophy (Dublin) 1998
/tablesc/carmanuni.html,1/2,Universitario v Carlos A. Mannucci
/tablesc/carnaval-caracas69.html,0/1,?
/tablesc/carranza.html,1/7,Trofeo Ramón de Carranza
/tablesc/carranza66.html,0/7,?
/tablesc/cartagenajuv.html,1/2,"Trofeo Carabela de Plata Juvenil (Ciudad de Cartagena, Murcia)"
/tablesc/casale-u18.html,0/2,?
/tablesc/cascais.html,1/1,CascaisFoot - Torneio Internacional de Futebol Juvenil
/tablesc/castelnuovo04.html,1/1,Torneo di Castelnuovo 2004
/tablesc/castle.html,0/1,?
/tablesc/casummercup2024.html,1/1,Summer Cup (women)
/tablesc/cat-womcuphist.html,1/2,Spain - Catalonia - List of Women Copa Catalunya Winners
/tablesc/cata-intres.html,2/2,Catalonia Autonomous Team Matches
/tablesc/catania.html,1/3,Catania Calcio 1946
/tablesc/cataniatourn.html,1/2,Friendly Tournaments organised by Calcio Catania
/tablesc/catchamp.html,4/7,Spain - List of Champions of Catalonia
/tablesc/catcup00.html,4/3,Spain - Catalonia - Copa Catalunya 1999/00
/tablesc/catcup01.html,4/3,Spain - Catalonia - Copa Catalunya 2000/01
/tablesc/catcup02.html,4/3,Spain - Catalonia - Copa Catalunya 2001/02
/tablesc/catcup03.html,4/3,Spain - Catalonia - Copa Catalunya 2002/03
/tablesc/catcup03b.html,4/3,Spain - Catalonia - Copa Catalunya 2003/04
/tablesc/catcup04.html,4/3,Spain - Catalonia - Copa Catalunya 2004/05
/tablesc/catcup06.html,4/3,Spain - Catalonia - Copa Catalunya 2005/06
/tablesc/catcup07.html,4/3,Spain - Catalonia - Copa Catalunya 2006/07
/tablesc/catcup08.html,4/3,Spain - Catalonia - Copa Catalunya 2007/08
/tablesc/catcup09.html,4/3,Spain - Catalonia - Copa Catalunya 2008/09
/tablesc/catcup2010.html,4/3,Spain - Catalonia - Copa Catalunya 2009/10
/tablesc/catcup2011.html,4/3,Spain - Catalonia - Copa Catalunya 2010/11
/tablesc/catcup2012.html,4/3,Spain - Catalonia - Copa Catalunya 2011/12
/tablesc/catcup2013.html,4/3,Spain - Catalonia - Copa Catalunya 2012/13
/tablesc/catcup2014.html,4/3,Spain - Catalonia - Copa Catalunya 2013/14
/tablesc/catcup2015.html,4/3,Spain - Catalonia - Copa Catalunya 2014/15
/tablesc/catcup2016.html,4/3,Spain - Catalonia - Copa Catalunya 2015/16
/tablesc/catcup2017.html,4/3,Spain - Catalonia - Copa Catalunya 2016/17
/tablesc/catcup2018.html,4/3,Spain - Catalonia - Copa Catalunya 2017/18
/tablesc/catcup2019.html,4/3,Spain - Catalonia - Copa Catalunya 2018/19
/tablesc/catcup2020.html,4/3,Spain - Catalonia - Copa Catalunya 2019/20
/tablesc/catcup2023.html,4/3,Spain - Catalonia - Copa Catalunya 2022/23
/tablesc/catcup2024.html,4/3,Spain - Catalonia - Copa Catalunya 2023/24
/tablesc/catcup2025.html,3/3,Spain - Catalonia - Copa Catalunya 2024/25
/tablesc/catcup25.html,4/3,Spain - Catalonia - Copa Catalunya 1925
/tablesc/catcup36.html,4/4,Spain - Catalonia - Copa Catalunya 1936
/tablesc/catcup90.html,4/3,Spain - Catalonia - Copa Generalitat 1989/90
/tablesc/catcup91.html,4/3,Spain - Catalonia - Copa Generalitat 1990/91
/tablesc/catcup92.html,4/3,Spain - Catalonia - Copa Generalitat 1991/92
/tablesc/catcup93.html,4/3,Spain - Catalonia - Copa Generalitat 1992/93
/tablesc/catcup94.html,4/3,Spain - Catalonia - Copa Catalunya 1993/94
/tablesc/catcup95.html,4/3,Spain - Catalonia - Copa Catalunya 1994/95
/tablesc/catcup96.html,4/3,Spain - Catalonia - Copa Catalunya 1995/96
/tablesc/catcup97.html,4/3,Spain - Catalonia - Copa Catalunya 1996/97
/tablesc/catcup98.html,4/3,Spain - Catalonia - Copa Catalunya 1997/98
/tablesc/catcup99.html,4/3,Spain - Catalonia - Copa Catalunya 1998/99
/tablesc/catcuphist.html,38/40,Spain - List of Cup Winners of Catalonia
/tablesc/catfound.html,2/3,Spain - Catalonia - List of Foundation Dates
/tablesc/cathist.html,5/5,Spain - Final Tables Catalonia
/tablesc/cathistres.html,3/3,Spain - Catalonia Championship 1903-1940 - All Results
/tablesc/cawomcup2025.html,2/2,CONCACAF W Champions Cup 2024/25
/tablesc/cawomcup2026.html,2/3,CONCACAF W Champions Cup 2025/26
/tablesc/cayman-intres.html,2/4,Cayman Islands - List of International Matches
/tablesc/cayman-intres-detwcq.html,2/2,Cayman Islands - Details of World Cup Qualifiers
/tablesc/cayman-tourn95.html,0/2,?
/tablesc/cayman-wom-intres.html,0/2,?
/tablesc/cayman-wom00.html,5/3,Cayman Islands (Women) 1999/00
/tablesc/cayman-wom01.html,5/4,Cayman Islands (Women) 2000/01
/tablesc/cayman-wom02.html,5/4,Cayman Islands (Women) 2001/02
/tablesc/cayman-wom03.html,5/4,Cayman Islands (Women) 2002/03
/tablesc/cayman-wom04.html,5/4,Cayman Islands (Women) 2003/04
/tablesc/cayman-wom05.html,5/3,Cayman Islands (Women) 2004/05
/tablesc/cayman-wom06.html,4/4,Cayman Islands (Women) 2005/06
/tablesc/cayman-wom07.html,5/3,Cayman Islands (Women) 2006/07
/tablesc/cayman-wom08.html,5/4,Cayman Islands (Women) 2007/08
/tablesc/cayman-wom09.html,5/5,Cayman Islands (Women) 2008/09
/tablesc/cayman-wom2010.html,5/4,Cayman Islands (Women) 2009/10
/tablesc/cayman-wom2011.html,5/4,Cayman Islands (Women) 2010/11
/tablesc/cayman-wom2013.html,5/5,Cayman Islands (Women) 2012/13
/tablesc/cayman-wom2014.html,5/4,Cayman Islands (Women) 2013/14
/tablesc/cayman-wom2015.html,5/4,Cayman Islands (Women) 2014/15
/tablesc/cayman-wom2016.html,5/4,Cayman Islands (Women) 2015/16
/tablesc/cayman-wom2017.html,5/2,Cayman Islands (Women) 2016/17
/tablesc/cayman-wom2018.html,5/3,Cayman Islands (Women) 2017/18
/tablesc/cayman-wom2019.html,5/4,Cayman Islands (Women) 2018/19
/tablesc/cayman-wom2020.html,5/5,Cayman Islands (Women) 2019/20
/tablesc/cayman-wom2021.html,5/5,Cayman Islands (Women) 2020/21
/tablesc/cayman-wom2022.html,5/4,Cayman Islands (Women) 2022
/tablesc/cayman-wom2023.html,5/4,Cayman Islands (Women) 2022/23
/tablesc/cayman-wom2024.html,5/5,Cayman Islands (Women) 2023/24
/tablesc/cayman-wom2025.html,5/5,Cayman Islands (Women) 2024/25
/tablesc/cayman-wom2026.html,4/5,Cayman Islands (Women) 2025/26
/tablesc/cayman-wom95.html,4/3,Cayman Islands (Women) 1995
/tablesc/cayman-wom96.html,5/5,Cayman Islands (Women) 1996
/tablesc/cayman-wom98.html,5/3,Cayman Islands (Women) 1/98
/tablesc/cayman-wom99.html,5/4,Cayman Islands (Women) 1999
/tablesc/cayman-womchamp.html,28/32,Cayman Islands - List of Women Champions
/tablesc/cayman-womcuphist.html,27/32,Cayman Islands - List of Women Cup Winners
/tablesc/cayman00.html,5/5,Cayman Islands 1999/2000
/tablesc/cayman01.html,5/4,Cayman Islands 2000/01
/tablesc/cayman02.html,5/4,Cayman Islands 2001/02
/tablesc/cayman03.html,5/4,Cayman Islands 2002/03
/tablesc/cayman04.html,5/4,Cayman Islands 2003/04
/tablesc/cayman05.html,5/4,Cayman Islands 2004/05
/tablesc/cayman06.html,5/4,Cayman Islands 2005/06
/tablesc/cayman07.html,5/4,Cayman Islands 2006/07
/tablesc/cayman08.html,5/4,Cayman Islands 2007/08
/tablesc/cayman09.html,5/5,Cayman Islands 2008/09
/tablesc/cayman2010.html,5/5,Cayman Islands 2009/10
/tablesc/cayman2011.html,5/5,Cayman Islands 2010/11
/tablesc/cayman2012.html,5/5,Cayman Islands 2011/12
/tablesc/cayman2013.html,5/5,Cayman Islands 2012/13
/tablesc/cayman2014.html,5/5,Cayman Islands 2013/14
/tablesc/cayman2015.html,5/5,Cayman Islands 2014/15
/tablesc/cayman2016.html,5/5,Cayman Islands 2015/16
/tablesc/cayman2017.html,5/5,Cayman Islands 2016/17
/tablesc/cayman2018.html,5/5,Cayman Islands 2017/18
/tablesc/cayman2019.html,5/5,Cayman Islands 2018/19
/tablesc/cayman2020.html,5/5,Cayman Islands 2019/20
/tablesc/cayman2021.html,5/5,Cayman Islands 2020/21
/tablesc/cayman2022.html,5/5,Cayman Islands 2022
/tablesc/cayman2023.html,5/5,Cayman Islands 2022/23
/tablesc/cayman2024.html,6/5,Cayman Islands 2023/24
/tablesc/cayman2025.html,6/5,Cayman Islands 2024/25
/tablesc/cayman2026.html,5/6,Cayman Islands 2025/26
/tablesc/cayman2champ.html,1/4,Cayman Islands - List of Second Level Champions
/tablesc/cayman71.html,6/4,Cayman Islands 1970/71
/tablesc/cayman72.html,5/5,Cayman Islands 1971/72
/tablesc/cayman73.html,5/5,Cayman Islands 1972/73
/tablesc/cayman74.html,5/5,Cayman Islands 1973/74
/tablesc/cayman75.html,5/4,Cayman Islands 1974/75
/tablesc/cayman76.html,5/4,Cayman Islands 1975/76
/tablesc/cayman77.html,5/4,Cayman Islands 1976/77
/tablesc/cayman78.html,5/4,Cayman Islands 1977/78
/tablesc/cayman79.html,5/4,Cayman Islands 1978/79
/tablesc/cayman80.html,5/4,Cayman Islands 1979/80
/tablesc/cayman81.html,5/4,Cayman Islands 1980/81
/tablesc/cayman82.html,5/4,Cayman Islands 1981/82
/tablesc/cayman83.html,5/2,Cayman Islands 1982/83
/tablesc/cayman84.html,5/4,Cayman Islands 1983/84
/tablesc/cayman85.html,5/4,Cayman Islands 1984/85
/tablesc/cayman86.html,5/4,Cayman Islands 1985/86
/tablesc/cayman87.html,5/4,Cayman Islands 1987
/tablesc/cayman88.html,5/6,Cayman Islands 1988
/tablesc/cayman89.html,5/4,Cayman Islands 1988/89
/tablesc/cayman90.html,5/4,Cayman Islands 1989/90
/tablesc/cayman91.html,5/4,Cayman Islands 1990/91
/tablesc/cayman92.html,5/6,Cayman Islands 1991/92
/tablesc/cayman93.html,5/6,Cayman Islands 1992/93
/tablesc/cayman94.html,5/4,Cayman Islands 1993/94
/tablesc/cayman95.html,6/6,Cayman Islands 1994/95
/tablesc/cayman96.html,6/6,Cayman Islands 1995/96
/tablesc/cayman97.html,5/6,Cayman Islands 1996/97
/tablesc/cayman98.html,5/6,Cayman Islands 1997/98
/tablesc/cayman99.html,5/6,Cayman Islands 1998/99
/tablesc/caymanchamp.html,56/60,Cayman Islands - List of Champions
/tablesc/caymancuphist.html,56/59,Cayman Islands - List of Cup Winners
/tablesc/caymanfound.html,1/2,Cayman Islands - Foundation Dates of Clubs
/tablesc/cc-orense64.html,1/2,Trofeo Corpus Christi in Orense 1964
/tablesc/ccc-charleston2012.html,0/1,?
/tablesc/cccf-concacaf.html,45/26,CCCF and Concacaf Championships
/tablesc/cccf-u20.html,2/3,CCCF Youth Championship 1954-1960
/tablesc/cccf41.html,5/5,I C.C.C.F. (Confederación Centroamericana y del Caribe de Fútbol) Championship 1941
/tablesc/cccf41det.html,3/2,I C.C.C.F. Championship 1941 - Match Details
/tablesc/cccf43.html,6/7,"II CCCF Championship 1943 (San Salvador, El Salvador, Dec 5-19)"
/tablesc/cccf43det.html,2/2,II C.C.C.F. Championship 1943 - Match Details
/tablesc/cccf46.html,5/5,"CCCF Championship 1946 (San José, Costa Rica, Feb 23-Mar 13)"
/tablesc/cccf46det.html,2/2,III C.C.C.F. Championship 1946 - Match Details
/tablesc/cccf48.html,5/5,"CCCF Championship 1948 (Cd. de Guatemala, Guatemala, Feb 29-Mar 21)"
/tablesc/cccf48det.html,2/2,IV C.C.C.F. Championship 1948 - Match Details
/tablesc/cccf51.html,6/5,"CCCF Championship 1951 (Panama City, Panama, Feb 25-Mar 4)"
/tablesc/cccf51det.html,2/2,V C.C.C.F. Championship 1951 - Match Details
/tablesc/cccf53.html,5/6,"VI CCCF Championship 1953 (San José, Costa Rica, Mar 8-21)"
/tablesc/cccf53det.html,2/2,VI C.C.C.F. Championship 1953 - Match Details
/tablesc/cccf55.html,5/6,"VII C.C.C.F. Championship 1955 (Tegucigalpa, Honduras, Aug 14-28)"
/tablesc/cccf55det.html,2/2,VII C.C.C.F. Championship 1955 - Match Details
/tablesc/cccf57.html,5/6,"CCCF Championship 1957 (Willemstad, Curaçao, Aug 11-25)"
/tablesc/cccf57det.html,2/2,VIII CCCF Championship 1957 - Match Details
/tablesc/cccf60.html,5/6,"IX CCCF Championship 1960 (La Habana, Cuba, Feb 14-29)"
/tablesc/cccf60det.html,2/2,IX CCCF Championship 1960 - Match Details
/tablesc/cccf61.html,4/4,"X C.C.C.F. Championship 1961 (San José Costa Rica, March 5-19)"
/tablesc/cccf61det.html,2/1,X CCCF Championship 1961 - Match Details
/tablesc/ccdmontevideo78.html,0/2,?
/tablesc/ccm87.html,0/2,?
/tablesc/cd-albacete.html,1/2,Trofeo Ciudad de Albacete
/tablesc/cd-alfaro.html,1/2,Trofeo Ciudad de Alfaro
/tablesc/cd-avila.html,1/2,Trofeo Ciudad de Ávila de fútbol
/tablesc/cd-buenos-aires.html,2/6,Copa Ciudad de Buenos Aires
/tablesc/cd-buenos-aires68det.html,3/4,Copa Ciudad de Buenos Aires 1968 (Details)
/tablesc/cd-calahorra.html,1/2,Trofeo Ciudad de Calahorra
/tablesc/cd-califasjuv.html,1/2,Trofeo Juvenil Ciudad de los Califas (Córdoba)
/tablesc/cd-caracas.html,0/2,?
/tablesc/cd-ceuta.html,1/2,"Trofeo Ciudad de Ceuta (Ceuta, España)"
/tablesc/cd-colonia.html,0/1,?
/tablesc/cd-elpuerto.html,1/3,Trofeo Ciudad de El Puerto (Spain)
/tablesc/cd-este-verano05.html,0/1,?
/tablesc/cd-estella.html,1/2,Trofeo Ciudad de Estella (Navarra)
/tablesc/cd-granada.html,1/4,Trofeo Ciudad de Granada (Spain)
/tablesc/cd-guadalajara-ov.html,0/1,?
/tablesc/cd-guadalajara71.html,0/1,?
/tablesc/cd-guadalajara71b.html,0/1,?
/tablesc/cd-guadalajara72.html,0/2,?
/tablesc/cd-laspalmas.html,2/3,Trofeo Ciudad de Las Palmas
/tablesc/cd-laspalmas72.html,0/2,?
/tablesc/cd-pamplona.html,1/3,Trofeo Ciudad de Pamplona (Spain)
/tablesc/cd-paysandu.html,0/2,?
/tablesc/cd-pozoblanco.html,1/2,Trofeo de Pozoblanco
/tablesc/cd-puntadeleste.html,0/1,?
/tablesc/cd-salto.html,0/1,?
/tablesc/cd-santafe05.html,0/2,?
/tablesc/cd-santafe06.html,0/1,?
/tablesc/cd-santafe07.html,0/2,?
/tablesc/cd-santafe09.html,0/2,?
/tablesc/cd-santafe66.html,0/2,?
/tablesc/cd-santafe74.html,0/2,?
/tablesc/cd-tenerife.html,1/3,Trofeo Ciudad de Tenerife
/tablesc/cdadcordoba.html,18/20,Copa de Oro/Ciudad/Provincia Córdoba
/tablesc/cdadcordoba00det.html,3/1,Copa Ciudad de Córdoba 2000
/tablesc/cdadcordoba01det.html,3/1,Copa Ciudad de Córdoba 2001
/tablesc/cdadcordoba02det.html,3/1,Copa Ciudad de Córdoba 2002
/tablesc/cdadcordoba07det.html,3/1,Copa Ciudad de Córdoba 2007
/tablesc/cdadcordoba09det.html,2/1,Copa Ciudad de Córdoba 2009
/tablesc/cdadcordoba10det.html,2/1,Copa Ciudad de Córdoba 2010
/tablesc/cdadcordoba13det.html,3/1,Copa Provincia de Córdoba 2013
/tablesc/cdadcordoba14det.html,3/1,Copa Provincia de Córdoba 2014
/tablesc/cdadcordoba71.html,2/2,Copa Ciudad de Córdoba 1971
/tablesc/cdadcordoba76det.html,2/1,Cuadrangular de Córdoba 1976
/tablesc/cdadcordoba80.html,0/1,?
/tablesc/cdadcordoba80det.html,2/2,Copa Córdoba 1980
/tablesc/cdadcordoba81det.html,2/1,Copa Oro Córdoba 1981
/tablesc/cdadcordoba89det.html,2/1,Copa de Oro Córdoba 1989
/tablesc/cdadcordoba90.html,2/2,Copa de Oro Córdoba 1990
/tablesc/cdadcordoba91det.html,2/1,Copa Ciudad de Córdoba 1991
/tablesc/cdadcordoba93.html,2/4,Copa Ciudad de Córdoba 1993
/tablesc/cdadmardelplata.html,23/22,Copa Ciudad de Mar del Plata
/tablesc/cdadmendoza.html,9/11,Copa Ciudad/Provincia de Mendoza
/tablesc/cdadmendoza02.html,2/2,Copa Ciudad de Mendoza 2002
/tablesc/cdadmendoza11.html,2/3,Copa Ciudad de Mendoza 2011
/tablesc/cdadmendoza12.html,2/3,Copa Ciudad de Mendoza 2012
/tablesc/cdadmendoza97.html,2/2,Copa Ciudad de Mendoza 1997
/tablesc/cdadsalta.html,0/2,?
/tablesc/cdadtandil.html,0/2,?
/tablesc/cdalcoy2012.html,1/1,Trofeo Ciudad de Alcoy 2012 – Alcoy (Spain)
/tablesc/cdbarquisimeto81.html,0/2,?
/tablesc/cdcordoba93.html,2/2,Copa Ciudad de Córdoba 1993
/tablesc/cdguadalajara6163.html,0/2,?
/tablesc/cdguayaquil88.html,0/2,?
/tablesc/cdmdp04.html,2/1,Copa Ciudad de Mar del Plata 2004
/tablesc/cdmerfersol.html,0/2,?
/tablesc/cdmerida81.html,0/2,?
/tablesc/cdmerida82.html,0/2,?
/tablesc/cdmexico75.html,0/4,?
/tablesc/cdmexico85.html,0/2,?
/tablesc/cdmontevideo06.html,0/1,?
/tablesc/cdmontevideo84.html,0/2,?
/tablesc/cdmontevideo84det.html,0/1,?
/tablesc/cdna-argtrip62.html,1/3,CDNA (Sofia) to Argentina 1962
/tablesc/cdpuebla67.html,0/2,?
/tablesc/cdsantiago.html,3/7,Copa Ciudad de Santiago
/tablesc/cdsantiago80.html,2/2,Copa Ciudad de Santiago 1980 - Match details
/tablesc/ceara-u23-00.html,1/1,Ceará State U-23 Cup 2000
/tablesc/ceara00.html,4/3,Ceará State League 2000
/tablesc/ceara2-00.html,3/2,Ceará State League Second Level 2000
/tablesc/ceara77.html,3/2,Ceará State League 1977
/tablesc/ceara78.html,4/3,Ceará State League 1978
/tablesc/ceara84.html,4/3,Ceará State League 1984
/tablesc/ceara91.html,4/3,Ceará State League 1991
/tablesc/ceara95.html,4/4,Ceará State League 1995
/tablesc/ceara97.html,4/3,Ceará State League 1997
/tablesc/ceara98.html,4/3,Ceará State League 1998
/tablesc/ceara99.html,4/3,Ceará State League 1999
/tablesc/cearachamp.html,0/10,Ceará State League - List of Champions
/tablesc/cearahist.html,0/1,?
/tablesc/cebreros.html,1/2,"Trofeo Adolfo Suárez (Cebreros, Ávila)"
/tablesc/cecafa.html,48/49,CECAFA Club Championship
/tablesc/cecafa-u17-07.html,0/1,?
/tablesc/cecafa-u20.html,0/2,?
/tablesc/cecafa-wom-2016.html,3/2,"CECAFA Women Championship (Jinja, Uganda) 2016"
/tablesc/cecafa-wom-2018.html,4/3,"CECAFA Women Championship (Kigali, Rwanda) 2018"
/tablesc/cecafa-wom-2019.html,4/3,"CECAFA Women Championship (Dar es Salaam, Tanzania) 2019"
/tablesc/cecafa-wom-2022.html,4/3,"CECAFA Women Championship (Njeru, Uganda) 2022"
/tablesc/cecafa-wom-2025.html,3/3,"CECAFA Women Championship (Dar es Salaam, Tanzania) 2025"
/tablesc/cecafa-wom-ov.html,6/7,CECAFA Women Championship
/tablesc/cecafa00.html,4/3,CECAFA Club Championship 2000
/tablesc/cecafa01.html,4/3,CECAFA Club Championship 2001
/tablesc/cecafa02.html,4/3,Kagame Inter-Club Cup 2002
/tablesc/cecafa03.html,5/4,Kagame Inter-Club Cup 2003
/tablesc/cecafa04.html,4/3,Kagame Inter-Club Cup 2004
/tablesc/cecafa05.html,4/3,Kagame Inter-Club Cup 2005
/tablesc/cecafa06.html,4/3,Kagame Inter-Club Cup 2006
/tablesc/cecafa07.html,4/3,Kagame Inter-Club Cup 2007
/tablesc/cecafa08.html,4/4,CECAFA Club Championship 2008
/tablesc/cecafa09.html,4/3,CECAFA Club Championship 2009
/tablesc/cecafa2010.html,4/3,CECAFA Club Championship 2010
/tablesc/cecafa2011.html,4/3,CECAFA Club Championship 2011
/tablesc/cecafa2012.html,4/3,CECAFA Club Championship 2012
/tablesc/cecafa2013.html,4/3,CECAFA Club Championship 2013
/tablesc/cecafa2014.html,4/3,CECAFA Club Championship 2014
/tablesc/cecafa2015.html,4/3,CECAFA Club Championship 2015
/tablesc/cecafa2018.html,4/3,CECAFA Club Championship 2018
/tablesc/cecafa2019.html,4/3,CECAFA Club Championship 2019
/tablesc/cecafa2021.html,3/4,CECAFA Club Championship 2021
/tablesc/cecafa66.html,2/4,Allsopps Cup-East African Club Championship 1966/67
/tablesc/cecafa74.html,4/2,CECAFA Club Championship 1974
/tablesc/cecafa75.html,4/3,CECAFA Club Championship 1975
/tablesc/cecafa76.html,4/3,CECAFA Club Championship 1976
/tablesc/cecafa77.html,4/3,CECAFA Club Championship 1977
/tablesc/cecafa78.html,4/3,CECAFA Club Championship 1978
/tablesc/cecafa79.html,4/3,CECAFA Club Championship 1979
/tablesc/cecafa80.html,4/3,CECAFA Club Championship 1980
/tablesc/cecafa81.html,4/3,CECAFA Club Championship 1981
/tablesc/cecafa82.html,4/4,CECAFA Club Championship 1982
/tablesc/cecafa83.html,4/3,CECAFA Club Championship 1983
/tablesc/cecafa84.html,4/3,CECAFA Club Championship 1984
/tablesc/cecafa85.html,4/3,CECAFA Club Championship 1985
/tablesc/cecafa86.html,4/3,CECAFA Club Championship 1986
/tablesc/cecafa87.html,4/4,CECAFA Club Championship 1987
/tablesc/cecafa88.html,4/3,CECAFA Club Championship 1988
/tablesc/cecafa89.html,4/3,CECAFA Club Championship 1989
/tablesc/cecafa91.html,4/4,CECAFA Club Championship 1991
/tablesc/cecafa92.html,4/4,CECAFA Club Championship 1992
/tablesc/cecafa93.html,4/3,CECAFA Club Championship 1993
/tablesc/cecafa94.html,4/4,CECAFA Club Championship 1994
/tablesc/cecafa95.html,4/3,CECAFA Club Championship 1995
/tablesc/cecafa96.html,4/3,CECAFA Club Championship 1996
/tablesc/cecafa97.html,4/3,CECAFA Club Championship 1997
/tablesc/cecafa98.html,4/3,CECAFA Club Championship 1998
/tablesc/cecafa99.html,4/3,CECAFA Club Championship 1999
/tablesc/cedeao.html,8/9,CEDEAO Cup
/tablesc/cedeao77.html,3/2,CEDEAO Cup 1977
/tablesc/cedeao83.html,5/4,CEDEAO Cup 1983
/tablesc/cedeao85.html,5/4,CEDEAO Cup 1985
/tablesc/cedeao87.html,4/4,CEDEAO Cup 1987
/tablesc/cedeao90.html,6/4,CEDEAO Cup 1990
/tablesc/cedeao91.html,4/3,CEDEAO Cup 1991
/tablesc/cedeira.html,1/2,"Trofeo Pérez Ponce (Cedeira, La Coruña)"
/tablesc/cedif-u12-03.html,0/1,?
/tablesc/celt-wom00.html,0/2,?
/tablesc/celta-trip28.html,2/4,South American Trip of RC Celta de Vigo 1928
/tablesc/celtic-usatour31.html,0/2,Celtic's 1931 Tour of North America
/tablesc/celtic125-12.html,1/1,Celtic FC 125th Anniversary - Glasgow
/tablesc/cemac02.html,4/3,Coupe de la CEMAC 2003
/tablesc/cemac05.html,4/3,Coupe de la CEMAC 2005
/tablesc/cemac06.html,4/3,Coupe de la CEMAC 2006
/tablesc/cemac07.html,5/4,Coupe de la CEMAC 2007
/tablesc/cemac07det.html,3/2,Coupe de la CEMAC 2007 Details
/tablesc/cemac08.html,4/3,Coupe de la CEMAC 2008
/tablesc/cemac09.html,4/3,Coupe de la CEMAC 2009
/tablesc/cemac2010.html,4/3,Coupe de la CEMAC 2010
/tablesc/cemac2013.html,4/3,Coupe de la CEMAC 2013
/tablesc/cemac2014.html,3/4,Coupe de la CEMAC 2014
/tablesc/cent-acvf04.html,1/1,"Centenary of ACVF 2004 (Canton of Vaud, Switzerland)"
/tablesc/cent-bellinzona04.html,1/2,Centenary of AC Bellinzona 2004 (Switzerland)
/tablesc/cent-belohoriz97.html,0/2,?
/tablesc/cent-benfica04.html,1/1,SL Benfica Centenary 2004
/tablesc/cent-bordeaux83.html,2/3,Centenary of Girondins de Bordeaux 1983
/tablesc/cent-carouge04.html,1/1,Centenary of Etoile Carouge 2004 (Switzerland)
/tablesc/cent-genoa93.html,1/2,Torneo del Centenario di Genoa (Italy) 1993
/tablesc/cent-horgen02.html,1/1,Centenary of FC Horgen 2002 (Switzerland)
/tablesc/cent-nice60.html,2/3,Tournoi du Centenaire in Nice 1960
/tablesc/cent-porrentruy04.html,1/1,Centenary of FC Porrentruy 2004 (Switzerland)
/tablesc/cent-porto93.html,1/3,Taça do Centenario do FC Porto 1993
/tablesc/cent-vilafranca04.html,1/1,Centenario Vilafranca 2004
/tablesc/cent89.html,1/3,Copa Centenario de Armenia 1989
/tablesc/cent95.html,0/1,?
/tablesc/centenario-rio65.html,0/2,?
/tablesc/centenario1910.html,2/4,Copa Centenario Revolución de Mayo 1910
/tablesc/centenario1910det.html,2/4,Juegos Olímpicos del Centenario 1910
/tablesc/centenariobsas36.html,0/2,?
/tablesc/centenariomdp06.html,0/2,?
/tablesc/centenariomdp2013.html,0/2,?
/tablesc/centrafrgames.html,5/6,Coupe d'Afrique Centrale 1972/Jeux d'Afrique Centrale 1976-1987
/tablesc/centralcoast01.html,0/1,?
/tablesc/centro-oeste00.html,4/5,Brazil - Copa Centro-Oeste 2000
/tablesc/centro-oeste01.html,3/4,Brazil - Copa Centro-Oeste 2001
/tablesc/centro-oeste02.html,3/4,Brazil - Copa Centro-Oeste 2002
/tablesc/centro-oeste99.html,3/3,Brazil - Copa Centro-Oeste 1999
/tablesc/centro-oestechamp.html,5/4,Brazil - Copa Centro-Oeste - List of Champions
/tablesc/centroauto29.html,2/3,Copa Centro Automovilístico Uruguayo 1929
/tablesc/ceravalo.html,1/2,Torneo Nicola Ceravalo 1992 (Italy)
/tablesc/cerro-venez73.html,2/3,Cerro (Montevideo) Trip to Venezuela 1973
/tablesc/cerro-venez75.html,2/3,Cerro (Montevideo) Trip to Central America and Venezuela 1975
/tablesc/cerrop-argtrip36.html,1/2,Cerro Porteño Trip to Argentina 1936
/tablesc/cerrop-argtrip51.html,1/2,Cerro Porteño Trip to Argentina 1951
/tablesc/cerroreyes.html,1/2,Trofeo Memorial José Pache (Cerro de los Reyes-Badajoz)
/tablesc/cervantes.html,1/2,Trofeo Cervantes
/tablesc/cervesur96.html,0/2,?
/tablesc/cervezacusquena05.html,0/1,?
/tablesc/cesarvallejo.html,1/2,Universidad César Vallejo Club de Fútbol
/tablesc/cesena85.html,2/3,Copa Misura 1985 (Cesena)
/tablesc/cesena85det.html,0/3,?
/tablesc/cfu.html,0/2,?
/tablesc/cfu-u15-05.html,0/1,?
/tablesc/cfu78.html,4/2,CFU Championship 1978
/tablesc/cfu79.html,4/3,CFU Championship 1979
/tablesc/cfu81.html,4/3,CFU Championship 1981
/tablesc/cfu83.html,4/3,CFU Championship 1983
/tablesc/cfu85.html,4/3,CFU Championship 1985
/tablesc/cfu88.html,4/3,CFU Championship 1988
/tablesc/chablais.html,1/2,Tournoi d'été du Chablais (Switzerland)
/tablesc/chacabuco76.html,1/3,Cuadrangular Internacional - Copa Plaza Chacabuco 1976
/tablesc/chacarita-braztrip52.html,2/4,Chacarita Juniors Trip to Brazil 1952
/tablesc/chacarita-braztrip53.html,2/4,Chacarita Juniors Trip to Brazil 1952/53
/tablesc/chacarita-paratrip51.html,1/2,Chacarita Juniors Trip to Paraguay 1951
/tablesc/chacarita-trip65.html,1/2,American Trip of Chacarita Juniors 1965
/tablesc/chad-intres.html,1/2,Chad - List of International Matches
/tablesc/challenge-int-nord.html,5/7,Challenge International du Nord
/tablesc/challenge-kentish.html,1/5,Kentish Cup
/tablesc/challenge91.html,0/2,?
/tablesc/championsws03.html,0/1,?
/tablesc/championsws04.html,0/1,?
/tablesc/charlesmiller55.html,0/2,?
/tablesc/chauxdefonds44.html,1/2,FC La Chaux-de-Fonds Tournament 1944 (Switzerland)
/tablesc/chauxdefonds48.html,1/2,FC La Chaux-de-Fonds Tournament 1948 (Switzerland)
/tablesc/chelsea-satrip29.html,2/5,South American Trip of Chelsea FC 1929
/tablesc/chelsea95.html,0/1,?
/tablesc/chenois-u20.html,1/2,Tournoi Espoirs U-20 du CS Chênois (Switzerland)
/tablesc/cherry19.html,2/2,Copa Roberto Chery
/tablesc/chevallier.html,1/3,Copa Chevallier Boutell
/tablesc/chevserena2017.html,1/2,Copa Chevrolet Ciudad de La Serena
/tablesc/chiapas03.html,0/2,?
/tablesc/chiasso100-05.html,1/1,Centenary of FC Chiasso
/tablesc/chicago92.html,0/3,?
/tablesc/chicagosparta-mextour29.html,1/2,Mexican trip of Chicago Sparta (USA) 1929
/tablesc/chiclana.html,1/2,"Trofeo de la Vendimia (Chiclana, Cádiz)"
/tablesc/chiclanaindustrial.html,1/2,Trofeo Ciudad de Chiclana (Cádiz)
/tablesc/chil-4n-u23-96.html,0/2,?
/tablesc/chil-intclub-friend.html,0/2,?
/tablesc/chil-intres.html,2/2,Chile - International Results
/tablesc/chil-intres-det.html,11/12,Chile - International Results - Details
/tablesc/chil-intres00.html,4/3,Chile - International Results 2000 - Details
/tablesc/chil-intres01.html,3/2,Chile - International Results 2001 - Details
/tablesc/chil-intres91.html,3/2,Chile - International Results 1991 - Details
/tablesc/chil-intres93.html,4/3,Chile - International Results 1993 - Details
/tablesc/chil-intres94.html,4/3,Chile - International Results 1994 - Details
/tablesc/chil-intres95.html,4/3,Chile - International Results 1995 - Details
/tablesc/chil-intres96.html,4/3,Chile - International Results 1996 - Details
/tablesc/chil-intres97.html,4/3,Chile - International Results 1997 - Details
/tablesc/chil-intres98.html,4/3,Chile - International Results 1994 - Details
/tablesc/chil-intres99.html,4/3,Chile - International Results 1999 - Details
/tablesc/chilargres.html,0/1,ARGENTINA-CHILE Matches 1910-2008
/tablesc/chilcolres.html,1/2,"Chile - Colombia matches, 1945-2000"
/tablesc/chile-ama09.html,14/3,Chile Amateur Leagues 2009
/tablesc/chile-ama2010.html,13/3,Chile Amateur Leagues 2010
/tablesc/chile-argtour1917.html,1/3,Chile Trip to Argentina 1917
/tablesc/chile-argtour37.html,0/2,?
/tablesc/chile-braztrip13.html,1/2,Brazilian Trip of Chilean Combined 1913
/tablesc/chile-csanf2011.html,2/2,Chile - Copa CSANF 2011
/tablesc/chile-fournat2000.html,0/1,?
/tablesc/chile-futs2010.html,1/1,Chile (Futsal) 2010
/tablesc/chile-native2012.html,4/3,"Chile - ""Native Football"" 2012"
/tablesc/chile-native2013.html,4/3,"Chile - ""Native Football"" 2013"
/tablesc/chile-native2015.html,4/4,"Chile - ""Native Football"" 2015"
/tablesc/chile-nativechamp.html,5/4,"Chile - List of Champions ""Native Football"""
/tablesc/chile-ncachamp.html,4/9,Chile - List of Amateur Champions (Associations)
/tablesc/chile-ncccchamp.html,9/9,Chile - List of Amateur Club Champions
/tablesc/chile-res05.html,11/1,Chile Reserves 2005
/tablesc/chile-satrip24.html,0/2,?
/tablesc/chile-u13-06.html,3/2,National Championship Amateur U-13 2006
/tablesc/chile-u13-07.html,4/3,National Championship Amateur U-13 2007
/tablesc/chile-u13-08.html,4/3,National Championship Amateur U-13 2008
/tablesc/chile-u13-09.html,4/3,National Championship Amateur U-13 2009
/tablesc/chile-u13-2010.html,3/3,National Championship Amateur U-13 2010
/tablesc/chile-u15-06.html,3/2,National Championship Amateur U-15 2006
/tablesc/chile-u15-09.html,3/3,National Championship Amateur U-15 2009
/tablesc/chile-u17-07.html,3/2,National Championship Amateur U-17 2007
/tablesc/chile-u17-2010.html,3/3,National Championship Amateur U-17 2010
/tablesc/chile-u20-05.html,0/1,?
/tablesc/chile-u20-4nat-01.html,0/2,?
/tablesc/chile-wom08.html,0/1,?
/tablesc/chile-wom09.html,0/2,?
/tablesc/chile-wom2010.html,4/2,Chile (Women) 2010
/tablesc/chile-wom2011.html,0/2,?
/tablesc/chile-wom2012.html,0/2,?
/tablesc/chile-wom2013.html,4/3,Chile (Women) 2013
/tablesc/chile-wom2014.html,4/3,Chile (Women) 2014
/tablesc/chile-wom2015.html,0/2,?
/tablesc/chile-wom2016.html,0/1,?
/tablesc/chile-wom2017.html,0/1,?
/tablesc/chile-wom2018.html,0/1,?
/tablesc/chile-wom2019.html,0/2,?
/tablesc/chile-wom2020.html,4/3,Chile (Women) 2020
/tablesc/chile-wom2021.html,4/4,Chile (Women) 2021
/tablesc/chile-wom2022.html,4/3,Chile (Women) 2022
/tablesc/chile-wom2023.html,0/2,?
/tablesc/chile-wom2024.html,0/2,?
/tablesc/chile-wom2025.html,3/2,Chile (Women) 2025
/tablesc/chile-womchamp.html,19/8,Chile - List of Women Champions
/tablesc/chile-youthamachamp.html,10/13,Chile - List of Youth Amateur Champions (Associations)
/tablesc/chile00.html,10/8,Chile 2000
/tablesc/chile01.html,11/7,Chile 2001
/tablesc/chile02.html,12/7,Chile 2002
/tablesc/chile03.html,12/7,Chile 2003
/tablesc/chile04.html,13/10,Chile 2004
/tablesc/chile05.html,13/7,Chile 2005
/tablesc/chile06.html,13/6,Chile 2006
/tablesc/chile07.html,13/7,Chile 2007
/tablesc/chile08.html,14/6,Chile 2008
/tablesc/chile09.html,13/9,Chile 2009
/tablesc/chile1893.html,7/2,Chile 1893
/tablesc/chile1894.html,8/2,Chile 1894
/tablesc/chile1896.html,10/2,Chile 1896
/tablesc/chile2010.html,12/8,Chile 2010
/tablesc/chile2011.html,12/6,Chile 2011
/tablesc/chile2012.html,12/5,Chile 2012
/tablesc/chile2013.html,12/6,Chile 2013
/tablesc/chile2014.html,12/6,Chile 2013/14
/tablesc/chile2015.html,12/6,Chile 2014/15
/tablesc/chile2016.html,12/6,Chile 2015/16
/tablesc/chile2017.html,12/6,Chile 2016/17
/tablesc/chile2017a.html,12/6,Chile 2017
/tablesc/chile2018.html,12/6,Chile 2018
/tablesc/chile2019.html,12/6,Chile 2019
/tablesc/chile2020.html,12/5,Chile 2020/21
/tablesc/chile2021.html,12/7,Chile 2021
/tablesc/chile2022.html,12/6,Chile 2022
/tablesc/chile2023.html,12/6,Chile 2023
/tablesc/chile2024.html,12/5,Chile 2024
/tablesc/chile2025.html,11/6,Chile 2025
/tablesc/chile2champ.html,80/109,Chile - List of Second Division Champions
/tablesc/chile33.html,10/7,Chile 1933
/tablesc/chile34.html,8/7,Chile 1934
/tablesc/chile35.html,8/7,Chile 1935
/tablesc/chile36.html,8/7,Chile 1936
/tablesc/chile37.html,8/8,Chile 1937
/tablesc/chile38.html,8/8,Chile 1938
/tablesc/chile39.html,8/6,Chile 1939
/tablesc/chile3champ.html,21/40,Chile - List of Third Division Champions
/tablesc/chile4-04.html,14/3,Chile Amateur Leagues 2004
/tablesc/chile4-05.html,15/5,Chile Amateur Leagues 2005
/tablesc/chile4-06.html,14/5,Chile Amateur Leagues 2006
/tablesc/chile4-07.html,14/4,Chile Amateur Leagues 2007
/tablesc/chile4-08.html,15/5,Chile Amateur Leagues 2008
/tablesc/chile40.html,8/8,Chile 1940
/tablesc/chile41.html,8/8,Chile 1941
/tablesc/chile42.html,8/7,Chile 1942
/tablesc/chile43.html,8/8,Chile 1943
/tablesc/chile44.html,8/8,Chile 1944
/tablesc/chile45.html,8/7,Chile 1945
/tablesc/chile46.html,8/6,Chile 1946
/tablesc/chile47.html,8/7,Chile 1947
/tablesc/chile48.html,8/6,Chile 1948
/tablesc/chile49.html,8/7,Chile 1949
/tablesc/chile4champ.html,12/39,Chile - List of Fourth Division Champions
/tablesc/chile50.html,8/7,Chile 1950
/tablesc/chile51.html,8/6,Chile 1951
/tablesc/chile52.html,8/7,Chile 1952
/tablesc/chile53.html,8/7,Chile 1953
/tablesc/chile54.html,8/7,Chile 1954
/tablesc/chile55.html,8/7,Chile 1955
/tablesc/chile56.html,8/7,Chile 1956
/tablesc/chile57.html,8/7,Chile 1957
/tablesc/chile58.html,8/8,Chile 1958
/tablesc/chile59.html,8/8,Chile 1959
/tablesc/chile60.html,8/8,Chile 1960
/tablesc/chile61.html,8/8,Chile 1961
/tablesc/chile62.html,8/8,Chile 1962
/tablesc/chile63.html,8/7,Chile 1963
/tablesc/chile64.html,8/7,Chile 1964
/tablesc/chile65.html,8/7,Chile 1965
/tablesc/chile66.html,8/7,Chile 1966
/tablesc/chile67.html,8/7,Chile 1967
/tablesc/chile68.html,8/7,Chile 1968
/tablesc/chile69.html,8/8,Chile 1969
/tablesc/chile70.html,8/8,Chile 1970
/tablesc/chile71.html,8/8,Chile 1971
/tablesc/chile72.html,8/7,Chile 1972
/tablesc/chile73.html,8/7,Chile 1973
/tablesc/chile74.html,8/8,Chile 1974
/tablesc/chile75.html,8/8,Chile 1975
/tablesc/chile76.html,8/7,Chile 1976
/tablesc/chile77.html,8/7,Chile 1977
/tablesc/chile78.html,8/8,Chile 1978
/tablesc/chile79.html,8/8,Chile 1979
/tablesc/chile80.html,8/8,Chile 1980
/tablesc/chile81.html,8/9,Chile 1981
/tablesc/chile82.html,8/9,Chile 1982
/tablesc/chile83.html,9/10,Chile 1983
/tablesc/chile87.html,8/7,Chile 1987
/tablesc/chile88.html,8/7,Chile 1988
/tablesc/chile89.html,8/7,Chile 1989
/tablesc/chile90.html,8/8,Chile 1990
/tablesc/chile91.html,8/8,Chile 1991
/tablesc/chile92.html,8/8,Chile 1992
/tablesc/chile93.html,8/7,Chile 1993
/tablesc/chile94.html,8/9,Chile 1994
/tablesc/chile95.html,8/10,Chile 1995
/tablesc/chile96.html,9/9,Chile 1996
/tablesc/chile97.html,8/8,Chile 1997
/tablesc/chile98.html,10/9,Chile 1998
/tablesc/chile99.html,10/6,Chile First Level (Primera A) 1999
/tablesc/chilealltime.html,1/36,Chile - All-Time Table
/tablesc/chilechamp.html,98/110,Chile - List of Champions and Runners Up
/tablesc/chilecomb-arg29.html,1/3,Argentine Trip of Chilean Combined 1929
/tablesc/chilecup08.html,12/3,Copa Chile 2008
/tablesc/chilecup84.html,8/6,Chile 1984
/tablesc/chilecup85.html,8/6,Chile 1985
/tablesc/chilecup86.html,8/7,Chile 1986
/tablesc/chilecuphist.html,64/112,Chile - List of Cup Winners and Runners Up
/tablesc/chilefound.html,1/1,Chile - Foundation Dates of Clubs
/tablesc/chilehist.html,66/109,Chile - Final Tables
/tablesc/chileligchamp.html,5/37,Chile - List of Liguilla Pre-Libertadores Champions
/tablesc/chilesantiago.html,7/6,Chile - Liga Metropolitana (Santiago) 1903-1932
/tablesc/chilesupcuphist.html,4/3,Chile - List of Supercopa Finals
/tablesc/chiletops.html,1/109,Chile - List of Topscorers
/tablesc/chilevalparaiso.html,8/6,Chile - Liga de Valparaíso 1898-1935
/tablesc/chilmiami81.html,0/2,?
/tablesc/chilparares.html,0/1,Chile-Paraguay matches
/tablesc/chilperures.html,1/1,Chile - Peru matches
/tablesc/chilurures.html,1/2,"Chile - Uruguay matches, 1910-2000"
/tablesc/china-aus85.html,2/2,China Tour of Australia 1985
/tablesc/china-bramextour87.html,0/2,?
/tablesc/china-fournat2-2000.html,0/1,?
/tablesc/china-fournat2000.html,0/1,?
/tablesc/china-futs07.html,0/1,?
/tablesc/china-futs09.html,2/1,China (Futsal) 2008/09
/tablesc/china-interports.html,4/4,China - Interport Matches
/tablesc/china-intres.html,4/3,China - List of International Matches
/tablesc/china-intres-2000.html,2/2,China International Matches - Details 2000-2009
/tablesc/china-ng01.html,8/7,China 2001 - Ninth National Games
/tablesc/china-ng05.html,8/4,China 2005 - Ninth National Games
/tablesc/china-ng09.html,7/4,China 2009 - Tenth National Games
/tablesc/china-olyteam36.html,5/11,Chinese Olympic team 1936
/tablesc/china-olyteam48.html,5/6,Chinese Olympic team 1948
/tablesc/china-sh1910.html,0/2,?
/tablesc/china-sh1913.html,0/2,?
/tablesc/china-sh1915.html,0/1,?
/tablesc/china-sh25.html,0/2,?
/tablesc/china-sh26.html,0/2,?
/tablesc/china-sh27.html,0/2,?
/tablesc/china-sh28.html,0/2,?
/tablesc/china-sh38.html,0/1,?
/tablesc/china-shanghaihist.html,11/3,China - Shanghai Honours before 1949
/tablesc/china-u16-uk88.html,0/2,?
/tablesc/china-unileaguehist.html,1/2,China University League History
/tablesc/china-veneztrip78.html,1/4,China Trip to Venezuela 1978
/tablesc/china-womchamp.html,32/28,China - List of Women Champions
/tablesc/china-womcuphist.html,14/28,China - List of Women Cup Winners
/tablesc/china-womhist.html,6/31,China Women's League History
/tablesc/china-youth.html,0/3,?
/tablesc/china00.html,7/5,China 2000
/tablesc/china01.html,8/8,China 2001
/tablesc/china02.html,8/6,China 2002
/tablesc/china03.html,7/6,China 2003
/tablesc/china04.html,7/6,China 2004
/tablesc/china05.html,7/7,China 2005
/tablesc/china06.html,7/5,China 2006
/tablesc/china07.html,7/4,China 2007
/tablesc/china08.html,7/4,China 2008
/tablesc/china09.html,7/5,China 2009
/tablesc/china2010.html,7/4,China 2010
/tablesc/china2011.html,7/6,China 2011
/tablesc/china2012.html,7/7,China 2012
/tablesc/china2013.html,7/7,China 2013
/tablesc/china2014.html,7/6,China 2014
/tablesc/china2015.html,7/6,China 2015
/tablesc/china2016.html,7/6,China 2016
/tablesc/china2017.html,7/6,China 2017
/tablesc/china2018.html,7/6,China 2018
/tablesc/china2019.html,7/5,China 2019
/tablesc/china2020.html,7/5,China 2020
/tablesc/china2021.html,7/5,China 2021/22
/tablesc/china2022.html,7/5,China 2022
/tablesc/china2023.html,7/5,China 2023
/tablesc/china2024.html,7/5,China 2024
/tablesc/china2025.html,6/6,China 2025
/tablesc/china90.html,5/6,China 1990
/tablesc/china91.html,6/6,China 1991
/tablesc/china92.html,8/7,China 1992
/tablesc/china93.html,7/5,China 1993
/tablesc/china94.html,7/6,China League 1994
/tablesc/china95.html,6/6,China League 1995
/tablesc/china96.html,6/6,China League 1996
/tablesc/china97.html,6/6,China League 1997
/tablesc/china98.html,6/6,China League 1998
/tablesc/china99.html,7/5,China 1999
/tablesc/chinaalltime.html,1/2,China All Time Tables
/tablesc/chinachamp.html,42/48,China - List of Champions
/tablesc/chinacup00.html,6/2,China FA Cup 2000
/tablesc/chinacup95.html,5/2,China 1995 - FA Cup
/tablesc/chinacup96.html,6/3,China 1996 - FA Cup
/tablesc/chinacup97.html,6/3,China 1997 - FA Cup
/tablesc/chinacup98.html,6/3,China 1998 - FA Cup
/tablesc/chinacup99.html,7/3,China 1999 - FA Cup
/tablesc/chinacuphist.html,32/48,China List of Cup Winners
/tablesc/chinafound.html,1/2,China - List of Foundation Dates Clubs
/tablesc/chinahist.html,14/53,China League History
/tablesc/chinajapres.html,1/2,China-Japan matches
/tablesc/chinalowchamp.html,1/2,China - List of Second and Third Level Champions
/tablesc/chinant-nz90.html,0/2,?
/tablesc/chinaskores.html,1/2,China-South Korea matches
/tablesc/chinasupercuphist.html,14/34,China List of Super Cup Winners
/tablesc/chinatours-clubs.html,4/5,Clubs Touring China
/tablesc/chinatours-natteams.html,6/7,National Teams Touring China
/tablesc/chinatours-selects.html,4/5,Selections Touring China
/tablesc/chinatours-womteams.html,4/5,Women Teams Touring China
/tablesc/chinawomen00.html,6/5,China Women's Premier League 2000
/tablesc/chinawomen01.html,7/7,China Women's Premier League 2001
/tablesc/chinawomen02.html,7/6,China Women 2002
/tablesc/chinawomen03.html,6/4,China Women 2003
/tablesc/chinawomen04.html,6/4,China Women 2004
/tablesc/chinawomen05.html,6/4,China Women 2005
/tablesc/chinawomen06.html,6/4,China Women 2006
/tablesc/chinawomen07.html,6/4,China Women 2007
/tablesc/chinawomen08.html,6/5,China Women 2008
/tablesc/chinawomen09.html,6/5,China Women 2009
/tablesc/chinawomen2010.html,6/3,China Women 2010
/tablesc/chinawomen2011.html,6/4,China Women 2011
/tablesc/chinawomen2012.html,6/5,China Women 2012
/tablesc/chinawomen2014.html,6/4,China Women 2014
/tablesc/chinawomen2015.html,6/4,China Women 2015
/tablesc/chinawomen2016.html,6/4,China Women 2016
/tablesc/chinawomen2017.html,6/5,China Women 2017
/tablesc/chinawomen2018.html,6/5,China Women 2018
/tablesc/chinawomen2019.html,6/6,China Women 2019
/tablesc/chinawomen2020.html,6/4,China Women 2020
/tablesc/chinawomen2021.html,6/4,China Women 2021
/tablesc/chinawomen2022.html,6/4,China Women 2022
/tablesc/chinawomen2023.html,6/4,China Women 2023
/tablesc/chinawomen2024.html,6/4,China Women 2024
/tablesc/chinawomen2025.html,5/3,China Women 2025
/tablesc/chinawomen99.html,5/5,China Women's Premier League 1999
/tablesc/chiquita-wom94.html,0/2,?
/tablesc/chisl-ald20s.html,4/4,Channel Islands 1920-27 (Alderney)
/tablesc/chisl-wom02.html,4/2,Channel Islands (Women) 2001/02
/tablesc/chisl-wom03.html,5/3,Channel Islands (Women) 2002/03
/tablesc/chisl-wom04.html,5/4,Channel Islands (Women) 2003/04
/tablesc/chisl-wom05.html,5/3,Channel Islands (Women) 2004/05
/tablesc/chisl-wom06.html,5/4,Channel Islands (Women) 2005/06
/tablesc/chisl-wom07.html,5/6,Channel Islands (Women) 2006/07
/tablesc/chisl-wom08.html,5/5,Channel Islands (Women) 2007/08
/tablesc/chisl-wom09.html,5/5,Channel Islands (Women) 2008/09
/tablesc/chisl-wom2010.html,5/5,Channel Islands (Women) 2009/10
/tablesc/chisl-wom2011.html,5/3,Channel Islands (Women) 2010/11
/tablesc/chisl-wom2012.html,5/3,Channel Islands (Women) 2011/12
/tablesc/chisl-wom2013.html,5/4,Channel Islands (Women) 2012/13
/tablesc/chisl-wom2014.html,5/5,Channel Islands (Women) 2013/14
/tablesc/chisl-wom2015.html,5/3,Channel Islands (Women) 2014/15
/tablesc/chisl-wom2016.html,5/3,Channel Islands (Women) 2015/16
/tablesc/chisl-wom2017.html,5/3,Channel Islands (Women) 2016/17
/tablesc/chisl-wom2018.html,5/5,Channel Islands (Women) 2017/18
/tablesc/chisl-wom2019.html,5/4,Channel Islands (Women) 2018/19
/tablesc/chisl-wom2020.html,5/4,Channel Islands (Women) 2019/20
/tablesc/chisl-wom2021.html,5/5,Channel Islands (Women) 2020/21
/tablesc/chisl-wom2022.html,5/5,Channel Islands (Women) 2021/22
/tablesc/chisl-wom2023.html,5/4,Channel Islands (Women) 2022/23
/tablesc/chisl-wom2024.html,5/5,Channel Islands (Women) 2023/24
/tablesc/chisl-wom2025.html,4/2,Channel Islands (Women) 2024/25
/tablesc/chisl-womchamp.html,23/26,Channel Islands - List of Women Champions
/tablesc/chisl-womcuphist.html,16/26,Channel Islands - List of Women Cup Winners
/tablesc/chisl-youth08.html,4/1,Channel Islands (Youth) 2007/08
/tablesc/chisl00.html,5/4,Channel Islands 1999/2000
/tablesc/chisl01.html,5/4,Channel Islands 2000/01
/tablesc/chisl02.html,5/4,Channel Islands 2001/02
/tablesc/chisl03.html,5/5,Channel Islands 2002/03
/tablesc/chisl04.html,7/5,Channel Islands 2003/04
/tablesc/chisl05.html,7/5,Channel Islands 2004/05
/tablesc/chisl06.html,7/5,Channel Islands 2005/06
/tablesc/chisl07.html,7/5,Channel Islands 2006/07
/tablesc/chisl08.html,7/4,Channel Islands 2007/08
/tablesc/chisl09.html,7/5,Channel Islands 2008/09
/tablesc/chisl2010.html,7/5,Channel Islands 2009/10
/tablesc/chisl2011.html,7/5,Channel Islands 2010/11
/tablesc/chisl2012.html,7/5,Channel Islands 2011/12
/tablesc/chisl2013.html,7/5,Channel Islands 2012/13
/tablesc/chisl2014.html,7/5,Channel Islands 2013/14
/tablesc/chisl2015.html,7/5,Channel Islands 2014/15
/tablesc/chisl2016.html,7/5,Channel Islands 2015/16
/tablesc/chisl2017.html,7/5,Channel Islands 2016/17
/tablesc/chisl2018.html,7/5,Channel Islands 2017/18
/tablesc/chisl2019.html,7/5,Channel Islands 2018/19
/tablesc/chisl2020.html,7/5,Channel Islands 2019/20
/tablesc/chisl2021.html,7/5,Channel Islands 2020/21
/tablesc/chisl2022.html,7/5,Channel Islands 2021/22
/tablesc/chisl2023.html,8/5,Channel Islands 2022/23
/tablesc/chisl2024.html,7/5,Channel Islands 2023/24
/tablesc/chisl2025.html,7/7,Channel Islands 2024/25
/tablesc/chisl2026.html,6/6,Channel Islands 2025/26
/tablesc/chisl2champ.html,1/43,Channel Islands - List of Lower Division Championships
/tablesc/chisl38.html,5/2,Channel Islands 1937/38
/tablesc/chisl44.html,5/4,Channel Islands 1943/44
/tablesc/chisl70.html,5/4,Channel Islands 1969/70
/tablesc/chisl78.html,5/3,Channel Islands 1977/78
/tablesc/chisl79.html,5/3,Channel Islands 1978/79
/tablesc/chisl81.html,5/3,Channel Islands 1980/81
/tablesc/chisl82.html,5/3,Channel Islands 1981/82
/tablesc/chisl85.html,5/3,Channel Islands 1984/85
/tablesc/chisl87.html,5/3,Channel Islands 1986/87
/tablesc/chisl88.html,5/3,Channel Islands 1987/88
/tablesc/chisl89.html,5/3,Channel Islands 1988/89
/tablesc/chisl90.html,5/4,Channel Islands 1989/90
/tablesc/chisl96.html,5/4,Channel Islands 1995/96
/tablesc/chisl97.html,5/3,Channel Islands 1996/97
/tablesc/chisl98.html,5/4,Channel Islands 1997/98
/tablesc/chisl99.html,5/4,Channel Islands 1998/99
/tablesc/chislchamp.html,43/51,Channel Islands - List of Champions
/tablesc/chislcuphist.html,32/32,Channel Islands - List of Cup Winners
/tablesc/chislfound.html,1/25,Channel Islands Foundation Dates
/tablesc/chivasscot2015.html,1/3,Copa Chivas Internacional Scotiabank
/tablesc/christchurch-u16-98.html,0/2,?
/tablesc/christchurch-u20-02.html,0/1,?
/tablesc/christmas-intres.html,1/1,Christmas Island - International Matches
/tablesc/chunghwaindie-tour31.html,3/3,South East Asia Tour of Chung Hwa 1931
/tablesc/chunghwaindie-tour34.html,2/3,Makassar Tour of Chung Hwa 1934
/tablesc/chur75-88.html,1/2,75th Anniversary of FC Chur 1988
/tablesc/ciao99.html,0/2,"""Ciao! February"" Cup 1999"
/tablesc/cicchine92.html,1/2,Memorial Cicchine 1992 (Pescara)
/tablesc/ciclista-veneztrip29.html,3/3,Ciclista Lima Trip to Venezuela 1929
/tablesc/ciclista-veneztrip31.html,3/3,Ciclista Lima Trip to Venezuela 1931
/tablesc/cidadelisboa68.html,2/3,Torneio Internacional Cidade de Lisboa 1968
/tablesc/cidadelisboa79.html,2/3,Torneio Internacional Cidade de Lisboa 1979
/tablesc/cidadeporto68.html,1/2,Troféu Cidade do Porto 1968
/tablesc/cidades13.html,1/2,Torneio das 3 Cidades 1913
/tablesc/cidades16.html,2/3,Torneio das 4 Cidades 1916
/tablesc/cidadesaopaulo77.html,0/2,?
/tablesc/cienmelgar.html,1/2,Cienciano v F.B.C. Melgar - Clásico del Sur (Peru)
/tablesc/cienuni.html,1/2,Universitario v Cienciano
/tablesc/cinco-kaapv85.html,0/2,?
/tablesc/cinq-martinique03.html,0/1,?
/tablesc/cirio-chile99.html,0/3,?
/tablesc/cirio-roma98.html,2/2,Trofeo Cirio 1998 (Roma)
/tablesc/cis.html,27/28,Commonwealth (of Independent States) Cup
/tablesc/cis00.html,5/3,Commonwealth of Independent States Cup 2000
/tablesc/cis01.html,5/3,Commonwealth of Independent States Cup 2001
/tablesc/cis02.html,5/3,Commonwealth of Independent States Cup 2002
/tablesc/cis03.html,5/3,Commonwealth of Independent States Cup 2003
/tablesc/cis04.html,5/3,Commonwealth of Independent States Cup 2004
/tablesc/cis05.html,5/3,Commonwealth of Independent States Cup 2005
/tablesc/cis06.html,6/4,Commonwealth of Independent States Cup 2006
/tablesc/cis06squads.html,2/1,CIS Cup Squads 2006
/tablesc/cis07.html,6/4,Commonwealth of Independent States Cup 2007
/tablesc/cis07squads.html,2/1,CIS Cup Squads 2007
/tablesc/cis08.html,7/5,Commonwealth of Independent States Cup 2008
/tablesc/cis08det.html,5/1,Commonwealth of Independent States Cup 2008 - Match Details
/tablesc/cis08squads.html,2/2,CIS Cup Squads 2008
/tablesc/cis09.html,6/5,Commonwealth of Independent States Cup 2009
/tablesc/cis09squads.html,2/1,CIS Cup Squads 2009
/tablesc/cis2010.html,6/3,Commonwealth of Independent States Cup 2010
/tablesc/cis2010squads.html,1/1,CIS Cup Squads 2010
/tablesc/cis2011.html,6/4,Commonwealth of Independent States Cup 2011
/tablesc/cis2011squads.html,1/1,CIS Cup Squads 2011
/tablesc/cis2012.html,6/4,Commonwealth of Independent States Cup 2012
/tablesc/cis2012squads.html,1/1,CIS Cup Squads 2012
/tablesc/cis2013.html,6/4,Commonwealth of Independent States Cup 2013
/tablesc/cis2013squads.html,1/1,CIS Cup Squads 2013
/tablesc/cis2014.html,6/4,Commonwealth of Independent States Cup 2014
/tablesc/cis2014squads.html,1/1,CIS Cup Squads 2014
/tablesc/cis2015.html,6/4,Commonwealth Cup 2015
/tablesc/cis2015squads.html,1/1,CIS Cup Squads 2015
/tablesc/cis2016.html,5/3,Commonwealth Cup 2016
/tablesc/cis2016squads.html,1/1,CIS Cup Squads 2016
/tablesc/cis93.html,4/2,Commonwealth of Independent States Cup 1993
/tablesc/cis94.html,5/3,Commonwealth of Independent States Cup 1994
/tablesc/cis95.html,5/3,Commonwealth of Independent States Cup 1995
/tablesc/cis96.html,5/3,Commonwealth of Independent States Cup 1996
/tablesc/cis97.html,5/3,Commonwealth of Independent States Cup 1997
/tablesc/cis98.html,5/3,Commonwealth of Independent States Cup 1998
/tablesc/cis99.html,5/3,Commonwealth of Independent States Cup 1999
/tablesc/cisbalance.html,2/3,Commonwealth of Independent States Cup - List of Participants
/tablesc/ciscoef.html,1/26,Commonwealth of Independent States Cup Coefficients
/tablesc/ciscup92.html,4/3,Soviet Union (CIS) 1991/92
/tablesc/cistrivia.html,2/4,Commonwealth of Independent States Cup - Trivia
/tablesc/cittabologna90.html,1/2,Torneo Citta di Bologna 1990 (Italy)
/tablesc/cittadiarco.html,1/2,"Trofeo Internazionale Giovanile ""Citta di Arco - Beppe Viola"" (U-17/U-16)"
/tablesc/cittadifirenze64.html,1/2,Coppa Città di Firenze 1964
/tablesc/cittagenoa33.html,1/2,Coppa Città di Genova 1933
/tablesc/cittaimperia02.html,1/2,Torneo Triangolare Città di Imperia 2002
/tablesc/cittamerano05.html,2/2,Torneo Città di Merano - Trofeo Birra Forst 2005 (Italy)
/tablesc/cittamerano2012.html,2/2,Torneo Città di Merano - Trofeo Birra Forst 2012 (Italy)
/tablesc/cittamilano.html,2/2,Torneo Città di Milano
/tablesc/cittatorino64.html,2/3,Coppa Città di Torino 1964
/tablesc/cittatorino66.html,2/3,Coppa Città di Torino 1966
/tablesc/cittaudine-u16.html,0/2,?
/tablesc/cittaverona89.html,1/2,Torneo Città di Verona 1989 (Italy)
/tablesc/ciudad-alicante.html,1/3,Trofeo Ciudad de Alicante
/tablesc/ciudad-cartagena.html,1/3,Trofeo Ciudad Bahía de Cartagena
/tablesc/ciudad-lalinea.html,1/4,Trofeo Ciudad de La Línea
/tablesc/ciudad-real.html,1/4,Trofeo Ayuntamiento de Ciudad Real-Trofeo de Feria (Ciudad Real-Spain)
/tablesc/ciudad-salamanca.html,1/2,Trofeo Ciudad de Salamanca
/tablesc/ciudad-sevilla.html,1/4,Trofeo Ciudad de Sevilla
/tablesc/ciudad-valladolid.html,1/5,Trofeo Ciudad de Valladolid
/tablesc/ciudad-zamora.html,1/3,Trofeo Ciudad de Zamora (Spain)
/tablesc/ciudad-zaragoza.html,1/4,"Trofeo Ciudad de Zaragoza ""Carlos Lapetra"""
/tablesc/ciudadalmeria.html,1/2,Trofeo Ciudad de Almeria
/tablesc/ciudadcaceres.html,1/2,Trofeo Ciudad de Cáceres
/tablesc/ciudadcaceres81.html,1/2,Trofeo Internacional Ciudad de Cáceres 1981
/tablesc/ciudadcid.html,1/3,Trofeo Ciudad del Cid
/tablesc/ciudadcordialidad.html,1/2,Trofeo Ciudad de Almendralejo (Ciudad de la Cordialidad)
/tablesc/ciudadcordoba.html,1/4,Trofeo Ciudad de Córdoba
/tablesc/ciudades-leon80.html,0/2,?
/tablesc/ciudadleon.html,1/5,Torneo Ciudad de León
/tablesc/ciudadleon72.html,0/3,?
/tablesc/ciudadlinares.html,1/2,Trofeo Ciudad de Linares de fútbol
/tablesc/ciudadlugo.html,1/2,Trofeo Ciudad de Lugo-Memorial Manolo Meilán
/tablesc/ciudadmarbella.html,1/2,Trofeo Ciudad de Marbella (Spain)
/tablesc/ciudadmelilla.html,1/3,Trofeo Ciudad de Melilla
/tablesc/ciudadmerida.html,1/2,Trofeo Ciudad de Mérida
/tablesc/ciudadmurcia73.html,1/6,Trofeo Ciudad de Murcia-Región de Murcia
/tablesc/ciudadtuc65.html,0/2,?
/tablesc/ciudadtuc94.html,0/3,?
/tablesc/ciudadvigo.html,1/7,Trofeo Ciudad de Vigo
/tablesc/ciutat-lleida.html,1/2,Trofeo Ciutat de Lleida (Spain)
/tablesc/ciutat-tarragona.html,1/2,Trofeo Ciutat de Tarragona
/tablesc/ciutatbarc.html,1/6,Trofeo Ciutat de Barcelona
/tablesc/ciutatdepalma.html,1/7,Trofeo 'Ciutat de Palma'
/tablesc/ciutatsabadell73.html,1/2,Trofeo Ciutat de Sabadell 1973-1974
/tablesc/ciutatterrassa.html,1/3,Trofeig Ciutat de Terrassa
/tablesc/civilisation-u21-01.html,0/1,?
/tablesc/cjsoi.html,0/4,?
/tablesc/clarin95.html,1/2,Copa 50imo Aniversario de Clarín
/tablesc/clubeurope.html,1/2,Tournoi du Club Europe
/tablesc/cluj-tourn.html,1/2,Cluj Tournament (Romania)
/tablesc/clyde-rhodesia69.html,1/2,Clyde FC Tour of Rhodesia 1969
/tablesc/cobre99.html,0/2,?
/tablesc/cocacola-u16.html,0/3,?
/tablesc/cocacola01.html,0/1,?
/tablesc/cocodrilos05.html,0/1,?
/tablesc/cocos-intres.html,1/1,Cocos Islands - International Matches
/tablesc/cocos04.html,1/1,Cocos (Keeling) Islands 2003/04
/tablesc/col-intres.html,4/6,Colombia - International Results
/tablesc/col-intres-bilardo.html,1/2,Colombia - International Matches in Era Bilardo 1980-1981
/tablesc/col-intres-det.html,4/4,Colombia - Details International Matches
/tablesc/col-intres-maturana.html,1/2,Colombia - International Matches in Era Maturana 1987-1994
/tablesc/col-intres06.html,3/2,Colombia - International Results 2006 - Full Details
/tablesc/col-intres99.html,3/3,Colombia - International Results 1999 - Full Details
/tablesc/col-native2014.html,1/2,"Colombia - ""Native Football"" 2015"
/tablesc/col-reschamp.html,1/2,Colombia - Copa Colombiana - List of Champions and Runners-Up
/tablesc/col-sky01.html,0/2,?
/tablesc/col-toulon-u21.html,0/2,?
/tablesc/col-u23-intres.html,1/2,Colombia - Under-23 - International Results
/tablesc/col-wc.html,0/2,?
/tablesc/col-wcq.html,0/2,?
/tablesc/col-wom02.html,0/1,?
/tablesc/col-wom03.html,0/1,?
/tablesc/col-wom04.html,0/1,?
/tablesc/col-wom06.html,0/1,?
/tablesc/col-wom07.html,0/1,?
/tablesc/col-wom08.html,0/1,?
/tablesc/col-wom09.html,0/1,?
/tablesc/col-wom2010.html,0/1,?
/tablesc/col-wom2011.html,0/1,?
/tablesc/col-wom2012.html,0/1,?
/tablesc/col-wom2013.html,0/1,?
/tablesc/col-wom2014.html,0/1,?
/tablesc/col-wom2015.html,0/1,?
/tablesc/col-wom2017.html,0/1,?
/tablesc/col-wom2018.html,0/1,?
/tablesc/col-wom2019.html,0/2,?
/tablesc/col-wom2020.html,4/3,Colombia (Women) 2020
/tablesc/col-wom2021.html,4/4,Colombia (Women) 2021
/tablesc/col-wom2022.html,4/4,Colombia (Women) 2022
/tablesc/col-wom2023.html,4/4,Colombia (Women) 2023
/tablesc/col-wom2024.html,4/4,Colombia (Women) 2024
/tablesc/col-wom2025.html,3/3,Colombia (Women) 2025
/tablesc/col-wom92.html,0/1,?
/tablesc/col-womchamp.html,24/8,Colombia - List of Women Champions
/tablesc/col00.html,9/5,Colombia 2000
/tablesc/col01.html,9/5,Colombia 2001
/tablesc/col02.html,9/5,Colombia 2002
/tablesc/col03.html,9/5,Colombia 2003
/tablesc/col04.html,9/5,Colombia 2004
/tablesc/col05.html,9/5,Colombia 2005
/tablesc/col06.html,9/5,Colombia 2006
/tablesc/col07.html,9/5,Colombia 2007
/tablesc/col08.html,9/6,Colombia 2008
/tablesc/col09.html,9/6,Colombia 2009
/tablesc/col1214.html,8/3,Colombia 1912-1914
/tablesc/col1819.html,8/4,Colombia 1918-1919
/tablesc/col2010.html,9/6,Colombia 2010
/tablesc/col2011.html,11/6,Colombia 2011
/tablesc/col2012.html,10/6,Colombia 2012
/tablesc/col2013.html,10/5,Colombia 2013
/tablesc/col2014.html,10/5,Colombia 2014
/tablesc/col2015.html,11/5,Colombia 2015
/tablesc/col2016.html,10/5,Colombia 2016
/tablesc/col2017.html,10/5,Colombia 2017
/tablesc/col2018.html,10/7,Colombia 2018
/tablesc/col2019.html,10/5,Colombia 2019
/tablesc/col2020.html,10/5,Colombia 2020
/tablesc/col2021.html,10/5,Colombia 2021
/tablesc/col2022.html,10/5,Colombia 2022
/tablesc/col2023.html,10/5,Colombia 2023
/tablesc/col2024.html,10/5,Colombia 2024
/tablesc/col2025.html,10/6,Colombia 2025
/tablesc/col2026.html,9/4,Colombia 2026
/tablesc/col2champ.html,24/82,Colombia - List of Second Division Champions
/tablesc/col2tops.html,1/2,Colombian League Top Scorers Second Level
/tablesc/col3champ.html,1/83,Colombia - List of Third Division Champions
/tablesc/col48.html,8/4,Colombia 1948
/tablesc/col49.html,8/4,Colombia 1949
/tablesc/col50.html,8/4,Colombia 1950
/tablesc/col51.html,8/4,Colombia 1951
/tablesc/col52.html,8/4,Colombia 1952
/tablesc/col53.html,8/4,Colombia 1953
/tablesc/col54.html,8/4,Colombia 1954
/tablesc/col55.html,8/4,Colombia 1955
/tablesc/col56.html,8/4,Colombia 1956
/tablesc/col57.html,8/4,Colombia 1957
/tablesc/col58.html,8/4,Colombia 1958
/tablesc/col59.html,8/4,Colombia 1959
/tablesc/col60.html,8/4,Colombia 1960
/tablesc/col61.html,8/4,Colombia 1961
/tablesc/col62.html,8/4,Colombia 1962
/tablesc/col63.html,8/4,Colombia 1963
/tablesc/col64.html,8/4,Colombia 1964
/tablesc/col65.html,8/4,Colombia 1965
/tablesc/col66.html,8/4,Colombia 1966
/tablesc/col67.html,8/4,Colombia 1967
/tablesc/col68.html,8/4,Colombia 1968
/tablesc/col69.html,8/4,Colombia 1969
/tablesc/col70.html,8/4,Colombia 1970
/tablesc/col71.html,8/4,Colombia 1971
/tablesc/col72.html,8/4,Colombia 1972
/tablesc/col73.html,8/4,Colombia 1973
/tablesc/col74.html,8/4,Colombia 1974
/tablesc/col75.html,8/4,Colombia 1975
/tablesc/col76.html,8/4,Colombia 1976
/tablesc/col77.html,8/4,Colombia 1977
/tablesc/col78.html,8/4,Colombia 1978
/tablesc/col79.html,8/4,Colombia 1979
/tablesc/col80.html,8/4,Colombia 1980
/tablesc/col81.html,8/5,Colombia 1981
/tablesc/col82.html,8/5,Colombia 1982
/tablesc/col83.html,8/4,Colombia 1983
/tablesc/col84.html,8/4,Colombia 1984
/tablesc/col85.html,8/4,Colombia 1985
/tablesc/col86.html,8/4,Colombia 1986
/tablesc/col87.html,8/4,Colombia 1987
/tablesc/col88.html,8/4,Colombia 1988
/tablesc/col89.html,8/4,Colombia 1989
/tablesc/col90.html,9/4,Colombia 1990
/tablesc/col91.html,9/5,Colombia 1991
/tablesc/col92.html,9/5,Colombia 1992
/tablesc/col93.html,8/5,Colombia 1993
/tablesc/col94.html,8/5,Colombia 1994
/tablesc/col95.html,8/6,Colombia 1995
/tablesc/col96.html,8/5,Colombia 1995/96
/tablesc/col97.html,8/6,Colombia 1996/97
/tablesc/col98.html,8/6,Colombia 1998
/tablesc/col99.html,8/5,Colombia 1999
/tablesc/colall.html,1/2,Colombia - Divisional Moves between First and Second Division
/tablesc/colalltime.html,1/30,Colombia - All-Time Table First Division
/tablesc/colapfinchamp.html,2/2,Colombia - List of Champions Apertura and Finalización
/tablesc/colchamp.html,83/84,Colombia - List of Champions and Runners-Up
/tablesc/colcuphist.html,22/19,Colombia - List of Cup Winners
/tablesc/colecuares.html,1/2,"Colombia - Ecuador matches, 1938-2000"
/tablesc/colfound.html,2/83,Colombia - Foundation Dates of Clubs
/tablesc/coliseo98.html,0/2,?
/tablesc/coliseo99.html,0/3,?
/tablesc/colloto.html,1/2,Trofeo Memorial Mino (Colloto-Asturias)
/tablesc/colocolo-amerib27.html,1/2,CSD Colo-Colo (Santiago de Chile) Tour to America and Iberia 1927
/tablesc/colombino.html,1/6,Trofeo Colombino
/tablesc/colonialexpo31.html,3/4,"Tournoi de l'Exposition Coloniale (Paris-Vincennes, May-Nov 1931)"
/tablesc/colonialexpo37.html,4/5,Tournoi International de l'Expo Universelle de Paris 1937
/tablesc/colorline2012.html,1/1,Color Line Cup 2012 - Kristiansand
/tablesc/colparares.html,1/2,"Colombia - Paraguay matches, 1947-2000"
/tablesc/colperures.html,1/2,Colombia - Peru matches
/tablesc/colsupcuphist.html,1/2,Colombia - List of Superliga Winners
/tablesc/coltops.html,2/82,Colombian League Top Scorers
/tablesc/coltops-allt.html,2/3,Colombia - All-Time Topscorers
/tablesc/coltops-allt-top5.html,0/1,?
/tablesc/columbus-wom93.html,0/2,?
/tablesc/columbus86.html,0/3,?
/tablesc/columbus92.html,0/1,?
/tablesc/colurures.html,1/2,Colombia - Uruguay matches
/tablesc/colvenezres.html,1/2,"Colombia - Venezuela matches, 1938-2000"
/tablesc/comerciantes.html,1/2,Club Deportivo Comerciantes Unidos
/tablesc/comercio.html,1/2,Club Deportivo Unión Comercio
/tablesc/comesa00.html,3/1,COMESA Cup 2000
/tablesc/commadu17.html,1/3,Torneo Internacional Comunidad de Madrid U-17
/tablesc/commcred-laos62.html,1/2,Commercial Credit club (Saigon) visit to Laos 1962
/tablesc/communaute-fr60.html,3/4,Jeux Sportifs de la Communauté Française 1960 (Tananarive)
/tablesc/como-intres.html,1/2,Comoros - List of International Matches
/tablesc/como-wom09.html,0/2,?
/tablesc/como-wom2010.html,0/1,?
/tablesc/como-wom2012.html,0/1,?
/tablesc/como-wom2014.html,0/1,?
/tablesc/como-wom2016.html,0/1,?
/tablesc/como-wom2018.html,0/1,?
/tablesc/como-wom2019.html,0/2,?
/tablesc/como-wom2021.html,0/2,?
/tablesc/como-wom2022.html,0/3,?
/tablesc/como-wom2023.html,5/3,Comoros (Women) 2023
/tablesc/como-wom2024.html,0/3,?
/tablesc/como-wom2025.html,4/2,Comoros (Women) 2024/25
/tablesc/como-womchamp.html,13/4,Comoros - List of Women Champions
/tablesc/como-womcuphist.html,6/3,Comoros - List of Women Cup Winners
/tablesc/como00.html,5/4,Comoros 1999/00
/tablesc/como01.html,5/4,Comoros 2001
/tablesc/como02.html,5/4,Comoros 2002
/tablesc/como03.html,5/4,Comoros 2002/03
/tablesc/como04.html,5/4,Comoros 2003/04
/tablesc/como05.html,5/4,Comoros 2005
/tablesc/como06.html,5/4,Comoros 2006
/tablesc/como07.html,5/4,Comoros 2006/07
/tablesc/como08.html,5/4,Comoros 2007/08
/tablesc/como09.html,5/5,Comoros 2009
/tablesc/como2010.html,5/5,Comoros 2010
/tablesc/como2011.html,5/5,Comoros 2011
/tablesc/como2012.html,5/5,Comoros 2012
/tablesc/como2013.html,5/5,Comoros 2013
/tablesc/como2014.html,5/5,Comoros 2014
/tablesc/como2015.html,5/5,Comoros 2015
/tablesc/como2016.html,5/5,Comoros 2016
/tablesc/como2017.html,5/5,Comoros 2017
/tablesc/como2018.html,5/5,Comoros 2018
/tablesc/como2019.html,5/5,Comoros 2019
/tablesc/como2020.html,5/5,Comoros 2019/20
/tablesc/como2021.html,5/5,Comoros 2020/21
/tablesc/como2022.html,5/5,Comoros 2021/22
/tablesc/como2023.html,5/5,Comoros 2022/23
/tablesc/como2024.html,5/6,Comoros 2023/24
/tablesc/como2025.html,5/4,Comoros 2024/25
/tablesc/como2026.html,4/6,Comoros 2025/26
/tablesc/como93.html,4/1,Comoros 1993
/tablesc/comochamp.html,28/29,Comoros - List of Champions
/tablesc/comocuphist.html,28/30,Comoros - List of Cup Winners
/tablesc/comofound.html,1/2,Comoros - Foundation Dates of Clubs
/tablesc/comoros-simba83.html,2/2,Comoros Trip of Simba (Dar-es-Salaam) 1983
/tablesc/conakry-indep66.html,0/1,?
/tablesc/conca63.html,5/5,I. CONCACAF NATIONS CUP (NORCECA) 1963
/tablesc/conca63det.html,2/2,I COPA DE NACIONES CONCACAF 1963 (NORCECA) - Match Details
/tablesc/conca65.html,5/5,II. CONCACAF NATIONS CUP 1965
/tablesc/conca65det.html,2/2,II COPA DE NACIONES CONCACAF 1965 (NORCECA) - Match Details
/tablesc/conca67.html,5/5,III. CONCACAF NATIONS CUP 1967
/tablesc/conca67det.html,3/2,III COPA DE NACIONES CONCACAF 1967 (NORCECA) - Match Details
/tablesc/conca69.html,6/6,IV. CONCACAF NATIONS CUP 1969
/tablesc/conca69det.html,3/2,IV Copa de Naciones CONCACAF (NORCECA) 1969 - Match Details
/tablesc/conca71.html,4/4,V. CONCACAF NATIONS CUP 1971
/tablesc/conca71det.html,3/2,V Copa de Naciones CONCACAF (NORCECA) 1971 - Match details
/tablesc/conca73.html,3/2,VI. CONCACAF Nations Cup 1973 (NORCECA)
/tablesc/conca73det.html,2/2,Torneo Premundial Haiti 1973 (VI. CONCACAF Nations Cup 1973 (NORCECA))
/tablesc/conca77.html,3/2,VII. CONCACAF Nations Cup 1977 (NORCECA)
/tablesc/conca77det.html,2/2,Torneo Premundial México 1977 (VII Campeonato de Naciones (NORCECA) CONCACAF)
/tablesc/conca81.html,3/2,VIII. CONCACAF Nations Cup 1981
/tablesc/conca81det.html,2/2,Torneo Premundial Honduras 1981 (VIII Campeonato de Naciones (NORCECA) CONCACAF)
/tablesc/conca85.html,3/2,IX. CONCACAF Nations Cup 1985
/tablesc/conca85det.html,2/2,Torneo Premundial 1985 (IX Campeonato de Naciones (NORCECA) CONCACAF)
/tablesc/conca89.html,3/2,X. CONCACAF Nations Cup 1989
/tablesc/conca89det.html,2/2,X. CONCACAF NATIONS CUP 1989
/tablesc/concacaf-u13.html,0/2,?
/tablesc/concacaf-u16-83.html,3/3,CONCACAF U-16 Championship 1983
/tablesc/concacaf-u16-85.html,6/5,CONCACAF U-16 Championship 1985
/tablesc/concacaf-u16-85-det.html,2/2,CONCACAF U-16 Championship 1985 - Match Details
/tablesc/concacaf-u16-87.html,6/5,CONCACAF U-16 Championship 1987
/tablesc/concacaf-u16-87-det.html,2/2,CONCACAF U-16 Championship 1987 - Match Details
/tablesc/concacaf-u16-88.html,6/5,CONCACAF U-16 Championship 1988
/tablesc/concacaf-u16-88-det.html,2/2,CONCACAF U-16 Championship 1988 - Match Details
/tablesc/concacaf-u17.html,22/22,CONCACAF U-16/U-17 Championship
/tablesc/concacaf-u17-01.html,4/3,CONCACAF U-17 World Cup Qualifying Tournament 2001
/tablesc/concacaf-u17-03.html,4/3,CONCACAF U-17 World Cup Qualifying Tournament 2003
/tablesc/concacaf-u17-05.html,4/4,CONCACAF U-17 World Cup Qualifying Tournament 2005
/tablesc/concacaf-u17-07.html,4/3,CONCACAF U-17 World Cup Qualifying Tournament 2007
/tablesc/concacaf-u17-09.html,4/3,CONCACAF U-17 World Cup Qualifying Tournament 2009
/tablesc/concacaf-u17-2011.html,5/4,CONCACAF U-17 World Cup Qualifying Tournament 2011
/tablesc/concacaf-u17-2013.html,4/3,CONCACAF U-17 World Cup Qualifying Tournament 2013
/tablesc/concacaf-u17-2015.html,4/3,CONCACAF U-17 Championship 2015
/tablesc/concacaf-u17-2017.html,4/3,CONCACAF U-17 Championship 2017
/tablesc/concacaf-u17-2019.html,4/3,CONCACAF U-17 Championship 2019
/tablesc/concacaf-u17-2023.html,4/4,CONCACAF U-17 Championship 2023
/tablesc/concacaf-u17-2025.html,3/3,CONCACAF U-17 World Cup Qualifying Tournament 2025
/tablesc/concacaf-u17-91.html,6/5,CONCACAF U-17 Championship 1991
/tablesc/concacaf-u17-91-det.html,2/2,CONCACAF U-17 Championship 1991 - Match Details
/tablesc/concacaf-u17-92.html,6/5,CONCACAF U-17 Championship 1992
/tablesc/concacaf-u17-92-det.html,3/2,CONCACAF U-17 Championship 1992 - Match Details
/tablesc/concacaf-u17-94.html,6/5,CONCACAF U-17 Championship 1994
/tablesc/concacaf-u17-94-det.html,3/2,CONCACAF U-17 Championship 1994 - Match Details
/tablesc/concacaf-u17-96.html,6/4,CONCACAF U-17 Championship 1996
/tablesc/concacaf-u17-96-det.html,2/2,CONCACAF U-17 Championship 1996 - Match Details
/tablesc/concacaf-u17-99.html,6/4,CONCACAF U-17 World Cup Qualifying Tournament 1999
/tablesc/concacaf-u17-99-det.html,2/2,CONCACAF U-17 World Cup Qualifying 1998/99 - Match Details
/tablesc/concacaf-u20.html,32/33,CONCACAF U-19/U-20 Championship
/tablesc/concacaf-u20-62.html,4/5,CONCACAF U-19 Championship (NORCECA) 1962
/tablesc/concacaf-u20-62-det.html,2/1,CONCACAF U-19 Championship (NORCECA) 1962 - Match Details
/tablesc/concacaf-u20-64.html,5/6,CONCACAF U-19 Championship (NORCECA) 1964
/tablesc/concacaf-u20-64-det.html,2/1,CONCACAF U-19 Championship (NORCECA) 1964 - Match Details
/tablesc/concacaf-u20-66.html,4/3,CONCACAF U-20 Championship 1966
/tablesc/concacaf-u20-70.html,5/4,CONCACAF U-19 Championship 1970
/tablesc/concacaf-u20-70-det.html,2/2,CONCACAF U-19 Championship (NORCECA) 1970 - Match Details
/tablesc/concacaf-u20-72.html,5/4,CONCACAF U-19 Championship 1972
/tablesc/concacaf-u20-72-det.html,2/2,CONCACAF U-19 Championship 1972 - Match Details
/tablesc/concacaf-u20-74.html,5/5,CONCACAF U-19 Championship 1974
/tablesc/concacaf-u20-74-det.html,2/2,CONCACAF U-19 Championship 1974 - Match Details
/tablesc/concacaf-u20-76.html,6/6,CONCACAF U-19 Championship 1976
/tablesc/concacaf-u20-76-det.html,2/2,CONCACAF U-19 Championship 1976 - Match Details
/tablesc/concacaf-u20-78.html,5/4,CONCACAF U-19 Championship 1978
/tablesc/concacaf-u20-78-det.html,2/2,CONCACAF U-19 Championship 1978 - Match Details
/tablesc/concacaf-u20-80.html,5/4,CONCACAF U-19 Championship 1980
/tablesc/concacaf-u20-82.html,6/5,CONCACAF U-19 Championship 1982
/tablesc/concacaf-u20-82-det.html,2/2,CONCACAF U-19 Championship 1982 - Match Details
/tablesc/concacaf-u20-84.html,6/6,CONCACAF U-19 Championship 1984
/tablesc/concacaf-u20-84-det.html,2/2,CONCACAF U-19 Championship 1984 - Match Details
/tablesc/concacaf-u20-86.html,5/3,CONCACAF U-20 Championship 1986
/tablesc/concacaf-u20-88.html,6/6,CONCACAF U-20 Championship 1988
/tablesc/concacaf-u20-88-det.html,2/2,CONCACAF U-20 Championship 1988 - Match Details
/tablesc/concacaf-u20-90.html,7/6,CONCACAF U-20 Championship 1990
/tablesc/concacaf-u20-90-det.html,3/2,CONCACAF U-20 Championship 1990 - Match Details
/tablesc/concacaf-u20-92.html,6/5,CONCACAF U-20 Championship 1992
/tablesc/concacaf-u20-92-det.html,2/2,CONCACAF U-20 Championship 1992 - Match Details
/tablesc/concacaf-u20-94.html,6/5,CONCACAF U-20 Championship 1994
/tablesc/concacaf-u20-94-det.html,2/2,CONCACAF U-20 Championship 1994 - Match Details
/tablesc/concacaf-u20-96.html,6/5,CONCACAF U-20 Championship 1996
/tablesc/concacaf-u20-96-det.html,2/2,CONCACAF U-20 Championship 1996 - Match Details
/tablesc/concepcion69.html,0/2,?
/tablesc/concorde-comayo06.html,3/3,Coupe de la Concorde de l'Archipel des Comores 2006
/tablesc/concorde-comayo07.html,2/2,Coupe de la Concorde de l'Archipel des Comores 2007
/tablesc/concordiabasel40-47.html,1/2,40th Anniversary of Concordia Basel 1947
/tablesc/condefontao.html,1/3,Trofeo Conde de Fontao
/tablesc/confrater23.html,1/2,Copa Confraternidad
/tablesc/confrater24.html,1/2,Copa Confraternidad Rioplatense
/tablesc/confrater39.html,0/3,?
/tablesc/confrater70.html,0/2,?
/tablesc/confrater88.html,2/3,Copa Confraternidad 1988
/tablesc/constantinocury00.html,0/2,?
/tablesc/consular65.html,0/3,?
/tablesc/consulvenez58.html,0/2,?
/tablesc/contreps3770.html,7/4,Matches of Supranational Representative Teams 1937-1970
/tablesc/cook-intres.html,1/2,Cook Islands International Matches
/tablesc/cook-wom01.html,0/1,?
/tablesc/cook-wom02.html,0/2,?
/tablesc/cook-wom03.html,0/2,?
/tablesc/cook-wom04.html,0/2,?
/tablesc/cook-wom05.html,0/2,?
/tablesc/cook-wom06.html,0/1,?
/tablesc/cook-wom06a.html,0/1,?
/tablesc/cook-wom06b.html,0/1,?
/tablesc/cook-wom07.html,0/1,?
/tablesc/cook-wom08.html,0/2,?
/tablesc/cook-wom09.html,5/4,Cook Islands Women 2009
/tablesc/cook-wom2010.html,5/4,Cook Islands Women 2010
/tablesc/cook-wom2011.html,0/3,?
/tablesc/cook-wom2012.html,0/1,?
/tablesc/cook-wom2013.html,0/2,?
/tablesc/cook-wom2014.html,0/1,?
/tablesc/cook-wom2015.html,0/1,?
/tablesc/cook-wom2016.html,0/2,?
/tablesc/cook-wom2017.html,0/1,?
/tablesc/cook-wom2018.html,0/3,?
/tablesc/cook-wom2019.html,5/4,Cook Islands Women 2019
/tablesc/cook-wom2020.html,5/6,Cook Islands Women 2020
/tablesc/cook-wom2021.html,5/5,Cook Islands Women 2021
/tablesc/cook-wom2022.html,5/4,Cook Islands Women 2022
/tablesc/cook-wom2023.html,0/3,?
/tablesc/cook-wom2024.html,6/4,Cook Islands Women 2024
/tablesc/cook-wom2025.html,4/5,Cook Islands Women 2025
/tablesc/cook-womchamp.html,23/9,Cook Islands - List of Women Champions
/tablesc/cook-womcuphist.html,22/10,Cook Islands - List of Women Cup Winners
/tablesc/cook00.html,5/4,Cook Islands 1999/00
/tablesc/cook01.html,5/4,Cook Islands 2000
/tablesc/cook02.html,5/4,Cook Islands 2001
/tablesc/cook03.html,5/4,Cook Islands 2002
/tablesc/cook04.html,5/4,Cook Islands 2003
/tablesc/cook05.html,5/4,Cook Islands 2004
/tablesc/cook06.html,5/4,Cook Islands 2005
/tablesc/cook06a.html,5/4,Cook Islands 2006
/tablesc/cook07.html,5/4,Cook Islands 2007
/tablesc/cook08.html,5/3,Cook Islands 2008
/tablesc/cook09.html,5/5,Cook Islands 2009
/tablesc/cook2010.html,5/5,Cook Islands 2010
/tablesc/cook2011.html,5/5,Cook Islands 2011
/tablesc/cook2012.html,5/5,Cook Islands 2012
/tablesc/cook2013.html,5/5,Cook Islands 2013
/tablesc/cook2014.html,5/5,Cook Islands 2014
/tablesc/cook2015.html,5/5,Cook Islands 2015
/tablesc/cook2016.html,5/5,Cook Islands 2016
/tablesc/cook2017.html,5/4,Cook Islands 2017
/tablesc/cook2018.html,5/5,Cook Islands 2018
/tablesc/cook2019.html,5/5,Cook Islands 2019
/tablesc/cook2020.html,5/6,Cook Islands 2020
/tablesc/cook2021.html,5/5,Cook Islands 2021
/tablesc/cook2022.html,5/5,Cook Islands 2022
/tablesc/cook2023.html,5/4,Cook Islands 2023
/tablesc/cook2024.html,6/5,Cook Islands 2024
/tablesc/cook2025.html,5/6,Cook Islands 2025
/tablesc/cook2026.html,4/4,Cook Islands 2026
/tablesc/cook84.html,5/4,Cook Islands 1984
/tablesc/cook99.html,5/5,Cook Islands 1998/99
/tablesc/cookchamp.html,31/32,Cook Islands - List of Champions
/tablesc/cookcuphist.html,30/33,Cook Islands - List of Cup Winners
/tablesc/cookfound.html,1/2,Cook Islands - Foundation Dates of Clubs
/tablesc/coors85.html,0/2,?
/tablesc/copa-america.html,2/2,Copa América 1916-2024 All-Time Rankings
/tablesc/copa-antillas.html,0/2,?
/tablesc/copa-cdsancristobal84.html,0/2,?
/tablesc/copa-grand79.html,0/2,?
/tablesc/copa-puerto-rico00.html,0/2,?
/tablesc/copa50mon88.html,0/3,?
/tablesc/copacanarias.html,1/2,Trofeo Copa Canarias  Mahou (Islas Canarias)
/tablesc/copamontevideo.html,0/3,?
/tablesc/copamontevideo1953det.html,0/2,?
/tablesc/copamontevideo1954det.html,0/1,?
/tablesc/copamontevideo1969det.html,0/3,?
/tablesc/copamontevideo1970det.html,0/3,?
/tablesc/copamontevideo1971det.html,0/3,?
/tablesc/copaperu00.html,4/3,Peru - Copa Perú 2000
/tablesc/copaperu01.html,4/4,Peru - Copa Perú 2001
/tablesc/copaperu02.html,4/4,Peru - Copa Perú 2002
/tablesc/copaperu03.html,4/4,Peru - Copa Perú 2003
/tablesc/copaperu04.html,5/4,Peru - Copa Perú 2004
/tablesc/copaperu05.html,4/4,Peru - Copa Perú 2005
/tablesc/copaperu06.html,4/4,Peru - Copa Perú 2006
/tablesc/copaperu07.html,4/4,Peru - Copa Perú 2007
/tablesc/copaperu08.html,4/4,Peru - Copa Perú 2008
/tablesc/copaperu09.html,4/3,Peru - Copa Perú 2009
/tablesc/copaperu67.html,4/2,Peru - Copa Perú 1967
/tablesc/copaperu68.html,5/3,Peru - Copa Perú 1968
/tablesc/copaperu69.html,5/3,Peru - Copa Perú 1969
/tablesc/copaperu70.html,5/3,Peru - Copa Perú 1970
/tablesc/copaperu71.html,5/3,Peru - Copa Perú 1971
/tablesc/copaperu72.html,5/3,Peru - Copa Perú 1972
/tablesc/copaperu73.html,5/3,Peru - Copa Perú 1973
/tablesc/copaperu74.html,5/3,Peru - Copa Perú 1974
/tablesc/copaperu75.html,5/3,Peru - Copa Perú 1975
/tablesc/copaperu76.html,5/3,Peru - Copa Perú 1976
/tablesc/copaperu77.html,5/3,Peru - Copa Perú 1977
/tablesc/copaperu78.html,5/3,Peru - Copa Perú 1978
/tablesc/copaperu79.html,5/3,Peru - Copa Perú 1979
/tablesc/copaperu80.html,5/5,Peru - Copa Perú 1980
/tablesc/copaperu81.html,5/4,Peru - Copa Perú 1981
/tablesc/copaperu82.html,5/5,Peru - Copa Perú 1982
/tablesc/copaperu83.html,5/3,Peru - Copa Perú 1983
/tablesc/copaperu84.html,5/5,Peru - Copa Perú 1984
/tablesc/copaperu85.html,5/3,Peru - Copa Perú 1985
/tablesc/copaperu86.html,5/4,Peru - Copa Perú 1986
/tablesc/copaperu87.html,5/4,Peru - Copa Perú 1987
/tablesc/copaperu8892.html,5/3,Peru - Copa Perú 1988-1992
/tablesc/copaperu93.html,5/3,Peru - Copa Perú 1993
/tablesc/copaperu94.html,5/3,Peru - Copa Perú 1994
/tablesc/copaperu95.html,5/3,Peru - Copa Perú 1995
/tablesc/copaperu96.html,5/3,Peru - Copa Perú 1996
/tablesc/copaperu97.html,5/4,Peru - Copa Perú 1997
/tablesc/copaperu98.html,4/3,Peru - Copa Perú 1998
/tablesc/copaperu99.html,4/3,Peru - Copa Perú 1999
/tablesc/copaplata72.html,1/2,Copa del Plata 1972
/tablesc/copareebok.html,0/2,?
/tablesc/coparepcol53.html,0/4,?
/tablesc/copasaopaulo75.html,0/4,?
/tablesc/copasemanagalicia73.html,0/2,?
/tablesc/copasulamerica-jun92.html,0/2,?
/tablesc/copavenencia.html,1/2,Trofeo de la Copa y la Venencia (Jerez)
/tablesc/copmexnacu15-2013.html,0/1,?
/tablesc/coppachiasso.html,1/2,Coppa Chiasso
/tablesc/coquimbo67.html,1/3,Torneo Cuadrangular de Coquimbo 1967
/tablesc/cordoba71.html,0/2,?
/tablesc/coriadelrio.html,1/2,Trofeo Entrenador Manolo Cardo (Corria del Río-Sevilla)
/tablesc/corinthians-braztrip10.html,3/4,Brazilian Trip of Corinthian FC (England) 1910
/tablesc/corinthians-braztrip13.html,3/4,Brazilian Trip of Corinthian FC (England) 1913
/tablesc/corinthians-iertrip32.html,1/2,Ireland Trip of Corinthian FC 1932
/tablesc/corinthians-northtrip1884.html,1/2,Northern Trip of Corinthian FC 1884
/tablesc/corona.html,0/2,?
/tablesc/coronation53.html,1/2,Coronation Cup in Glasgow 1953
/tablesc/corpuscadiz.html,1/2,Trofeo del Corpus (Cádiz)
/tablesc/corpuslugo.html,1/2,Trofeo del Corpus de Lugo
/tablesc/corpusourense.html,1/2,Trofeo del Corpus de Ourense
/tablesc/corrales-amtrip40.html,5/7,American Tour of Atlético Corrales (Paraguay) 1939-40
/tablesc/corrales-arg39.html,2/3,Argentine Trip of Atlético Corrales (Paraguay) 1939
/tablesc/corrales-chi39.html,2/2,Chilean Trip of Atlético Corrales (Paraguay) 1939
/tablesc/corrales-mex39.html,2/2,Mexican Trip of Atlético Corrales (Paraguay) 1939
/tablesc/corrales-veneztrip40.html,3/2,Atlético Corrales Trip to Venezuela 1939/40
/tablesc/corse-tourn95.html,1/2,Tournoi de Corse (Bastia) 1995
/tablesc/corsfc2010.html,0/1,?
/tablesc/corsica-wom2010.html,0/2,?
/tablesc/corsica-wom2011.html,0/2,?
/tablesc/corsica-wom2012.html,0/2,?
/tablesc/corsica-wom2013.html,0/1,?
/tablesc/corsica-wom2014.html,0/2,?
/tablesc/corsica-wom2015.html,0/2,?
/tablesc/corsica-wom2018.html,0/1,?
/tablesc/corsica-wom2019.html,0/1,?
/tablesc/corsica-wom2022.html,0/2,?
/tablesc/corsica-wom2023.html,0/2,?
/tablesc/corsica-wom2024.html,0/3,?
/tablesc/corsica-wom2025.html,4/4,Corsica (Women) 2024/25
/tablesc/corsica-womchamp.html,10/2,Corsica - List of Women Champions
/tablesc/corsica-womcuphist.html,13/3,Corsica - List of Women Cup Winners
/tablesc/corsica08.html,6/4,Corsica 2007/08
/tablesc/corsica09.html,6/4,Corsica 2008/09
/tablesc/corsica2010.html,6/4,Corsica 2009/10
/tablesc/corsica2011.html,6/4,Corsica 2010/11
/tablesc/corsica2012.html,6/4,Corsica 2011/12
/tablesc/corsica2013.html,6/4,Corsica 2012/13
/tablesc/corsica2014.html,6/4,Corsica 2013/14
/tablesc/corsica2015.html,6/4,Corsica 2014/15
/tablesc/corsica2016.html,6/4,Corsica 2015/16
/tablesc/corsica2017.html,6/4,Corsica 2016/17
/tablesc/corsica2018.html,6/4,Corsica 2017/18
/tablesc/corsica2019.html,6/4,Corsica 2018/19
/tablesc/corsica2020.html,6/3,Corsica 2019/20
/tablesc/corsica2022.html,6/4,Corsica 2021/22
/tablesc/corsica2023.html,6/5,Corsica 2022/23
/tablesc/corsica2024.html,6/3,Corsica 2023/24
/tablesc/corsica2025.html,5/3,Corsica 2024/25
/tablesc/corsica23.html,5/1,Corsica 1923
/tablesc/corsica32.html,6/2,Corsica 1932
/tablesc/corsica33.html,6/2,Corsica 1933
/tablesc/corsica34.html,6/2,Corsica 1934
/tablesc/corsica35.html,6/2,Corsica 1935
/tablesc/corsica41.html,6/2,Corsica 1941
/tablesc/corsica48.html,6/2,Corsica 1948
/tablesc/corsicacuphist.html,17/26,Corsica - List of Cup Winners
/tablesc/corsicahist.html,1/27,Corsica 1977/78-2012/13 Final Tables
/tablesc/cortenais100-08.html,1/1,Centenary of USC Cortenais 2008 (France)
/tablesc/corvetta-mem.html,1/2,Memorial Antonio Corvetta (Ravenna)
/tablesc/cos-intclub54.html,1/2,Costa Rican Clubs - International Matches 1954
/tablesc/cos-intres.html,5/5,Costa Rica - List of International Matches
/tablesc/cos-intres-2143det.html,2/2,Costa Rica - Details International Matches 1921-1943
/tablesc/cos-intres-det.html,2/2,Costa Rica - Details International Matches
/tablesc/cos-intres-detwcq.html,2/2,Costa Rica - Details of World Cup Matches
/tablesc/cos-names.html,1/21,Costa Rica - Name Changes
/tablesc/cos-tempint7172.html,0/2,?
/tablesc/cos-u17-05.html,0/2,?
/tablesc/cos-wom01.html,0/1,?
/tablesc/cos-wom02.html,0/1,?
/tablesc/cos-wom03.html,0/2,?
/tablesc/cos-wom04.html,4/3,Costa Rica (Women) 2003/04
/tablesc/cos-wom05.html,4/4,Costa Rica (Women) 2005
/tablesc/cos-wom06.html,4/4,Costa Rica (Women) 2006
/tablesc/cos-wom07.html,4/4,Costa Rica (Women) 2007
/tablesc/cos-wom08.html,4/4,Costa Rica (Women) 2007/08
/tablesc/cos-wom09.html,4/4,Costa Rica (Women) 2008/09
/tablesc/cos-wom2010.html,4/3,Costa Rica (Women) 2009/10
/tablesc/cos-wom2011.html,0/3,?
/tablesc/cos-wom2012.html,4/3,Costa Rica (Women) 2012
/tablesc/cos-wom2013.html,4/3,Costa Rica (Women) 2013/14
/tablesc/cos-wom2014.html,0/2,?
/tablesc/cos-wom2015.html,0/1,?
/tablesc/cos-wom2018.html,0/2,?
/tablesc/cos-wom2019.html,4/2,Costa Rica (Women) 2019
/tablesc/cos-wom2020.html,0/3,?
/tablesc/cos-wom2021.html,4/3,Costa Rica (Women) 2021
/tablesc/cos-wom2022.html,4/4,Costa Rica (Women) 2022
/tablesc/cos-wom2023.html,4/4,Costa Rica (Women) 2023
/tablesc/cos-wom2024.html,4/4,Costa Rica (Women) 2024
/tablesc/cos-wom2025.html,3/3,Costa Rica (Women) 2025
/tablesc/cos-womchamp.html,24/17,Costa Rica - List of Women Champions
/tablesc/cos00.html,5/4,Costa Rica 1999/2000
/tablesc/cos01.html,5/4,Costa Rica 2000/01
/tablesc/cos02.html,5/4,Costa Rica 2001/02
/tablesc/cos03.html,5/4,Costa Rica 2002/03
/tablesc/cos04.html,5/4,Costa Rica 2003/04
/tablesc/cos05.html,5/4,Costa Rica 2004/05
/tablesc/cos06.html,6/4,Costa Rica 2005/06
/tablesc/cos07.html,7/4,Costa Rica 2006/07
/tablesc/cos08.html,9/4,Costa Rica 2007/08
/tablesc/cos09.html,9/4,Costa Rica 2008/09
/tablesc/cos2010.html,9/4,Costa Rica 2009/10
/tablesc/cos2011.html,9/4,Costa Rica 2010/11
/tablesc/cos2012.html,9/4,Costa Rica 2011/12
/tablesc/cos2013.html,9/4,Costa Rica 2012/13
/tablesc/cos2014.html,9/5,Costa Rica 2013/14
/tablesc/cos2015.html,9/5,Costa Rica 2014/15
/tablesc/cos2016.html,9/5,Costa Rica 2015/16
/tablesc/cos2017.html,9/4,Costa Rica 2016/17
/tablesc/cos2018.html,9/4,Costa Rica 2017/18
/tablesc/cos2019.html,9/4,Costa Rica 2018/19
/tablesc/cos2020.html,10/5,Costa Rica 2019/20
/tablesc/cos2020det.html,2/1,Costa Rica 2019/20 - Primera División Match Details
/tablesc/cos2021.html,9/4,Costa Rica 2020/21
/tablesc/cos2022.html,9/4,Costa Rica 2021/22
/tablesc/cos2023.html,10/5,Costa Rica 2022/23
/tablesc/cos2024.html,10/5,Costa Rica 2023/24
/tablesc/cos2025.html,10/5,Costa Rica 2024/25
/tablesc/cos2026.html,9/6,Costa Rica 2025/26
/tablesc/cos21.html,4/3,Costa Rica 1921
/tablesc/cos22.html,5/4,Costa Rica 1922
/tablesc/cos23.html,5/4,Costa Rica 1923
/tablesc/cos24.html,5/4,Costa Rica 1924
/tablesc/cos25.html,6/5,Costa Rica 1925
/tablesc/cos26.html,6/5,Costa Rica 1926
/tablesc/cos27.html,5/4,Costa Rica 1927
/tablesc/cos28.html,6/5,Costa Rica 1928
/tablesc/cos29.html,6/5,Costa Rica 1929
/tablesc/cos2champ.html,1/104,Costa Rica - List of Second Division Champions
/tablesc/cos30.html,5/4,Costa Rica 1930
/tablesc/cos31.html,5/4,Costa Rica 1931
/tablesc/cos32.html,5/4,Costa Rica 1932
/tablesc/cos33.html,6/5,Costa Rica 1933
/tablesc/cos34.html,6/5,Costa Rica 1934
/tablesc/cos35.html,5/5,Costa Rica 1935
/tablesc/cos36.html,5/4,Costa Rica 1936
/tablesc/cos37.html,6/5,Costa Rica 1937
/tablesc/cos38.html,6/5,Costa Rica 1938
/tablesc/cos39.html,6/5,Costa Rica 1939
/tablesc/cos3champ.html,1/22,Costa Rica - List of Third Level Champions
/tablesc/cos40.html,5/4,Costa Rica 1940
/tablesc/cos41.html,6/5,Costa Rica 1941
/tablesc/cos42.html,5/4,Costa Rica 1942
/tablesc/cos43.html,5/4,Costa Rica 1943
/tablesc/cos44.html,6/5,Costa Rica 1944
/tablesc/cos45.html,6/5,Costa Rica 1945
/tablesc/cos46.html,5/4,Costa Rica 1946
/tablesc/cos47.html,6/5,Costa Rica 1947
/tablesc/cos48.html,6/5,Costa Rica 1948
/tablesc/cos49.html,6/5,Costa Rica 1949
/tablesc/cos50.html,6/5,Costa Rica 1950
/tablesc/cos51.html,5/4,Costa Rica 1951
/tablesc/cos52.html,5/4,Costa Rica 1952
/tablesc/cos53.html,5/4,Costa Rica 1953
/tablesc/cos54.html,6/4,Costa Rica 1954
/tablesc/cos55.html,6/5,Costa Rica 1955
/tablesc/cos56.html,6/4,Costa Rica 1956
/tablesc/cos57.html,5/4,Costa Rica 1957
/tablesc/cos58.html,5/4,Costa Rica 1958
/tablesc/cos59.html,7/5,Costa Rica 1959
/tablesc/cos60.html,6/5,Costa Rica 1960
/tablesc/cos61.html,6/5,Costa Rica 1961
/tablesc/cos62.html,5/4,Costa Rica 1962
/tablesc/cos63.html,6/7,Costa Rica 1963
/tablesc/cos64.html,5/4,Costa Rica 1964
/tablesc/cos65.html,5/5,Costa Rica 1965
/tablesc/cos66.html,5/4,Costa Rica 1966
/tablesc/cos67.html,5/6,Costa Rica 1967
/tablesc/cos68.html,5/4,Costa Rica 1968
/tablesc/cos69.html,5/4,Costa Rica 1969
/tablesc/cos70.html,5/5,Costa Rica 1960
/tablesc/cos71.html,5/5,Costa Rica 1971
/tablesc/cos72.html,6/6,Costa Rica 1972
/tablesc/cos73.html,5/5,Costa Rica 1973
/tablesc/cos74.html,5/6,Costa Rica 1974
/tablesc/cos75.html,6/6,Costa Rica 1975
/tablesc/cos76.html,5/5,Costa Rica 1976
/tablesc/cos77.html,5/6,Costa Rica 1977
/tablesc/cos78.html,5/5,Costa Rica 1978
/tablesc/cos79.html,5/5,Costa Rica 1979
/tablesc/cos80.html,5/4,Costa Rica 1980
/tablesc/cos81.html,5/3,Costa Rica 1981
/tablesc/cos82.html,5/3,Costa Rica 1982
/tablesc/cos83.html,5/5,Costa Rica 1983
/tablesc/cos84.html,5/4,Costa Rica 1984
/tablesc/cos85.html,5/3,Costa Rica 1985
/tablesc/cos86.html,5/4,Costa Rica 1986/87
/tablesc/cos87.html,5/3,Costa Rica 1987/88
/tablesc/cos88.html,5/3,Costa Rica 1988/89
/tablesc/cos89.html,5/3,Costa Rica 1989/90
/tablesc/cos91.html,5/4,Costa Rica 1990/91
/tablesc/cos93.html,5/4,Costa Rica 1992/93
/tablesc/cos95.html,5/4,Costa Rica 1994/95
/tablesc/cos96.html,6/5,Costa Rica 1995/96
/tablesc/cos97.html,5/5,Costa Rica 1996/97
/tablesc/cos98.html,5/5,Costa Rica 1997/98
/tablesc/cos99.html,5/4,Costa Rica 1998/99
/tablesc/cosafa.html,25/38,COSAFA Cup
/tablesc/cosafa-u17.html,0/3,?
/tablesc/cosafa-u20.html,0/2,?
/tablesc/cosafa-u23.html,0/2,?
/tablesc/cosafa-wom.html,1/3,COSAFA Women Tournaments
/tablesc/cosafa-wom-u17-2021.html,0/1,?
/tablesc/cosafa00.html,5/5,COSAFA Cup 2000
/tablesc/cosafa00-det.html,3/2,COSAFA Cup 2000 Details
/tablesc/cosafa01.html,5/4,COSAFA Cup 2001
/tablesc/cosafa01-det.html,3/2,COSAFA Cup 2001 Details
/tablesc/cosafa02.html,5/4,COSAFA Cup 2002
/tablesc/cosafa02-det.html,3/1,COSAFA Cup 2002 Details
/tablesc/cosafa03.html,5/4,COSAFA Cup 2003
/tablesc/cosafa03-det.html,3/1,COSAFA Cup 2003 Details
/tablesc/cosafa04.html,5/4,COSAFA Cup 2004
/tablesc/cosafa04-det.html,3/1,COSAFA Cup 2004 Details
/tablesc/cosafa05.html,5/4,COSAFA Cup 2005
/tablesc/cosafa05-det.html,3/1,COSAFA Cup 2005 Details
/tablesc/cosafa06.html,5/4,COSAFA Cup 2006
/tablesc/cosafa06-det.html,3/2,COSAFA Cup 2006 Details
/tablesc/cosafa07.html,5/4,COSAFA Cup 2007
/tablesc/cosafa07-det.html,3/1,COSAFA Cup 2007 Details
/tablesc/cosafa08.html,5/4,COSAFA Cup 2008
/tablesc/cosafa08-det.html,3/2,COSAFA Cup 2008 Details
/tablesc/cosafa09.html,4/3,COSAFA Cup 2009
/tablesc/cosafa2013.html,5/4,COSAFA Cup 2013
/tablesc/cosafa2013det.html,2/1,COSAFA Cup 2013 - Match Details
/tablesc/cosafa2015.html,5/4,COSAFA Cup 2015
/tablesc/cosafa2015det.html,2/2,COSAFA Cup 2015 - Match Details
/tablesc/cosafa2016.html,5/4,COSAFA Cup 2016
/tablesc/cosafa2016det.html,2/2,COSAFA Cup 2016 - Match Details
/tablesc/cosafa2017.html,5/4,COSAFA Cup 2017
/tablesc/cosafa2017det.html,2/2,COSAFA Cup 2017 - Match Details
/tablesc/cosafa2018.html,5/4,COSAFA Cup 2018
/tablesc/cosafa2018det.html,2/2,COSAFA Cup 2018 - Match Details
/tablesc/cosafa2019.html,5/4,COSAFA Cup 2019
/tablesc/cosafa2019det.html,2/2,COSAFA Cup 2019 - Match Details
/tablesc/cosafa2021.html,4/3,COSAFA Cup 2021
/tablesc/cosafa2022.html,4/3,COSAFA Cup 2022
/tablesc/cosafa2023.html,4/3,COSAFA Cup 2023
/tablesc/cosafa2024.html,4/3,COSAFA Cup 2024
/tablesc/cosafa2025.html,3/4,COSAFA Cup 2025
/tablesc/cosafa97.html,4/4,COSAFA Cup 1997
/tablesc/cosafa97-det.html,3/2,COSAFA Cup 1997 Details
/tablesc/cosafa98.html,5/4,COSAFA Cup 1998
/tablesc/cosafa98-det.html,3/2,COSAFA Cup 1998 Details
/tablesc/cosafa99.html,5/4,COSAFA Cup 1999
/tablesc/cosafa99-det.html,3/2,COSAFA Cup 1999 Details
/tablesc/cosalltime.html,1/23,Costa Rica - All-Time Table
/tablesc/coschamp.html,105/106,Costa Rica - List of Champions and Runners-Up
/tablesc/coscuphist.html,41/32,Costa Rica - List of Cup Winners and Runners Up
/tablesc/cosfound.html,1/21,Costa Rica - Foundation Dates of Clubs
/tablesc/cossupcuphist.html,3/2,Costa Rica - List of Super Cup Winners and Runners-Up
/tablesc/costaatlantica-u17-03.html,0/2,?
/tablesc/costaazul.html,1/2,Torneio Costa Azul (Setúbal) 1988-1989
/tablesc/costabrava.html,1/3,Trofeig Costa Brava
/tablesc/costacalida.html,1/2,"Trofeo Costa Cálida (San Javier, Murcia)"
/tablesc/costadelsol.html,1/4,Trofeo Costa del Sol (Málaga)
/tablesc/costadorada83.html,1/2,Trofeo Costa Dorada (Tarragona) 1983
/tablesc/costaluz.html,1/2,Trofeo Costa de la Luz (Rota-Cádiz)
/tablesc/costatropical.html,1/2,Trofeo Mancomunidad de Municipios de la Costa Tropical
/tablesc/costavalencia.html,1/2,Trofeo Costa de Valencia
/tablesc/costaverde.html,1/2,Trofeo Costa Verde (Gijón)
/tablesc/costops.html,1/3,Costa Rica - List of Topscorers
/tablesc/cotonou08.html,1/1,Tournoi international de football de Cotonou 2008
/tablesc/coupe-vdab.html,9/7,Coupe Vanden Abeele
/tablesc/coupe-vdsp.html,9/11,Coupe Van der Straeten Ponthoz
/tablesc/coupe0711.html,0/1,?
/tablesc/coupe0711-91.html,0/1,?
/tablesc/coupe0711-93.html,0/1,?
/tablesc/coupe0711-95.html,0/1,?
/tablesc/coupedesnations30.html,2/3,Coupe des Nations 1930
/tablesc/coventry95.html,0/1,?
/tablesc/cpc2019.html,0/1,?
/tablesc/cplp-u17-05.html,0/1,?
/tablesc/cracovia25-32.html,1/2,25th Anniversary KS Cracovia 1932
/tablesc/craib2012.html,1/1,ARR Craib Cup 2012 – Glasgow
/tablesc/crevillente.html,1/2,"Trofeo Enercoop (Crevillent, Alicante)"
/tablesc/cristal.html,1/2,Club Sporting Cristal S.A.
/tablesc/cristal50-06.html,0/1,?
/tablesc/cristaltour62.html,1/2,Sporting Cristal (Peru) world tour 1962
/tablesc/cristaluni.html,1/2,Universitario v Sporting Cristal
/tablesc/cristovaotrip38.html,1/3,São Cristóvão trip to Argentina and Chile 1938
/tablesc/cruijff-youth07.html,0/1,?
/tablesc/cruzeiropa-argtrip62.html,1/3,SC Cruzeiro (Porto Alegre) to Argentina 1962
/tablesc/cruzroja-argtrip34.html,1/2,Cruz Roja de Paraguay Combined Trip to Argentina 1934
/tablesc/crvena-zvezda.html,1/2,All-Time Record of FK Crvena zvezda Beograd
/tablesc/crvenazvezda-argtrip55.html,3/3,Crvena zvezda Trip to Argentina 1955
/tablesc/crvenazvezda-trip77.html,4/3,Australasian Trip of Crvena zvezda 1977
/tablesc/crvenazvezda-trip80.html,2/3,Australasian Trip of Crvena zvezda 1980
/tablesc/cs-javatour31.html,5/5,Java Trip of Combined Services (Singapore) 1931
/tablesc/csfr92.html,4/5,Czechoslovakia 1991/92
/tablesc/csfr93.html,5/5,Czechoslovakia 1992/93
/tablesc/cssa.html,6/10,CSSA Nations Cup
/tablesc/cuad-costarica77.html,0/2,?
/tablesc/cuad-lisboa53.html,1/6,Torneio Cuadrangular de Lisboa 1953
/tablesc/cuad-sanluis54.html,0/2,?
/tablesc/cuad-tucuman69.html,1/3,Cuadrangular de Tucumán 1969
/tablesc/cuadgrandes86.html,0/2,?
/tablesc/cuadmontevideo70.html,0/2,?
/tablesc/cuadmzasj-57.html,1/3,Cuadrangular Nocturno Mendoza/San Juan 1957
/tablesc/cuba-intres.html,3/4,Cuba - List of International Matches
/tablesc/cuba-intres-det30.html,2/2,Cuba - International Results Details 1930-1949
/tablesc/cuba-mextour36.html,0/2,?
/tablesc/cuba-unoff-intres.html,2/3,Cuba - List of Unofficial Matches 1930-1950
/tablesc/cuba-wom02.html,0/1,?
/tablesc/cuba-wom03.html,0/1,?
/tablesc/cuba-wom04.html,0/1,?
/tablesc/cuba-wom05.html,0/1,?
/tablesc/cuba-wom06.html,0/1,?
/tablesc/cuba-wom07.html,0/1,?
/tablesc/cuba-wom08.html,0/1,?
/tablesc/cuba-wom09.html,0/2,?
/tablesc/cuba-wom2014.html,4/2,Cuba (Women) 2014
/tablesc/cuba-wom2015.html,0/2,?
/tablesc/cuba-wom2016.html,0/1,?
/tablesc/cuba-wom2017.html,0/1,?
/tablesc/cuba-wom2018.html,0/1,?
/tablesc/cuba-wom2019.html,0/2,?
/tablesc/cuba-wom2022.html,4/3,Cuba (Women) 2022
/tablesc/cuba-wom2024.html,3/3,Cuba (Women) 2023/24
/tablesc/cuba-womchamp.html,17/4,Cuba - List of Women Champions
/tablesc/cuba00.html,4/4,Cuba 1999/2000
/tablesc/cuba01.html,4/3,Cuba 2000/01
/tablesc/cuba02.html,4/4,Cuba 2001/02
/tablesc/cuba03.html,4/3,Cuba 2002/03
/tablesc/cuba03a.html,4/3,Cuba 2003
/tablesc/cuba04.html,4/3,Cuba 2004/05
/tablesc/cuba05.html,4/4,Cuba 2005/06
/tablesc/cuba07.html,4/4,Cuba 2006/07
/tablesc/cuba08.html,4/4,Cuba 2007/08
/tablesc/cuba09.html,4/4,Cuba 2008/09
/tablesc/cuba12.html,3/2,Cuba 1911 and 1912
/tablesc/cuba16.html,5/2,Cuba 1916
/tablesc/cuba17.html,4/3,Cuba 1917
/tablesc/cuba2010.html,4/4,Cuba 2009/10
/tablesc/cuba2011.html,4/4,Cuba 2010/11
/tablesc/cuba2012.html,4/4,Cuba 2011/12
/tablesc/cuba2013.html,4/4,Cuba 2013
/tablesc/cuba2014.html,4/5,Cuba 2014
/tablesc/cuba2015.html,4/4,Cuba 2015
/tablesc/cuba2016.html,4/4,Cuba 2016
/tablesc/cuba2017.html,4/4,Cuba 2017
/tablesc/cuba2018.html,4/4,Cuba 2018
/tablesc/cuba2019.html,4/4,Cuba 2019
/tablesc/cuba2020.html,4/4,Cuba 2019
/tablesc/cuba2022.html,4/4,Cuba 2022
/tablesc/cuba2023.html,4/4,Cuba 2023
/tablesc/cuba2024.html,4/4,Cuba 2024
/tablesc/cuba2025.html,3/4,Cuba 2025
/tablesc/cuba23.html,5/3,Cuba 1922/23
/tablesc/cuba27.html,4/3,Cuba 1927
/tablesc/cuba29.html,5/2,Cuba 1929
/tablesc/cuba30.html,4/3,Cuba 1930
/tablesc/cuba31.html,5/3,Cuba 1931
/tablesc/cuba32.html,5/3,Cuba 1932
/tablesc/cuba33.html,5/3,Cuba 1933
/tablesc/cuba34.html,4/3,Cuba 1934
/tablesc/cuba40.html,4/3,Cuba 1940
/tablesc/cuba41.html,5/3,Cuba 1941
/tablesc/cuba44.html,5/3,Cuba 1944
/tablesc/cuba47.html,4/2,Cuba 1947
/tablesc/cuba48.html,5/4,Cuba 1948
/tablesc/cuba49.html,4/3,Cuba 1949
/tablesc/cuba51.html,4/2,Cuba 1951
/tablesc/cuba53.html,4/2,Cuba 1953
/tablesc/cuba55.html,4/3,Cuba 1954/55
/tablesc/cuba56.html,4/3,Cuba 1955/56
/tablesc/cuba60.html,4/2,Cuba 1960
/tablesc/cuba65.html,4/3,Cuba 1965
/tablesc/cuba66.html,4/5,Cuba 1966
/tablesc/cuba67.html,4/5,Cuba 1967
/tablesc/cuba68.html,4/5,Cuba 1968
/tablesc/cuba69.html,4/5,Cuba 1969
/tablesc/cuba70.html,4/5,Cuba 1970/71
/tablesc/cuba78.html,4/3,Cuba 1978/79
/tablesc/cuba79.html,4/3,Cuba 1979
/tablesc/cuba80.html,4/5,Cuba 1980
/tablesc/cuba81.html,4/3,Cuba 1981
/tablesc/cuba82.html,5/5,Cuba 1982
/tablesc/cuba83.html,4/3,Cuba 1983
/tablesc/cuba85.html,4/3,Cuba 1985
/tablesc/cuba92.html,4/3,Cuba 1992
/tablesc/cuba96.html,4/3,Cuba 1996
/tablesc/cuba97.html,4/4,Cuba 1997
/tablesc/cuba98.html,4/5,Cuba 1998
/tablesc/cubachamp.html,60/66,Cuba - List of Champions
/tablesc/cubafound.html,1/2,Cuba - List of Foundation Dates
/tablesc/cubatops.html,2/2,Cuba - List of Topscorers
/tablesc/cubaviet70.html,0/2,?
/tablesc/cucineberloni05.html,1/1,Trofeo Cucine Berloni 2005 (Bolzano)
/tablesc/cuernavaca92.html,0/2,?
/tablesc/culille.html,3/4,Tournoi de la Communauté Urbaine de Lille
/tablesc/cullarvega.html,1/2,Trofeo Memorial Valerio Cabrera (Cúllar Vega-Granada)
/tablesc/curacao-wom2016.html,0/1,?
/tablesc/curacao-wom2022.html,4/2,Curaçao (Women) 2021/22
/tablesc/curacao-wom2025.html,3/2,Curaçao (Women) 2025
/tablesc/curacao2011.html,5/4,Curaçao 2010/11
/tablesc/curacao2012.html,4/4,Curaçao 2012
/tablesc/curacao2013.html,4/4,Curaçao 2013
/tablesc/curacao2014.html,4/4,Curaçao 2014
/tablesc/curacao2015.html,4/4,Curaçao 2015
/tablesc/curacao2016.html,4/4,Curaçao 2016
/tablesc/curacao2017.html,4/4,Curaçao 2017
/tablesc/curacao2018.html,4/5,Curaçao 2017/18
/tablesc/curacao2019.html,4/5,Curaçao 2018/19
/tablesc/curacao2020.html,5/4,Curaçao 2019/20
/tablesc/curacao2021.html,5/4,Curaçao 2021
/tablesc/curacao2022.html,5/4,Curaçao 2022
/tablesc/curacao2024.html,5/4,Curaçao 2023/24
/tablesc/curacao2025.html,5/4,Curaçao 2025
/tablesc/curacao2026.html,4/4,Curaçao 2025/26
/tablesc/curacaochamp.html,83/91,Curaçao - List of Champions
/tablesc/curacaocuphist.html,7/10,Curaçao - List of Cup Winners
/tablesc/curitiba-summer.html,0/2,?
/tablesc/curtidores-amtrip75.html,1/2,Central and South American Trip of Unión de Curtidores (León) 1975
/tablesc/cvb25jaar46.html,9/6,C.V.B. Silver Jubilee Tournament 1946 (Willemstad)
/tablesc/cvb30jaar51.html,2/3,C.V.B. 30th Anniversary Tournament 1951 (Willemstad)
/tablesc/cyp-intres.html,3/4,Cyprus - International Matches - Overview
/tablesc/cyp-intres-det.html,2/2,Cyprus - Details of International Matches
/tablesc/cyp-wom08.html,0/2,?
/tablesc/cyp-wom2012.html,5/3,Cyprus (Women) 2011/12
/tablesc/cyp-wom2013.html,5/4,Cyprus (Women) 2012/13
/tablesc/cyp-wom2014.html,5/5,Cyprus (Women) 2013/14
/tablesc/cyp-wom2015.html,5/5,Cyprus (Women) 2014/15
/tablesc/cyp-wom2016.html,5/5,Cyprus (Women) 2015/16
/tablesc/cyp-wom2017.html,5/5,Cyprus (Women) 2016/17
/tablesc/cyp-wom2018.html,5/5,Cyprus (Women) 2017/18
/tablesc/cyp-wom2019.html,5/5,Cyprus (Women) 2018/19
/tablesc/cyp-wom2020.html,5/5,Cyprus (Women) 2019/20
/tablesc/cyp-wom2021.html,5/5,Cyprus (Women) 2020/21
/tablesc/cyp-wom2022.html,5/5,Cyprus (Women) 2021/22
/tablesc/cyp-wom2023.html,5/5,Cyprus (Women) 2022/23
/tablesc/cyp-wom2024.html,5/6,Cyprus (Women) 2023/24
/tablesc/cyp-wom2025.html,4/3,Cyprus (Women) 2024/25
/tablesc/cyp-wom99.html,0/1,?
/tablesc/cyp-womchamp.html,17/15,Cyprus - List of Women Champions
/tablesc/cyp-womcuphist.html,12/16,Cyprus - List of Women Cup Winners
/tablesc/cyp00.html,7/17,Cyprus 1999/2000
/tablesc/cyp01.html,7/16,Cyprus 2000/01
/tablesc/cyp02.html,7/16,Cyprus 2001/02
/tablesc/cyp03.html,7/16,Cyprus 2002/03
/tablesc/cyp04.html,7/16,Cyprus 2003/04
/tablesc/cyp05.html,7/16,Cyprus 2004/05
/tablesc/cyp06.html,7/16,Cyprus 2005/06
/tablesc/cyp07.html,7/16,Cyprus 2006/07
/tablesc/cyp08.html,7/16,Cyprus 2007/08
/tablesc/cyp09.html,7/18,Cyprus 2008/09
/tablesc/cyp1part.html,91/5,Cyprus - Participations per club at Cypriot First Division
/tablesc/cyp2010.html,7/18,Cyprus 2009/10
/tablesc/cyp2011.html,7/18,Cyprus 2010/11
/tablesc/cyp2012.html,7/18,Cyprus 2011/12
/tablesc/cyp2013.html,7/18,Cyprus 2012/13
/tablesc/cyp2014.html,7/18,Cyprus 2013/14
/tablesc/cyp2015.html,7/18,Cyprus 2014/15
/tablesc/cyp2016.html,7/18,Cyprus 2015/16
/tablesc/cyp2017.html,7/18,Cyprus 2016/17
/tablesc/cyp2018.html,7/18,Cyprus 2017/18
/tablesc/cyp2019.html,7/18,Cyprus 2018/19
/tablesc/cyp2020.html,7/18,Cyprus 2019/20
/tablesc/cyp2021.html,7/17,Cyprus 2020/21
/tablesc/cyp2022.html,7/18,Cyprus 2021/22
/tablesc/cyp2023.html,7/8,Cyprus 2022/23
/tablesc/cyp2024.html,7/8,Cyprus 2023/24
/tablesc/cyp2025.html,7/8,Cyprus 2024/25
/tablesc/cyp2026.html,6/9,Cyprus 2025/26
/tablesc/cyp22.html,0/1,?
/tablesc/cyp23.html,0/1,?
/tablesc/cyp2all.html,71/4,Cypriot Second Division - Participating and promoted teams per season
/tablesc/cyp2champ.html,77/7,Cyprus - List of Cypriot Second Division Champions
/tablesc/cyp2part.html,74/7,Cyprus - Participations per club at Cypriot Second Division
/tablesc/cyp31.html,6/1,Cyprus 1930/31
/tablesc/cyp33.html,7/3,Cyprus 1932/33
/tablesc/cyp34cuphist.html,16/3,Cyprus - List of Third and Fourth Level Cup Finals
/tablesc/cyp34cuppart.html,16/2,Cyprus - Participations per club and per division at Cypriot Third and Fourth Level Cup
/tablesc/cyp35.html,7/9,Cyprus 1934/35
/tablesc/cyp36.html,7/9,Cyprus 1935/36
/tablesc/cyp37.html,7/9,Cyprus 1936/37
/tablesc/cyp38.html,7/9,Cyprus 1937/38
/tablesc/cyp39.html,7/9,Cyprus 1938/39
/tablesc/cyp3champ.html,61/6,Cyprus - List of Cypriot Third Division Champions
/tablesc/cyp3part.html,56/6,Cyprus - Participations per club at Cypriot Third Division
/tablesc/cyp40.html,7/9,Cyprus 1939/40
/tablesc/cyp41.html,7/9,Cyprus 1940/41
/tablesc/cyp45.html,7/9,Cyprus 1944/45
/tablesc/cyp46.html,7/9,Cyprus 1945/46
/tablesc/cyp47.html,7/9,Cyprus 1946/47
/tablesc/cyp48.html,7/9,Cyprus 1947/48
/tablesc/cyp49.html,7/9,Cyprus 1948/49
/tablesc/cyp4champ.html,46/6,Cyprus - List of Cypriot Fourth Level Champions
/tablesc/cyp4part.html,42/6,Cyprus - Participations per club at Cypriot Fourth Level
/tablesc/cyp50.html,7/9,Cyprus 1949/50
/tablesc/cyp51.html,7/9,Cyprus 1950/51
/tablesc/cyp52.html,7/9,Cyprus 1951/52
/tablesc/cyp53.html,7/9,Cyprus 1952/53
/tablesc/cyp54.html,7/12,Cyprus 1953/54
/tablesc/cyp55.html,7/13,Cyprus 1954/55
/tablesc/cyp56.html,7/11,Cyprus 1955/56
/tablesc/cyp57.html,7/11,Cyprus 1956/57
/tablesc/cyp58.html,7/10,Cyprus 1957/58
/tablesc/cyp59.html,7/4,Cyprus 1958/59
/tablesc/cyp60.html,7/10,Cyprus 1959/60
/tablesc/cyp61.html,7/10,Cyprus 1960/61
/tablesc/cyp62.html,7/12,Cyprus 1961/62
/tablesc/cyp63.html,7/12,Cyprus 1962/63
/tablesc/cyp64.html,7/10,Cyprus 1963/64
/tablesc/cyp65.html,7/12,Cyprus 1964/65
/tablesc/cyp66.html,7/12,Cyprus 1965/66
/tablesc/cyp67.html,8/12,Cyprus 1966/67
/tablesc/cyp68.html,9/12,Cyprus 1967/68
/tablesc/cyp69.html,10/11,Cyprus 1968/69
/tablesc/cyp70.html,10/12,Cyprus 1969/70
/tablesc/cyp71.html,10/15,Cyprus 1970/71
/tablesc/cyp72.html,10/14,Cyprus 1971/72
/tablesc/cyp73.html,10/14,Cyprus 1972/73
/tablesc/cyp74.html,8/14,Cyprus 1973/74
/tablesc/cyp75.html,8/13,Cyprus 1974/75
/tablesc/cyp76.html,7/14,Cyprus 1975/76
/tablesc/cyp77.html,7/14,Cyprus 1976/77
/tablesc/cyp78.html,7/14,Cyprus 1977/78
/tablesc/cyp79.html,7/14,Cyprus 1978/79
/tablesc/cyp80.html,7/14,Cyprus 1979/80
/tablesc/cyp81.html,7/15,Cyprus 1980/81
/tablesc/cyp82.html,7/15,Cyprus 1981/82
/tablesc/cyp83.html,7/15,Cyprus 1982/83
/tablesc/cyp84.html,7/15,Cyprus 1983/84
/tablesc/cyp85.html,7/15,Cyprus 1984/85
/tablesc/cyp86.html,7/17,Cyprus 1985/86
/tablesc/cyp87.html,7/17,Cyprus 1986/87
/tablesc/cyp88.html,7/17,Cyprus 1987/88
/tablesc/cyp89.html,7/17,Cyprus 1988/89
/tablesc/cyp90.html,7/17,Cyprus 1989/90
/tablesc/cyp91.html,7/17,Cyprus 1990/91
/tablesc/cyp92.html,7/17,Cyprus 1991/92
/tablesc/cyp93.html,7/17,Cyprus 1992/93
/tablesc/cyp94.html,7/17,Cyprus 1993/94
/tablesc/cyp95.html,7/17,Cyprus 1994/95
/tablesc/cyp96.html,7/17,Cyprus 1995/96
/tablesc/cyp97.html,7/18,Cyprus 1996/97
/tablesc/cyp98.html,7/18,Cyprus 1997/98
/tablesc/cyp99.html,7/17,Cyprus 1998/99
/tablesc/cypalltime.html,1/3,Cyprus - All-Time Table
/tablesc/cypchamp.html,91/100,Cyprus - List of Champions
/tablesc/cypcuphist.html,85/97,Cyprus - List of Cup Finals
/tablesc/cypcuphistfull.html,2/3,Cyprus - Cup History
/tablesc/cypcuppart.html,82/3,Cyprus - Participations per club and per division at Cypriot Cup
/tablesc/cypfound.html,1/2,Cyprus Foundation Dates
/tablesc/cyphist.html,85/94,Cyprus - List of Final Tables 1931-1934
/tablesc/cypplall.html,1/3,Cyprus - Clubwise Final Placings
/tablesc/cypr-intltourn.html,0/2,?
/tablesc/cypr-intltourn97.html,3/2,Cyprus International Tournament 1997
/tablesc/cypr-intltourn98.html,0/2,?
/tablesc/cypsupcuphist.html,3/94,Cyprus - List of Super Cup Finals
/tablesc/cyptops.html,86/2,Cyprus - List of Topscorers
/tablesc/czysterpiller71.html,0/2,?
